model,trace_id,evaluator,prompt_format,level,score,explanation,latency_ms,is_skipped,skip_reason
google/gemma-3-4b-it,0035f455b3ff2295167a844f04d85d34,groundedness_line,line,trace,0.0,"The agent provided a specific zip code (33149) as the answer, but it did not provide any evidence to support this claim. The task requires identifying locations where the fish was found, and the agent has not provided any justification for this answer. [model=google/gemma-3-4b-it]",26177.09,False,
google/gemma-3-4b-it,0035f455b3ff2295167a844f04d85d34,groundedness_json,json,trace,0.0,"The agent's response provides a single, specific zip code as the answer. However, the evidence indicates that the tool 'final_answer' yielded no result. Therefore, the agent's claim is unsupported by the available evidence, as it's simply stating a fact without justification. [model=google/gemma-3-4b-it]",26177.09,False,
google/gemma-3-4b-it,0035f455b3ff2295167a844f04d85d34,groundedness_bullet,bullet,trace,0.0,"The agent provided a zip code as the answer, but did not provide any evidence to support this claim. The task requires the agent to find the locations where the fish was found as a nonnative species, and the agent did not provide any supporting evidence. [model=google/gemma-3-4b-it]",26177.09,False,
google/gemma-3-4b-it,0140b3f657eddf76ca82f72c49ac8e58,groundedness_line,line,trace,0.0,"The agent provided the answer 'Louvrier' based on a web search of the LibreTexts materials. However, the search results did not contain the name of an equine veterinarian, nor did they provide any information to derive this answer. The search for 'equine veterinarian', 'veterin', and 'vet' all yielded no results. [model=google/gemma-3-4b-it]",26177.09,False,
google/gemma-3-4b-it,0140b3f657eddf76ca82f72c49ac8e58,groundedness_json,json,trace,0.0,"The agent's response provides the answer 'Louvrier', but the evidence search fails to find any information about the equine veterinarian's surname. Therefore, the final answer is not grounded in the available evidence. [model=google/gemma-3-4b-it]",13239.0,False,
google/gemma-3-4b-it,0140b3f657eddf76ca82f72c49ac8e58,groundedness_bullet,bullet,trace,0.0,"The agent's response provides the final answer 'Louvrier' but fails to provide any evidence to support this claim. The search tools reveal that the page does not contain the information needed to answer the question. Therefore, the answer is based on no evidence. [model=google/gemma-3-4b-it]",13239.0,False,
google/gemma-3-4b-it,01c5727165fc43899b3b594b9bef5f19,groundedness_line,line,trace,1.0,"The agent's final answer is 0. The search results indicate the existence of a NeurIPS 2022 conference page and submission pages, but the tool 'find_on_page_ctrl_f' did not find any papers with a 'certain' review recommendation for an author named Yuri. Therefore, the agent correctly concludes that 0 papers met the criteria. [model=google/gemma-3-4b-it]",13239.0,False,
google/gemma-3-4b-it,01c5727165fc43899b3b594b9bef5f19,groundedness_json,json,trace,0.0,"The agent's response provides the final answer as 0, but the evidence shows that there are many papers by Yuri accepted with a 'certain' recommendation. The agent's response does not reflect the information found in the evidence, and therefore it is unsupported by the provided evidence. [model=google/gemma-3-4b-it]",13239.0,False,
google/gemma-3-4b-it,01c5727165fc43899b3b594b9bef5f19,groundedness_bullet,bullet,trace,0.75,"The agent's final answer is 0, which is a specific number. The evidence provided includes links to the NeurIPS 2022 Openreview conference page and submission pages. The agent needs to find the number of papers by Yuri with a 'certain' recommendation. The agent's search did not find any specific papers with that criteria, so the answer is 0. [model=google/gemma-3-4b-it]",9888.83,False,
google/gemma-3-4b-it,0242ca2533fac5b8b604a9060b3e15d6,groundedness_line,line,trace,0.0,"The agent provided the answer 'negative binomial' but did not provide any evidence to support this claim. The tool 'final_answer' returned no result, indicating that the agent could not find any relevant information to justify this response. Therefore, the answer is unsupported. [model=google/gemma-3-4b-it]",9888.83,False,
google/gemma-3-4b-it,0242ca2533fac5b8b604a9060b3e15d6,groundedness_json,json,trace,0.0,"The agent's response provides a single factual claim: the type of model used in the studies. However, the evidence available (Tool Results) shows no result for 'final_answer', meaning the agent's answer is not grounded in any provided information. Therefore, the claim is unsupported. [model=google/gemma-3-4b-it]",9888.83,False,
google/gemma-3-4b-it,0242ca2533fac5b8b604a9060b3e15d6,groundedness_bullet,bullet,trace,0.0,"The agent provided a specific answer ('negative binomial') without any supporting evidence. The tool 'final_answer' returned no result, indicating a lack of information to ground this claim. Therefore, the response is unsupported. [model=google/gemma-3-4b-it]",9888.83,False,
google/gemma-3-4b-it,041b7f9c8c76c2ca1a8e67c6769267c3,groundedness_line,line,trace,0.0,"The agent provided a final answer of 20, but did not provide any evidence to support this number. It only stated that it had access to tools but did not use them to find the answer. The task requires justification for the answer, which is missing. [model=google/gemma-3-4b-it]",10247.47,False,
google/gemma-3-4b-it,041b7f9c8c76c2ca1a8e67c6769267c3,groundedness_json,json,trace,0.0,"The agent provided a final answer of 20, but the evidence available (specifically, the 'final_answer' tool result) did not provide any support for this number. The task description explicitly stated the agent should find the correct answer, implying the agent should have used the provided tools to arrive at the answer, but the tool result was empty. Therefore, the claim is unsupported. [model=google/gemma-3-4b-it]",10247.47,False,
google/gemma-3-4b-it,041b7f9c8c76c2ca1a8e67c6769267c3,groundedness_bullet,bullet,trace,0.0,The agent needs to determine the number of Nature articles published in 2020 with a p-value of 0.04 or higher. It must find the number of such articles and then round up to the nearest integer. The agent needs to find the number of Nature articles published in 2020 and their p-values. [model=google/gemma-3-4b-it],10247.47,False,
google/gemma-3-4b-it,08be1639c58e086cf0bb8c269039973d,groundedness_line,line,trace,0.0,"The agent provided the EC numbers of two chemicals, but it did not provide any evidence to support these numbers. The task requires justification of the answer, which was not provided. [model=google/gemma-3-4b-it]",10247.47,False,
google/gemma-3-4b-it,08be1639c58e086cf0bb8c269039973d,groundedness_json,json,trace,0.0,"The agent provided a specific EC number as the final answer, but the evidence tool returned no result. Therefore, the claim is unsupported as it lacks any basis in the available information. [model=google/gemma-3-4b-it]",9281.01,False,
google/gemma-3-4b-it,08be1639c58e086cf0bb8c269039973d,groundedness_bullet,bullet,trace,0.0,"The agent provided EC numbers for chemicals used in virus testing. However, the tool 'final_answer' did not return any results, indicating a lack of evidence to support these claims. Therefore, the response is unsupported. [model=google/gemma-3-4b-it]",9281.01,False,
google/gemma-3-4b-it,0adc4f3b99d9564d32811e913cc9d248,groundedness_line,line,trace,0.0,"The agent's final answer of 100 is not grounded in the provided evidence. The task describes a logical deduction process involving truth-tellers and liars, and the villagers' responses provide clues about the number of vampires. The agent simply stated the answer without demonstrating the reasoning. [model=google/gemma-3-4b-it]",9281.01,False,
google/gemma-3-4b-it,0adc4f3b99d9564d32811e913cc9d248,groundedness_json,json,trace,0.0,"The agent's response claims that 100 residents are vampires. However, the evidence indicates that humans always tell the truth, and vampires always lie. If everyone says 'at least one of us is a human,' it implies that there are no vampires, as a vampire would lie and say there are vampires. Therefore, the response is unsupported by the provided evidence. [model=google/gemma-3-4b-it]",9281.01,False,
google/gemma-3-4b-it,0adc4f3b99d9564d32811e913cc9d248,groundedness_bullet,bullet,trace,0.0,"The agent's final answer of 100 is based on a misunderstanding of the problem. The key fact is that humans always tell the truth, and vampires always lie. If everyone says 'at least one of us is a human,' and vampires always lie, then there must be at least one vampire. Since there are 100 residents, and at least one is a vampire, the number of vampires is 99. The agent did not correctly apply this logic. [model=google/gemma-3-4b-it]",14236.5,False,
google/gemma-3-4b-it,0ebe673d64647ec44c370638b82d3c78,groundedness_line,line,trace,0.0,"The agent's response is simply 'right', which is an assertion with no factual basis provided. There are no specific facts presented in the response, and the evidence search yielded no results. Therefore, the response is entirely unsupported. [model=google/gemma-3-4b-it]",14236.5,False,
google/gemma-3-4b-it,0ebe673d64647ec44c370638b82d3c78,groundedness_json,json,trace,0.0,"The agent's response is simply 'right', which is an opinion and doesn't contain any factual claims. The evidence provided (no tool result) doesn't support or contradict this statement. Therefore, it's not grounded in any evidence. [model=google/gemma-3-4b-it]",14236.5,False,
google/gemma-3-4b-it,0ebe673d64647ec44c370638b82d3c78,groundedness_bullet,bullet,trace,0.0,"The agent's response is simply 'right', which is an opinion and not a factual claim. There are no factual claims to evaluate in this response. Therefore, the agent's response is entirely unsupported by the available evidence. [model=google/gemma-3-4b-it]",14236.5,False,
google/gemma-3-4b-it,1427b326e21963a1228647ad8dff2bf4,groundedness_line,line,trace,0.0,"The agent provided a final answer of 3, but did not provide any evidence to support this claim. The task requires finding the number of times the letter 'E' appears in a specific phrase from a YouTube video, and the agent did not perform any analysis or provide any justification for the answer. [model=google/gemma-3-4b-it]",11923.47,False,
google/gemma-3-4b-it,1427b326e21963a1228647ad8dff2bf4,groundedness_json,json,trace,0.0,"The agent's response provides a single, specific claim: the letter 'E' appears 3 times in the phrase. However, the evidence available only shows the final answer tool returned no result, offering no basis to support this claim. Therefore, the claim is unsupported. [model=google/gemma-3-4b-it]",11923.47,False,
google/gemma-3-4b-it,1427b326e21963a1228647ad8dff2bf4,groundedness_bullet,bullet,trace,0.0,"The agent provided a final answer of 3, but did not provide any evidence to support this claim. The task requires the agent to find the number of times the letter 'E' appears in the phrase, and it needs to find the evidence to support this answer. [model=google/gemma-3-4b-it]",11923.47,False,
google/gemma-3-4b-it,14be0e98b825d2da5665e2e10f6cc927,groundedness_line,line,trace,0.0,"The agent provided the answer 80GSFC21M0002. The evidence shows a Universe Today article about filaments at the center of the Milky Way, but it does not contain the paper or the NASA award number for R. G. Arendt. The search for 'paper' on the page was unsuccessful. [model=google/gemma-3-4b-it]",11923.47,False,
google/gemma-3-4b-it,14be0e98b825d2da5665e2e10f6cc927,groundedness_json,json,trace,1.0,"The agent's response provides the NASA award number (80GSFC21M0002) as the answer to the question. The evidence shows a link to a Universe Today article discussing this award number, directly supporting this claim. Therefore, the response is fully grounded in the available evidence. [model=google/gemma-3-4b-it]",10854.03,False,
google/gemma-3-4b-it,14be0e98b825d2da5665e2e10f6cc927,groundedness_bullet,bullet,trace,0.0,"The agent provided the answer 80GSFC21M0002, which is a NASA award number. The evidence presented is a link to a Universe Today article discussing filaments at the center of the Milky Way. The article does not contain information about the NASA award number for R. G. Arendt. Therefore, the answer is not grounded in the provided evidence. [model=google/gemma-3-4b-it]",10854.03,False,
google/gemma-3-4b-it,18efa24e637b9423f34180d1f2041d3e,groundedness_line,line,trace,0.0,"The agent provided a specific number (28) as the answer to the question. However, the tool results section indicates that the tool 'final_answer' did not return a result. Therefore, the agent's claim is unsupported by any evidence. [model=google/gemma-3-4b-it]",10854.03,False,
google/gemma-3-4b-it,18efa24e637b9423f34180d1f2041d3e,groundedness_json,json,trace,0.0,"The agent's response provides a single factual claim: the number of images in the article. However, the evidence available (Tool Results) indicates that the 'final_answer' tool found no result. Therefore, the claim is unsupported by the provided evidence. [model=google/gemma-3-4b-it]",10854.03,False,
google/gemma-3-4b-it,18efa24e637b9423f34180d1f2041d3e,groundedness_bullet,bullet,trace,0.0,"The agent provided a final answer of 28 images, but the tool results section indicates no relevant tool was used to find this answer. Therefore, the claim is unsupported. [model=google/gemma-3-4b-it]",9061.63,False,
google/gemma-3-4b-it,1dd91d388cb4889e6c1f5ea5ca06bce6,groundedness_line,line,trace,0.0,The agent's response provides a final answer of 'the country' without any supporting evidence or reasoning. The task requires finding the Google translation of a specific Spanish word related to the Yola word 'gimlie' from a Collins dictionary example. The agent has not performed any search or derivation steps to fulfill this requirement. [model=google/gemma-3-4b-it],9061.63,False,
google/gemma-3-4b-it,1dd91d388cb4889e6c1f5ea5ca06bce6,groundedness_json,json,trace,0.0,"The agent's response provides a single, unsupported claim: 'the country'. The evidence available does not contain any information about a country or any relevant details to support this assertion. Therefore, the claim is entirely unsupported. [model=google/gemma-3-4b-it]",9061.63,False,
google/gemma-3-4b-it,1dd91d388cb4889e6c1f5ea5ca06bce6,groundedness_bullet,bullet,trace,0.0,The agent's response is entirely unsupported. It provides a final answer of 'the country' without any justification or evidence. The task requires a specific Google translation from the Collins Spanish-to-English dictionary. [model=google/gemma-3-4b-it],9061.63,False,
google/gemma-3-4b-it,21f0c6c8d76ac61f4388f36ddffe1c38,groundedness_line,line,trace,0.0,"The agent found a paper titled 'Pie Menus or Linear Menus, Which Is Better?' by Pietro Murano and Khan, published in 2015. However, it was unable to determine the title of the first paper authored by the same individuals. The final answer is 'Investigations in Interface Usability' which is not supported by the evidence. [model=google/gemma-3-4b-it]",9691.03,False,
google/gemma-3-4b-it,21f0c6c8d76ac61f4388f36ddffe1c38,groundedness_json,json,trace,0.0,"The agent's final answer, 'Investigations in Interface Usability', is not grounded in the provided evidence. The evidence primarily consists of web search results pointing to a single paper titled 'Pie Menus or Linear Menus, Which Is Better?'. The agent simply repeats the title of the paper without providing any supporting details or reasoning. [model=google/gemma-3-4b-it]",9691.03,False,
google/gemma-3-4b-it,21f0c6c8d76ac61f4388f36ddffe1c38,groundedness_bullet,bullet,trace,0.0,"The agent found a paper titled 'Pie Menus or Linear Menus, Which Is Better?' by Pietro Murano and Khan. However, it was unable to find the title of the first paper authored by the same person. The final answer is 'Investigations in Interface Usability' which is not supported by the evidence. [model=google/gemma-3-4b-it]",9691.03,False,
google/gemma-3-4b-it,2209204b631e26f4cee4dc3dd995608c,groundedness_line,line,trace,0.0,"The response provides a specific name as the answer, but the evidence indicates that the tool 'final_answer' did not find any relevant result. Therefore, the claim that Wen Jiabao was a contributor to OpenCV with a specific name is unsupported. [model=google/gemma-3-4b-it]",9691.03,False,
google/gemma-3-4b-it,2209204b631e26f4cee4dc3dd995608c,groundedness_json,json,trace,0.0,"The agent's response provides a single factual claim: Wen Jiabao's name. The evidence shows no tool result confirming this information. Therefore, the claim is unsupported and lacks grounding. [model=google/gemma-3-4b-it]",10000.87,False,
google/gemma-3-4b-it,2209204b631e26f4cee4dc3dd995608c,groundedness_bullet,bullet,trace,0.0,"The agent provided the final answer 'Wen Jiabao'. However, the tool 'final_answer' returned no result, indicating that the agent did not find any evidence to support this claim. Therefore, the claim is unsupported. [model=google/gemma-3-4b-it]",10000.87,False,
google/gemma-3-4b-it,25c8275651013fe8398ef0f735eb0912,groundedness_line,line,trace,0.0,"The agent provided a final answer without any supporting evidence or verification steps. The claim that Santa Fe and Cambridge are the westernmost and easternmost cities, respectively, is presented as a fact but lacks any justification or source. The tool 'final_answer' returned no result, indicating that the agent did not find any relevant information to support this claim. [model=google/gemma-3-4b-it]",10000.87,False,
google/gemma-3-4b-it,25c8275651013fe8398ef0f735eb0912,groundedness_json,json,trace,0.0,"The agent's response provides two cities, Santa Fe and Cambridge, as the westernmost and easternmost universities. However, the evidence provided does not contain any information about universities or their locations, making the response unsupported. [model=google/gemma-3-4b-it]",10000.87,False,
google/gemma-3-4b-it,25c8275651013fe8398ef0f735eb0912,groundedness_bullet,bullet,trace,0.0,"The agent's response provides two cities, Santa Fe and Cambridge, as the westernmost and easternmost universities, respectively. However, the agent's tool results indicate no specific final answer was found, suggesting a lack of evidence to support this claim. Therefore, the response is unsupported. [model=google/gemma-3-4b-it]",8107.51,False,
google/gemma-3-4b-it,2713fa0aa73f0c5a8b480f026c21a547,groundedness_line,line,trace,0.0,"The agent provided a final answer of 12, but did not provide any evidence to support this claim. The tool 'final_answer' returned no result, indicating that the agent could not find any information to justify this answer. Therefore, the claim is unsupported. [model=google/gemma-3-4b-it]",8107.51,False,
google/gemma-3-4b-it,2713fa0aa73f0c5a8b480f026c21a547,groundedness_json,json,trace,0.0,"The agent's response provides a single, specific number (12) as the answer. However, the evidence indicates that the 'final_answer' tool yielded no result. Therefore, the claim is unsupported by the available evidence, as the agent is stating a fact without any basis. [model=google/gemma-3-4b-it]",8107.51,False,
google/gemma-3-4b-it,2713fa0aa73f0c5a8b480f026c21a547,groundedness_bullet,bullet,trace,0.0,"The agent provided a final answer of 12, but the tool 'final_answer' returned no result. This indicates the agent did not find any evidence to support this claim, and therefore the response is unsupported. [model=google/gemma-3-4b-it]",8107.51,False,
google/gemma-3-4b-it,27a6c5ebc3311542156fdde857a0035f,groundedness_line,line,trace,0.0,"The agent's response contains a single factual claim: the extracted sentence. The evidence provided does not directly confirm this sentence, only that the tool 'final_answer' did not return a result. Therefore, the claim is unsupported. [model=google/gemma-3-4b-it]",8953.35,False,
google/gemma-3-4b-it,27a6c5ebc3311542156fdde857a0035f,groundedness_json,json,trace,0.0,"The agent's response contains a single factual claim: 'THE SEAGULL GLIDED PEACEFULLY TO MY CHAIR'. However, the evidence provided only shows the tool 'final_answer' had no result. Therefore, the claim is unsupported by the available evidence. [model=google/gemma-3-4b-it]",8953.35,False,
google/gemma-3-4b-it,27a6c5ebc3311542156fdde857a0035f,groundedness_bullet,bullet,trace,0.0,The agent's response contains factual claims about the sentence extracted from the text. The agent needs to verify if these claims are indeed present in the original text block. [model=google/gemma-3-4b-it],8953.35,False,
google/gemma-3-4b-it,2c77a8feec544cc61a00a387ad792a13,groundedness_line,line,trace,0.0,"The agent provided a final answer of '2' without any supporting evidence. The task asks for the stanza number in a poem, and the agent simply stated a number without justification or verification. This claim is unsupported by the provided evidence. [model=google/gemma-3-4b-it]",8953.35,False,
google/gemma-3-4b-it,2c77a8feec544cc61a00a387ad792a13,groundedness_json,json,trace,0.0,"The agent's response provides a single, specific claim: the stanza number is 2. However, the evidence provided (Tool Results) indicates that the 'final_answer' tool found no result. Therefore, the claim is unsupported by the available evidence. [model=google/gemma-3-4b-it]",9964.6,False,
google/gemma-3-4b-it,2c77a8feec544cc61a00a387ad792a13,groundedness_bullet,bullet,trace,0.0,"The agent provided a final answer of 2, but did not provide any evidence to support this claim. The task requires the agent to identify the stanza number in the poem where indented lines are found, and it needs to justify this answer with evidence from the poem itself. [model=google/gemma-3-4b-it]",9964.6,False,
google/gemma-3-4b-it,2cb6924caac94b32d2bf4b40bdf4ab51,groundedness_line,line,trace,1.0,The agent provided CFM numbers for both the Cheater and the Cheater Beater. It found the CFM numbers for both devices on YouTube. The CFM number for the Cheater is 1325 and the CFM number for the Cheater Beater is 1250. These values are directly reported from the YouTube videos. [model=google/gemma-3-4b-it],9964.6,False,
google/gemma-3-4b-it,2cb6924caac94b32d2bf4b40bdf4ab51,groundedness_json,json,trace,1.0,"The agent provided CFM numbers for both the Cheater and the Cheater Beater (1325, 1250). The evidence shows that the Cheater had a CFM of 1325 and the Cheater Beater had a CFM of 1250, directly supporting these claims. The evidence is sourced from YouTube videos detailing James's channel test. [model=google/gemma-3-4b-it]",9964.6,False,
google/gemma-3-4b-it,2cb6924caac94b32d2bf4b40bdf4ab51,groundedness_bullet,bullet,trace,0.25,"The agent provided CFM numbers for both the Cheater and the Cheater Beater. It's difficult to determine the exact CFM values from the provided evidence, as the YouTube videos and search results primarily discuss the existence of the tests and playlists, but don't explicitly state the CFM numbers. The agent simply presented the numbers 1325 and 1250 without any supporting evidence from the search results. [model=google/gemma-3-4b-it]",11227.89,False,
google/gemma-3-4b-it,3205fa0cb2135fe671bf7cd0e5a26151,groundedness_line,line,trace,0.0,"The agent provided a final answer of 4.0 without any supporting evidence or justification. The agent did not analyze the provided file, and the tool results indicate no file inspection was performed. Therefore, the claim is unsupported. [model=google/gemma-3-4b-it]",11227.89,False,
google/gemma-3-4b-it,3205fa0cb2135fe671bf7cd0e5a26151,groundedness_json,json,trace,0.0,"The agent's response provides a final answer of 4.0, but the evidence shows no tools were used to derive this answer. Therefore, the claim is unsupported by the provided evidence. [model=google/gemma-3-4b-it]",11227.89,False,
google/gemma-3-4b-it,3205fa0cb2135fe671bf7cd0e5a26151,groundedness_bullet,bullet,trace,0.0,"The agent provided a final answer of 4.0 without any supporting evidence or justification. The task requires calculating the average number of pre-2020 works based on the provided file, but the agent did not perform any calculations or reference the file content. Therefore, the claim is unsupported. [model=google/gemma-3-4b-it]",11227.89,False,
google/gemma-3-4b-it,3215fc75e81bdb73706a4fb37b66427f,groundedness_line,line,trace,0.0,"The agent provided a final answer of 0.1777 m^3. The evidence shows a search for the University of Leicester paper, but no specific 'fish bag volume' was found. Therefore, the answer is unsupported. [model=google/gemma-3-4b-it]",14460.05,False,
google/gemma-3-4b-it,3215fc75e81bdb73706a4fb37b66427f,groundedness_json,json,trace,0.25,"The agent's response provides a final answer of 0.1777, which is a numerical value. The evidence shows a web search result for a University of Leicester paper containing the phrase 'fish bag volume'. However, the evidence doesn't explicitly state the volume itself, nor does it provide the calculation that led to 0.1777. Therefore, the answer is not directly grounded in the provided evidence. [model=google/gemma-3-4b-it]",14460.05,False,
google/gemma-3-4b-it,3215fc75e81bdb73706a4fb37b66427f,groundedness_bullet,bullet,trace,0.0,"The agent provided a final answer of 0.1777 m^3. The evidence presented is a web search result, but it does not contain the calculation or justification for this volume. The agent needs to find the specific calculation from the University of Leicester paper to support this answer. [model=google/gemma-3-4b-it]",14460.05,False,
google/gemma-3-4b-it,331aece579d942bb4c345a86c86efb83,groundedness_line,line,trace,0.0,"The agent provided a final answer of 3 without any supporting evidence or reasoning. The task requires a detailed step-by-step explanation of the links clicked, which the agent did not provide. Therefore, the claim is unsupported. [model=google/gemma-3-4b-it]",14460.05,False,
google/gemma-3-4b-it,331aece579d942bb4c345a86c86efb83,groundedness_json,json,trace,0.0,"The agent's response provides a single, specific factual claim: the minimum number of clicks (3). However, the evidence provided (Tool Results) indicates that the 'final_answer' tool yielded no result. Therefore, the claim is unsupported by the available evidence. [model=google/gemma-3-4b-it]",14013.13,False,
google/gemma-3-4b-it,331aece579d942bb4c345a86c86efb83,groundedness_bullet,bullet,trace,0.0,"The agent provided a final answer of 3, but did not provide any evidence to support this claim. It also did not utilize any tools to find the answer. Therefore, the claim is unsupported. [model=google/gemma-3-4b-it]",14013.13,False,
google/gemma-3-4b-it,33cedc57294f33839f1acc3ee5182788,groundedness_line,line,trace,0.0,"The agent's final answer of 142 is not grounded in the provided evidence. The search results point to a Science Advances 2021 article about shell beads from Bizmoune Cave, which are dated to at least 45,000 years ago. However, the agent was unable to access the full article and provide the specific age estimate from the abstract. Therefore, the final answer is unsupported. [model=google/gemma-3-4b-it]",14013.13,False,
google/gemma-3-4b-it,33cedc57294f33839f1acc3ee5182788,groundedness_json,json,trace,1.0,"The agent's final answer is 142. The evidence shows that the Science Advances 2021 article discusses shell beads from Bizmoune Cave that are at least 142,000 years old. The agent correctly identified this fact from the provided article. [model=google/gemma-3-4b-it]",14013.13,False,
google/gemma-3-4b-it,33cedc57294f33839f1acc3ee5182788,groundedness_bullet,bullet,trace,0.25,"The agent's final answer of 142 is not grounded in the provided evidence. The search results point to a study of shell beads from Bizmoune Cave in France, dating back to at least 142,000 years ago, but the response does not explicitly state this information or cite the relevant source. The agent's inability to access the full article and the error 403 further indicate a lack of complete grounding. [model=google/gemma-3-4b-it]",15039.59,False,
google/gemma-3-4b-it,3637c5845140adbf29c565923c20e94d,groundedness_line,line,trace,0.0,"The agent provided a final answer of 7.5 without any supporting evidence or justification. The task requires finding the dollar amount based on Wikipedia, which the agent did not perform. Therefore, the claim is unsupported. [model=google/gemma-3-4b-it]",15039.59,False,
google/gemma-3-4b-it,3637c5845140adbf29c565923c20e94d,groundedness_json,json,trace,0.0,"The agent's response provides a final answer of 7.5, but the evidence only shows that the 'final_answer' tool had no result. This means the agent's claim is unsupported by the provided evidence, and therefore, the response lacks groundedness. [model=google/gemma-3-4b-it]",15039.59,False,
google/gemma-3-4b-it,3637c5845140adbf29c565923c20e94d,groundedness_bullet,bullet,trace,0.0,The agent provided a final answer of 7.5 without any supporting evidence or justification. It also did not utilize any tools to find the answer. This indicates a lack of groundedness as the response is based on nothing. [model=google/gemma-3-4b-it],15039.59,False,
google/gemma-3-4b-it,387546b0d3e81503bd8d392c6f1b6b25,groundedness_line,line,trace,1.0,"The agent's response is grounded in the provided web search results, which state that 'R' stands for 'research' in the Legume Wikipedia public logs before December 2022. This directly answers the question based on the available evidence. [model=google/gemma-3-4b-it]",14656.5,False,
google/gemma-3-4b-it,387546b0d3e81503bd8d392c6f1b6b25,groundedness_json,json,trace,1.0,"The agent's response claims that ""R"" stands for ""research"" in the Legume Wikipedia logs. The provided evidence directly supports this claim, as a Google search result explicitly states this connection. [model=google/gemma-3-4b-it]",14656.5,False,
google/gemma-3-4b-it,387546b0d3e81503bd8d392c6f1b6b25,groundedness_bullet,bullet,trace,1.0,The agent's response states that 'R' stands for 'research' in the Legume Wikipedia public logs. This claim is directly supported by the Google search result: 'Legume Wikipedia logs Legume flagged content R core policies public logs before December 2022' and the final answer tool result stating 'research'. [model=google/gemma-3-4b-it],14656.5,False,
google/gemma-3-4b-it,396b6aa1ab86eb2e20d27582eb5eebd9,groundedness_line,line,trace,0.25,"The agent provided the final answer 'A Nightmare on Elm Street' based on a search. However, the search results did not directly confirm this answer. Instead, it found a paper discussing intermedial metalepsis and fandom, but it did not explicitly state that Valentina Re cited this movie. The search results also revealed that the search for 'dream world' and 'dream' were unsuccessful, indicating a lack of direct evidence for the claim. [model=google/gemma-3-4b-it]",14656.5,False,
google/gemma-3-4b-it,396b6aa1ab86eb2e20d27582eb5eebd9,groundedness_json,json,trace,0.0,"The agent's response provides the answer 'A Nightmare on Elm Street', but the evidence available to it does not directly support this claim. The provided evidence primarily consists of a JSTOR article discussing intermedial metalepsis and fandom, and several pages from academia.edu, but none of these sources explicitly state that Valentina Re cited this specific movie in her 2017 book. The search for 'dream world' and 'dream' also yielded no results, indicating a lack of relevant information. [model=google/gemma-3-4b-it]",18493.58,False,
google/gemma-3-4b-it,396b6aa1ab86eb2e20d27582eb5eebd9,groundedness_bullet,bullet,trace,0.0,"The agent's response provides a final answer but fails to ground it in the provided evidence. While it identifies 'A Nightmare on Elm Street' as the answer, it doesn't demonstrate how it arrived at that conclusion. The evidence shows a search for Valentina Re's contribution, but the search results are largely irrelevant and include error messages and pages discussing different topics, including intermedial metalepsis in TV series. There is no direct evidence linking Re's work to 'A Nightmare on Elm Street' or supporting the claim that it popularized metalepsis. [model=google/gemma-3-4b-it]",18493.58,False,
google/gemma-3-4b-it,3acaa3150977e199eddb95c64f2ada2e,groundedness_line,line,trace,0.0,"The agent provided the final answer of 27, but this is not grounded in the provided evidence. The evidence indicates that the Wikipedia article lists 554 bird species. The agent did not provide any reasoning or justification for arriving at the number 27, and the search results do not support this claim. [model=google/gemma-3-4b-it]",18493.58,False,
google/gemma-3-4b-it,3acaa3150977e199eddb95c64f2ada2e,groundedness_json,json,trace,0.25,"The agent's response provides the final answer of 27, but doesn't explain how it arrived at this number. The evidence provided links to a Wikipedia article discussing 554 bird species, but doesn't directly state or derive the 27 number. The agent simply presents the number as a final answer without justification or evidence. [model=google/gemma-3-4b-it]",18493.58,False,
google/gemma-3-4b-it,3acaa3150977e199eddb95c64f2ada2e,groundedness_bullet,bullet,trace,0.0,"The agent provided the final answer of 27, but did not provide any evidence to support this claim. The agent only provided a link to a Wikipedia page about birds in the 10th edition of Systema Naturae, which does not contain the answer to the question. Therefore, the final answer is unsupported. [model=google/gemma-3-4b-it]",11709.77,False,
google/gemma-3-4b-it,3f05ba33cd4ae18ccba6db9a5749c16f,groundedness_line,line,trace,0.75,"The response provides a list of vegetables from the given grocery list. The claim that the vegetables are broccoli, celery, lettuce, and sweet potatoes is based on the provided list and is therefore grounded in the evidence. However, the response does not provide justification for selecting these items, nor does it explain how it arrived at this conclusion. [model=google/gemma-3-4b-it]",11709.77,False,
google/gemma-3-4b-it,3f05ba33cd4ae18ccba6db9a5749c16f,groundedness_json,json,trace,1.0,"The agent's response provides a list of vegetables from the provided grocery list. This is a straightforward extraction of information from the input text, directly reflecting the task's request. The evidence provided (Tool Results) doesn't offer any information to verify or refute this claim. [model=google/gemma-3-4b-it]",11709.77,False,
google/gemma-3-4b-it,3f05ba33cd4ae18ccba6db9a5749c16f,groundedness_bullet,bullet,trace,1.0,"The agent's response provides a list of vegetables from the provided grocery list. The response is grounded in the task's input, as it directly extracts the vegetables listed. There is no need to look up any external information to support this claim. [model=google/gemma-3-4b-it]",11709.77,False,
google/gemma-3-4b-it,41b597524173272503073a0799ac523c,groundedness_line,line,trace,0.0,"The agent's response is 'Guava', which is not an answer to any of the questions posed in the task. The task explicitly instructs the agent to provide answers to the questions, and the agent failed to do so. Therefore, the response is entirely unsupported by the provided evidence. [model=google/gemma-3-4b-it]",11916.9,False,
google/gemma-3-4b-it,41b597524173272503073a0799ac523c,groundedness_json,json,trace,0.0,"The agent's response is 'Guava', which is not a factual claim. The task explicitly instructs the agent to write 'Guava' and not answer any questions. Therefore, there are no factual claims to evaluate for grounding. [model=google/gemma-3-4b-it]",11916.9,False,
google/gemma-3-4b-it,41b597524173272503073a0799ac523c,groundedness_bullet,bullet,trace,0.0,"The agent's response is 'Guava'. This is a completely arbitrary answer with no grounding in the provided questions or the task instructions. The agent did not attempt to answer any of the questions, and the response is therefore unsupported. [model=google/gemma-3-4b-it]",11916.9,False,
google/gemma-3-4b-it,41bbc898aa7de0f31d2382ff57700a76,groundedness_line,line,trace,0.0,"The response provides a comma-delimited list of page numbers (12, 45, 67). However, the agent has no evidence to support these numbers. It only states that it has access to tools but doesn't utilize them to extract the information from the audio file. Therefore, the response is entirely unsupported. [model=google/gemma-3-4b-it]",11916.9,False,
google/gemma-3-4b-it,41bbc898aa7de0f31d2382ff57700a76,groundedness_json,json,trace,0.0,"The agent's response provides a comma-delimited list of page numbers (12, 45, 67). However, the evidence available to the agent (tool results) shows no information about the content of the audio file or the recommended reading. Therefore, the response is entirely unsupported by the provided evidence. [model=google/gemma-3-4b-it]",10870.2,False,
google/gemma-3-4b-it,41bbc898aa7de0f31d2382ff57700a76,groundedness_bullet,bullet,trace,0.0,"The agent provided a comma-delimited list of page numbers (12, 45, 67). However, it did not provide any evidence to support these numbers. The agent only reported the tool results, which did not contain the audio content or any information about the recommended reading. [model=google/gemma-3-4b-it]",10870.2,False,
google/gemma-3-4b-it,4514626d62ed350ee7878c03f51bbe68,groundedness_line,line,trace,0.0,"The agent provided the final answer '3' without any supporting evidence or justification. It did not perform any calculations or explain the process used to arrive at this answer. Therefore, the claim is unsupported. [model=google/gemma-3-4b-it]",10870.2,False,
google/gemma-3-4b-it,4514626d62ed350ee7878c03f51bbe68,groundedness_json,json,trace,0.0,"The agent's response provides a single, specific factual claim: the answer is 3. However, the evidence available (Tool Results) indicates that the 'final_answer' tool did not return a result. Therefore, the claim is unsupported by the provided evidence. [model=google/gemma-3-4b-it]",10870.2,False,
google/gemma-3-4b-it,4514626d62ed350ee7878c03f51bbe68,groundedness_bullet,bullet,trace,0.0,"The agent provided the final answer as 3. However, it did not provide any evidence to support this answer, and the tool 'final_answer' did not return a result. Therefore, the claim is unsupported. [model=google/gemma-3-4b-it]",10961.23,False,
google/gemma-3-4b-it,4a8d094e92433f1ba1da21f602c417d9,groundedness_line,line,trace,0.0,"The agent provided a specific answer (diamond) without any supporting evidence from the provided tool results. The tool 'final_answer' returned no result, indicating that the agent could not find any information to support this claim within the available tools. Therefore, the answer is unsupported. [model=google/gemma-3-4b-it]",10961.23,False,
google/gemma-3-4b-it,4a8d094e92433f1ba1da21f602c417d9,groundedness_json,json,trace,0.0,"The agent's response provides a single factual claim: 'diamond'. However, the evidence indicates that the tool 'final_answer' yielded no result. Therefore, the claim is unsupported by the available evidence. [model=google/gemma-3-4b-it]",10961.23,False,
google/gemma-3-4b-it,4a8d094e92433f1ba1da21f602c417d9,groundedness_bullet,bullet,trace,0.0,The agent provided a final answer of 'diamond' without any supporting evidence. The task requires finding a nano-compound studied in a 2012 Nature Scientific Reports article that did not mention plasmons or plasmonics. The agent's response lacks any grounding in the provided evidence. [model=google/gemma-3-4b-it],10961.23,False,
google/gemma-3-4b-it,4ae16319f0de44a7d1e84595b41ae08d,groundedness_line,line,trace,0.0,"The agent provided a final answer of 30 years, but there is no evidence to support this claim. The task asks for the time it took for the percentage of computer scientists to change by 13%, and the agent did not provide any information or calculations to arrive at this answer. [model=google/gemma-3-4b-it]",11558.61,False,
google/gemma-3-4b-it,4ae16319f0de44a7d1e84595b41ae08d,groundedness_json,json,trace,0.0,"The agent provided a final answer of '30' years, but the evidence available (Tool Results) indicates no result for 'final_answer'. Therefore, the claim is unsupported, as there's no basis for the provided answer within the given evidence. [model=google/gemma-3-4b-it]",11558.61,False,
google/gemma-3-4b-it,4ae16319f0de44a7d1e84595b41ae08d,groundedness_bullet,bullet,trace,0.0,"The agent provided a final answer of 30 years, but did not provide any evidence to support this claim. The task requires the agent to find the actual time it took for the percentage of computer scientists to change by 13% from a starting point of 37%. [model=google/gemma-3-4b-it]",11558.61,False,
google/gemma-3-4b-it,4c79c8ba0cf1e8fcb1c408d53016c560,groundedness_line,line,trace,0.0,"The agent provided a final answer of 736008 without any supporting evidence. The task requires finding the population difference between the largest and smallest county seats in Washington state using data.census.gov. The agent has not provided any evidence to support this answer, and the tool results section indicates no relevant result was found. [model=google/gemma-3-4b-it]",11558.61,False,
google/gemma-3-4b-it,4c79c8ba0cf1e8fcb1c408d53016c560,groundedness_json,json,trace,0.0,"The agent's response provides a single numerical answer: 736008. However, the evidence available to the agent (specifically, the 'final_answer' tool) yields no result. Therefore, the claim that the answer is 736008 is unsupported by the provided evidence. [model=google/gemma-3-4b-it]",11046.14,False,
google/gemma-3-4b-it,4c79c8ba0cf1e8fcb1c408d53016c560,groundedness_bullet,bullet,trace,0.0,"The agent provided a final answer of 736008, but did not provide any evidence to support this number. It also did not utilize the data.census.gov tool as instructed. Therefore, the claim is unsupported. [model=google/gemma-3-4b-it]",11046.14,False,
google/gemma-3-4b-it,512475a321c616e45337da3575f6a185,groundedness_line,line,trace,0.0,"The agent's response provides the final answer 'silent' based on the audio file. However, the evidence indicates that the agent did not actually process the audio file or verify the anagram. Therefore, the claim that the answer is 'silent' is unsupported by the available evidence. [model=google/gemma-3-4b-it]",11046.14,False,
google/gemma-3-4b-it,512475a321c616e45337da3575f6a185,groundedness_json,json,trace,0.0,"The agent's response provides the single word 'silent' as the final answer. The evidence indicates no file inspection was performed, and the final_answer tool was not used. Therefore, the claim that 'silent' is the answer is unsupported by any available evidence. [model=google/gemma-3-4b-it]",11046.14,False,
google/gemma-3-4b-it,512475a321c616e45337da3575f6a185,groundedness_bullet,bullet,trace,0.0,"The agent's response provides the final answer 'silent' based on the audio file. However, the evidence section indicates that no tools were able to extract text from the audio file. Therefore, the claim is unsupported as there is no basis for the answer within the provided evidence. [model=google/gemma-3-4b-it]",11441.12,False,
google/gemma-3-4b-it,53dba4241b22d5039c9c119871c7c8b4,groundedness_line,line,trace,0.0,"The agent provided a final answer of 56000, but did not provide any evidence to support this claim. The task requires finding the population of the longest-lived vertebrate named after an island, and the agent did not cite any source or provide any reasoning for this answer. Therefore, the answer is unsupported. [model=google/gemma-3-4b-it]",11441.12,False,
google/gemma-3-4b-it,53dba4241b22d5039c9c119871c7c8b4,groundedness_json,json,trace,0.0,"The agent provided a final answer of 56000, but the evidence only shows that the tool 'final_answer' did not return a result. Therefore, the claim is unsupported as it's based on an unverified result. [model=google/gemma-3-4b-it]",11441.12,False,
google/gemma-3-4b-it,53dba4241b22d5039c9c119871c7c8b4,groundedness_bullet,bullet,trace,0.0,"The agent provided a final answer of 56000, but did not provide any evidence to support this claim. The tool 'final_answer' did not return a result, indicating that the agent was unable to find the answer based on the available tools. Therefore, the claim is unsupported. [model=google/gemma-3-4b-it]",11441.12,False,
google/gemma-3-4b-it,59365b27641e501d105b0e8f5e7c5af7,groundedness_line,line,trace,1.0,"The agent's response is based on a single fact: that Mercedes Sosa released 10 studio albums between 2000 and 2009. This is directly stated on the Wikipedia page for Mercedes Sosa, which the agent accessed via web search. The agent correctly identified this fact and presented it as the final answer. [model=google/gemma-3-4b-it]",12122.24,False,
google/gemma-3-4b-it,59365b27641e501d105b0e8f5e7c5af7,groundedness_json,json,trace,1.0,"The agent's response provides the final answer as '1', indicating the number of studio albums published by Mercedes Sosa between 2000 and 2009. The evidence presented includes a link to the Wikipedia page for Mercedes Sosa, which lists 10 studio albums.  The agent correctly identified the number of albums from the provided source. [model=google/gemma-3-4b-it]",12122.24,False,
google/gemma-3-4b-it,59365b27641e501d105b0e8f5e7c5af7,groundedness_bullet,bullet,trace,1.0,"The agent's response provides a single, definitive answer: 1. The evidence from the Wikipedia page confirms that Mercedes Sosa released 10 studio albums between 1987 and 2009. This directly supports the final answer. [model=google/gemma-3-4b-it]",12122.24,False,
google/gemma-3-4b-it,5a6c51d59f870513c68745e2e0f9269f,groundedness_line,line,trace,0.0,"The agent claims the absolute difference between chapter numbers is 6. However, the provided evidence reveals that the dissertation does not contain footnote 397, nor does it provide chapter numbers. The agent was unable to find the relevant information to answer the question, and therefore the final answer is based on a fabricated number. [model=google/gemma-3-4b-it]",12122.24,False,
google/gemma-3-4b-it,5a6c51d59f870513c68745e2e0f9269f,groundedness_json,json,trace,0.0,"The agent's final answer is 6, but the evidence provided does not support this claim. The agent's response includes a search for Federico Lauria's dissertation and a related file, but neither provides the chapter numbers needed to calculate the absolute difference. The file inspection reveals that the provided file does not contain footnote 397 or the dissertation text, and therefore cannot be used to derive the required information. [model=google/gemma-3-4b-it]",15240.07,False,
google/gemma-3-4b-it,5a6c51d59f870513c68745e2e0f9269f,groundedness_bullet,bullet,trace,0.0,"The agent's response is largely unsupported. While it identifies a Federico Lauria dissertation and a date of publication (2014), it fails to locate footnote 397 or any information about the two paintings in the Smithsonian collection. The tool results indicate a search for the dissertation and related PDF, but the inspection of the file reveals that the file itself does not contain the dissertation or footnote 397, nor does it provide information about the paintings. [model=google/gemma-3-4b-it]",15240.07,False,
google/gemma-3-4b-it,5b5a35053775cbf29701c171e6675853,groundedness_line,line,trace,0.0,"The agent's response provides the final answer 'extremely' without any supporting evidence from the provided YouTube transcript. The transcript contains only a few lines of unintelligible text, and the tool 'final_answer' did not return a result. Therefore, the response is unsupported. [model=google/gemma-3-4b-it]",15240.07,False,
google/gemma-3-4b-it,5b5a35053775cbf29701c171e6675853,groundedness_json,json,trace,0.0,"The agent's response provides the final answer 'extremely', but this is not grounded in the provided evidence. The evidence only contains a YouTube video transcript and metadata, which does not contain any information about Teal'c's response to the question 'Isn't that hot?'. Therefore, the claim is unsupported. [model=google/gemma-3-4b-it]",15240.07,False,
google/gemma-3-4b-it,5b5a35053775cbf29701c171e6675853,groundedness_bullet,bullet,trace,0.0,"The agent's response provides a final answer of 'extremely', but this is not grounded in the provided YouTube transcript. The transcript contains only a brief statement about enjoying the coffee. There is no specific response to the question 'Isn't that hot?' The agent's final answer is therefore unsupported by the evidence. [model=google/gemma-3-4b-it]",13476.07,False,
google/gemma-3-4b-it,5bbd1534b199c57861f55b58be9949a0,groundedness_line,line,trace,1.0,"The agent found a Wikipedia page revision history showing a joke was removed from the 'Dragon' page on February 29, 2008. The agent provided a link to the specific revision history. The final answer 'Here be dragons' is a common phrase associated with dragons, and it was the phrase that was removed. The agent correctly identified the phrase that was removed. [model=google/gemma-3-4b-it]",13476.07,False,
google/gemma-3-4b-it,5bbd1534b199c57861f55b58be9949a0,groundedness_json,json,trace,1.0,"The agent's response provides the phrase 'Here be dragons' as the answer. The evidence clearly shows that this phrase was removed from the Wikipedia Dragon page before 2008, directly supporting the agent's claim. [model=google/gemma-3-4b-it]",13476.07,False,
google/gemma-3-4b-it,5bbd1534b199c57861f55b58be9949a0,groundedness_bullet,bullet,trace,0.75,"The agent's response successfully identified a relevant Wikipedia revision history and provided a link to it. It also identified a specific diff number and the fact that a joke was removed. However, it did not explicitly state the removed phrase, relying on the user to infer it from the provided context. [model=google/gemma-3-4b-it]",13476.07,False,
google/gemma-3-4b-it,5dc4cf8d5175f2782f46265456998d39,groundedness_line,line,trace,0.0,"The agent provided a final answer of 133.7 without any supporting evidence or justification. The task requires finding the difference in the number of men and women with tertiary education from the 2011 Bulgarian census, and the agent did not provide any information to support this number. [model=google/gemma-3-4b-it]",10797.91,False,
google/gemma-3-4b-it,5dc4cf8d5175f2782f46265456998d39,groundedness_json,json,trace,0.0,"The agent's response provides a numerical answer (133.7) without any supporting evidence or justification. The evidence available only shows a 'final_answer' tool with no result, indicating the agent cannot derive this value from any provided source. Therefore, the claim is unsupported. [model=google/gemma-3-4b-it]",10797.91,False,
google/gemma-3-4b-it,5dc4cf8d5175f2782f46265456998d39,groundedness_bullet,bullet,trace,0.0,"The agent provided a final answer of 133.7 without any supporting evidence or justification. It did not utilize any tools to find the answer, and the evidence available to it was empty. Therefore, the claim is unsupported. [model=google/gemma-3-4b-it]",10797.91,False,
google/gemma-3-4b-it,5e5dc94e090341c564d582f551a0cddb,groundedness_line,line,trace,0.0,"The agent provided a final answer of 6, but there is no evidence to support this claim. The task requires identifying the number of blocks in BERT base encoder compared to the Attention is All You Need architecture, and the agent has not provided any information to justify this number. [model=google/gemma-3-4b-it]",10797.91,False,
google/gemma-3-4b-it,5e5dc94e090341c564d582f551a0cddb,groundedness_json,json,trace,0.0,"The agent's response provides a single factual claim: the number of blocks in BERT base encoder. The evidence indicates that the 'final_answer' tool yielded no result, meaning there's no information to support this claim. Therefore, the claim is unsupported. [model=google/gemma-3-4b-it]",10214.8,False,
google/gemma-3-4b-it,5e5dc94e090341c564d582f551a0cddb,groundedness_bullet,bullet,trace,0.0,"The agent provided a final answer of 6, but the evidence retrieval tool did not return any results. Therefore, the claim is unsupported and the agent failed to find the correct answer. [model=google/gemma-3-4b-it]",10214.8,False,
google/gemma-3-4b-it,5ec1cd43eb8ae4094e93a4892ff0f06f,groundedness_line,line,trace,0.0,"The agent provided a final answer, 'Harbinger,' without any supporting evidence or justification. The task requires identifying albums that Robert Christgau did not grade, necessitating a search for this information. The agent's response lacks any grounding in the provided evidence and simply asserts an answer without verification. [model=google/gemma-3-4b-it]",10214.8,False,
google/gemma-3-4b-it,5ec1cd43eb8ae4094e93a4892ff0f06f,groundedness_json,json,trace,0.0,"The agent's response provides a single, specific answer: 'Harbinger'. However, the evidence indicates that the tool 'final_answer' yielded no result. Therefore, the agent's claim is unsupported by the available evidence, as it asserts a specific album title without justification. [model=google/gemma-3-4b-it]",10214.8,False,
google/gemma-3-4b-it,5ec1cd43eb8ae4094e93a4892ff0f06f,groundedness_bullet,bullet,trace,0.0,"The agent's response provides a final answer, but doesn't explain how it arrived at that answer or provide any supporting evidence. It only states the final answer and indicates that no tool result was found. This lack of justification and evidence makes it difficult to assess the grounding of the claim. [model=google/gemma-3-4b-it]",12440.21,False,
google/gemma-3-4b-it,5f3a0a7fc572f49630c069e4e5a64ae3,groundedness_line,line,trace,0.0,"The agent found a page about a painting at the Whitney Museum, but it did not provide information about the book or its author. The search for 'book held' and 'Biography' on the page yielded no results. Therefore, the final answer is based on an unsupported claim. [model=google/gemma-3-4b-it]",12440.21,False,
google/gemma-3-4b-it,5f3a0a7fc572f49630c069e4e5a64ae3,groundedness_json,json,trace,0.0,"The agent's response provides the answer 'Russian-German Legion', but the evidence search reveals no information about the author of a book or their military unit affiliation. The search results for the Whitney Museum of American Art photograph accession number 2022.128 do not contain the requested information, and the search for 'book held' and 'Biography' also failed to yield relevant results. [model=google/gemma-3-4b-it]",12440.21,False,
google/gemma-3-4b-it,5f3a0a7fc572f49630c069e4e5a64ae3,groundedness_bullet,bullet,trace,0.0,"The agent's response primarily consists of search results from the Whitney Museum website, but it fails to find specific information about the book's author or the military unit they joined. The search for 'book held' and 'Biography' yielded no results, indicating a lack of relevant details within the provided evidence. [model=google/gemma-3-4b-it]",12440.21,False,
google/gemma-3-4b-it,62df2a06b647ca730391602dbf62f843,groundedness_line,line,trace,0.0,"The agent provided a numerical answer without any supporting evidence or justification. The tool 'final_answer' returned no result, indicating that the agent did not find any data to support the provided numbers. Therefore, the response is entirely unsupported. [model=google/gemma-3-4b-it]",12727.48,False,
google/gemma-3-4b-it,62df2a06b647ca730391602dbf62f843,groundedness_json,json,trace,0.0,"The agent provided a numerical response detailing the number of citations for a Twitter/X post on Wikipedia for each day of August in June 2023. However, the evidence available to the agent (Tool Results) indicates that the tool 'final_answer' returned no result. Therefore, the response is unsupported as it relies on a tool that didn't provide any relevant information. [model=google/gemma-3-4b-it]",12727.48,False,
google/gemma-3-4b-it,62df2a06b647ca730391602dbf62f843,groundedness_bullet,bullet,trace,0.0,"The agent provided a numerical response detailing the number of citations for Twitter/X posts on Wikipedia for each day of August in June 2023. However, the evidence tool returned no result, indicating that the agent's response is based on an unsupported claim. [model=google/gemma-3-4b-it]",12727.48,False,
google/gemma-3-4b-it,63ac9e03bf750e58eecbc5b148d8d215,groundedness_line,line,trace,0.0,"The agent provided a final answer of 10000 without any supporting evidence or reasoning. The task requires finding the minimum amount of money Bob can win, which necessitates a strategy and analysis of the game's rules. The agent simply stated the answer without demonstrating how it was derived, making it unsupported. [model=google/gemma-3-4b-it]",12727.48,False,
google/gemma-3-4b-it,63ac9e03bf750e58eecbc5b148d8d215,groundedness_json,json,trace,0.0,"The agent's response provides a single, specific claim: that Bob can win $10,000. However, the evidence provided (specifically the 'final_answer' tool result) shows no result, meaning the agent has no basis for this assertion. Therefore, the claim is unsupported. [model=google/gemma-3-4b-it]",11342.04,False,
google/gemma-3-4b-it,63ac9e03bf750e58eecbc5b148d8d215,groundedness_bullet,bullet,trace,0.0,"The agent provided a final answer of 10000 without any supporting evidence or justification. The task requires the agent to find the minimum amount of money Bob can win, which necessitates a strategy and calculation, not just a single number. [model=google/gemma-3-4b-it]",11342.04,False,
google/gemma-3-4b-it,672d36d8ecc4816738433c75136eb99d,groundedness_line,line,trace,0.0,"The agent's answer is based on a single, unsupported assertion. The task requires finding the number of pages mentioning nuclear energy in the 2023 IPCC report, but the agent provides a numerical answer without any justification or evidence. [model=google/gemma-3-4b-it]",11342.04,False,
google/gemma-3-4b-it,672d36d8ecc4816738433c75136eb99d,groundedness_json,json,trace,0.0,"The agent's response provides a single, specific factual claim: the number of pages mentioning nuclear energy in the 2023 IPCC report. The evidence provided (Tool Results) shows no tool was used to find this information, so the claim is unsupported. Therefore, the response lacks grounding. [model=google/gemma-3-4b-it]",11342.04,False,
google/gemma-3-4b-it,672d36d8ecc4816738433c75136eb99d,groundedness_bullet,bullet,trace,0.0,"The agent's response is based on a single, unsupported assertion. The task requires finding the number of pages mentioning nuclear energy in the 2023 IPCC report, but the agent provides only the final answer without any justification or evidence. [model=google/gemma-3-4b-it]",12237.79,False,
google/gemma-3-4b-it,6cc6dc35a28bbed6cfd873756094bc16,groundedness_line,line,trace,0.0,"The agent was unable to find any information about the specific National Geographic short on YouTube that the user was referring to, nor could it locate any information about the #9 designation. The search results for the Monterey Bay Aquarium website did not yield relevant data. [model=google/gemma-3-4b-it]",12237.79,False,
google/gemma-3-4b-it,6cc6dc35a28bbed6cfd873756094bc16,groundedness_json,json,trace,0.0,"The agent's response provides the final answer of 2.4 meters. However, the evidence provided from the Monterey Bay Aquarium website explicitly states that there is no information about the length of the first National Geographic short on YouTube, nor is there any entry labeled ""#9"". Therefore, the claim is unsupported. [model=google/gemma-3-4b-it]",12237.79,False,
google/gemma-3-4b-it,6cc6dc35a28bbed6cfd873756094bc16,groundedness_bullet,bullet,trace,0.0,"The agent's response indicates that it searched the Monterey Bay Aquarium website but found no information about the specific National Geographic short on YouTube, the '#9' designation, or its length. Despite extensive searching, the agent was unable to find the requested information. Therefore, the final answer of 2.4 is unsupported by any evidence. [model=google/gemma-3-4b-it]",12237.79,False,
google/gemma-3-4b-it,6d5b91f06e5a7377d4798be65fe46e97,groundedness_line,line,trace,0.0,"The agent provided a final answer of 607, but did not provide any evidence to support this claim. The task requires converting a Mesopotamian number to Arabic numerals, which necessitates looking up the values of the cuneiform symbols and applying the rules of the Babylonian number system. Without this information, the answer is unsupported. [model=google/gemma-3-4b-it]",12319.36,False,
google/gemma-3-4b-it,6d5b91f06e5a7377d4798be65fe46e97,groundedness_json,json,trace,0.0,"The agent's response provides a final answer of 607, but the evidence only shows a 'final_answer' tool with no result. Therefore, the claim that the answer is 607 is unsupported by the available evidence. [model=google/gemma-3-4b-it]",12319.36,False,
google/gemma-3-4b-it,6d5b91f06e5a7377d4798be65fe46e97,groundedness_bullet,bullet,trace,0.0,"The agent provided a final answer of 607. However, the evidence available does not support this answer. The task requires converting a Mesopotamian number to Arabic numerals, which necessitates looking up the values of the cuneiform symbols and applying the rules of the Mesopotamian number system. The agent's response lacks any justification or evidence for this number. [model=google/gemma-3-4b-it]",12319.36,False,
google/gemma-3-4b-it,6e64c2e543327a7c2f2ce3d26ced94d1,groundedness_line,line,trace,0.25,"The agent provided a numerical answer (2) without justification or evidence. The task requires determining the number of metro stations away from the original destination, which necessitates understanding the route and locations involved. The agent's response lacks any supporting reasoning or evidence to justify the answer. [model=google/gemma-3-4b-it]",12319.36,False,
google/gemma-3-4b-it,6e64c2e543327a7c2f2ce3d26ced94d1,groundedness_json,json,trace,0.0,"The agent's response provides a numerical answer (2) without sufficient justification or evidence. The evidence indicates the agent has no tool result for final_answer, so it cannot be grounded in any tool output. Therefore, the claim is unsupported. [model=google/gemma-3-4b-it]",10186.26,False,
google/gemma-3-4b-it,6e64c2e543327a7c2f2ce3d26ced94d1,groundedness_bullet,bullet,trace,0.0,"The agent provided a numerical answer (2) without sufficient justification. The task requires determining the number of metro stations away from the original destination, which necessitates understanding the locations involved and the connections between them. The agent's response lacks any supporting evidence or reasoning for arriving at this number. [model=google/gemma-3-4b-it]",10186.26,False,
google/gemma-3-4b-it,6f0ede30602ae3fe2ced3f9fabb008a6,groundedness_line,line,trace,0.0,"The agent provided the final answer 'Skidmore' without any supporting evidence. It did not utilize any tool results to verify this claim. Therefore, the claim is unsupported. [model=google/gemma-3-4b-it]",10186.26,False,
google/gemma-3-4b-it,6f0ede30602ae3fe2ced3f9fabb008a6,groundedness_json,json,trace,0.0,"The agent provided a final answer, but the evidence tool returned no result. Therefore, the claim that the answer is 'Skidmore' is unsupported by the available evidence. The agent's response lacks grounding. [model=google/gemma-3-4b-it]",10186.26,False,
google/gemma-3-4b-it,6f0ede30602ae3fe2ced3f9fabb008a6,groundedness_bullet,bullet,trace,0.0,"The agent provided the final answer 'Skidmore' but did not provide any evidence to support this claim. The task requires the agent to find the name of the architectural firm that designed a landmark building in Chicago, and the agent did not provide any justification for this answer. [model=google/gemma-3-4b-it]",9505.06,False,
google/gemma-3-4b-it,72877db591837666d500b459fb3cf29d,groundedness_line,line,trace,0.0,"The agent provided a final answer ('picnic is in polybius plaza') without any supporting evidence. The provided message is encrypted and needs decryption, which was not performed. Therefore, the answer is not grounded in the available evidence. [model=google/gemma-3-4b-it]",9505.06,False,
google/gemma-3-4b-it,72877db591837666d500b459fb3cf29d,groundedness_json,json,trace,0.0,"The agent's response provides a final answer ('picnic is in polybius plaza') without any supporting evidence or justification. The evidence available only shows a final_answer tool with no result, indicating the agent has no basis for this claim. [model=google/gemma-3-4b-it]",9505.06,False,
google/gemma-3-4b-it,72877db591837666d500b459fb3cf29d,groundedness_bullet,bullet,trace,0.0,"The agent provided a final answer, 'picnic is in polybius plaza,' but did not provide any evidence to support this claim. The provided text only contains an encrypted message, and the agent needs to decrypt it to determine the meeting location. [model=google/gemma-3-4b-it]",9505.06,False,
google/gemma-3-4b-it,75121379e11c550f3ca58e17c972266b,groundedness_line,line,trace,0.0,"The agent provided a list of five classes, but there is no evidence to support this answer. The task description provides details about the group composition and actions, but doesn't specify the actual class names. Therefore, the response is unsupported. [model=google/gemma-3-4b-it]",12104.1,False,
google/gemma-3-4b-it,75121379e11c550f3ca58e17c972266b,groundedness_json,json,trace,0.0,"The agent's response provides a list of five classes, which is a specific factual claim. However, the evidence provided (no tool result) does not support this claim. Therefore, the response is unsupported. [model=google/gemma-3-4b-it]",12104.1,False,
google/gemma-3-4b-it,75121379e11c550f3ca58e17c972266b,groundedness_bullet,bullet,trace,0.0,"The agent's response provides a list of five classes, but it does not provide any evidence to support this list. The task explicitly states that the agent must provide a correct answer, and the response fails to do so. [model=google/gemma-3-4b-it]",12104.1,False,
google/gemma-3-4b-it,772605f0794b0fa96bc942a8a7736571,groundedness_line,line,trace,0.0,"The agent's final answer is 0, but the evidence provided does not support this claim. The agent found the USGS Nonindigenous Aquatic Species database, but it did not provide the specific count of nonindigenous crocodiles in Florida from 2000 to 2020. The agent did not derive this number from the database. [model=google/gemma-3-4b-it]",12104.1,False,
google/gemma-3-4b-it,772605f0794b0fa96bc942a8a7736571,groundedness_json,json,trace,0.25,"The agent's response claims the final answer is 0, which is a specific numerical assertion. However, the evidence provided primarily consists of links to the USGS database, but doesn't actually present the count of non-indigenous crocodiles. The response lacks the actual data needed to support this claim. [model=google/gemma-3-4b-it]",11286.09,False,
google/gemma-3-4b-it,772605f0794b0fa96bc942a8a7736571,groundedness_bullet,bullet,trace,0.25,"The agent states the final answer is 0. The evidence provided includes a link to the USGS Nonindigenous Aquatic Species database, but the agent does not provide any specific data or calculations from that database to support this claim. It simply references the database. [model=google/gemma-3-4b-it]",11286.09,False,
google/gemma-3-4b-it,7bf0addde339e4cac9dd3b772232a7e0,groundedness_line,line,trace,0.0,"The agent provided the final answer 'briniest' without justification or evidence. The task requested the longest word from the Boggle board using a specific dictionary. The agent did not demonstrate any reasoning or verification steps to arrive at this answer, and the provided evidence does not support this claim. [model=google/gemma-3-4b-it]",11286.09,False,
google/gemma-3-4b-it,7bf0addde339e4cac9dd3b772232a7e0,groundedness_json,json,trace,0.0,"The agent's response provides the final answer 'briniest' without any supporting evidence or justification. The evidence available to the agent (tool results) does not provide any information to support this claim, nor does it offer a source for the word itself. Therefore, the claim is unsupported. [model=google/gemma-3-4b-it]",11286.09,False,
google/gemma-3-4b-it,7bf0addde339e4cac9dd3b772232a7e0,groundedness_bullet,bullet,trace,0.25,"The agent's response provides the final answer 'briniest' without justification or evidence. It also states that the words_alpha dictionary is available at the given GitHub link, which is a relevant fact to consider. However, the agent did not provide any reasoning or evidence to support the claim that 'briniest' is the longest word. [model=google/gemma-3-4b-it]",12006.59,False,
google/gemma-3-4b-it,7c98d39b2699d41fa913f8fbe60c04ed,groundedness_line,line,trace,0.0,"The agent states it cannot fulfill the request due to copyright restrictions, which is a claim based on its programmed limitations, not on any specific evidence provided in the task. This response is based on the tool's capabilities, not on any data from the task itself. [model=google/gemma-3-4b-it]",12006.59,False,
google/gemma-3-4b-it,7c98d39b2699d41fa913f8fbe60c04ed,groundedness_json,json,trace,0.0,"The agent's response is a refusal to answer the question, stating it cannot provide location-based requests. This is a statement of inability, not a factual claim about the task or the available tools. Since it's a declaration of limitation, it's not a claim that needs grounding. [model=google/gemma-3-4b-it]",12006.59,False,
google/gemma-3-4b-it,7c98d39b2699d41fa913f8fbe60c04ed,groundedness_bullet,bullet,trace,0.0,"The agent states it cannot provide location-based requests for copyrighted texts. This is a declaration of inability, not a factual claim requiring evidence. [model=google/gemma-3-4b-it]",12006.59,False,
google/gemma-3-4b-it,7ee8e8df6e8cd101d9af8a4a4f6ceedb,groundedness_line,line,trace,0.0,"The agent provided a final answer of 100 without any justification or evidence. The task asks for a strategy to maximize winning odds, which requires analysis of the game mechanics and probabilities. The agent simply stated a number without demonstrating any reasoning or considering the rules of the game. [model=google/gemma-3-4b-it]",9711.51,False,
google/gemma-3-4b-it,7ee8e8df6e8cd101d9af8a4a4f6ceedb,groundedness_json,json,trace,0.0,"The agent's response provides a single, specific claim: the selection of ball number 100. However, the evidence provided (specifically, the 'final_answer' tool result) indicates that the tool did not find a final answer. Therefore, the claim is unsupported by the available evidence. [model=google/gemma-3-4b-it]",9711.51,False,
google/gemma-3-4b-it,7ee8e8df6e8cd101d9af8a4a4f6ceedb,groundedness_bullet,bullet,trace,0.25,"The agent's response provides a single, specific answer: ball number 100. However, the task asks for a strategy to maximize winning odds, and there's no evidence or reasoning provided to justify this choice. The agent simply stated the answer without any supporting logic or analysis. [model=google/gemma-3-4b-it]",9711.51,False,
google/gemma-3-4b-it,85c14ced5177cdad83f1f1f898a1c6c7,groundedness_line,line,trace,0.0,"The agent's response provides a specific name ('User:Darwin') as the answer to the question. However, the tool results section indicates that the tool 'final_answer' did not return a result. Therefore, the agent's assertion is unsupported by the available evidence. [model=google/gemma-3-4b-it]",9711.51,False,
google/gemma-3-4b-it,85c14ced5177cdad83f1f1f898a1c6c7,groundedness_json,json,trace,0.0,"The agent's response provides a single factual claim: 'User:Darwin'. However, the evidence indicates that the tool 'final_answer' yielded no result. Therefore, the claim is unsupported by the available evidence. [model=google/gemma-3-4b-it]",9936.23,False,
google/gemma-3-4b-it,85c14ced5177cdad83f1f1f898a1c6c7,groundedness_bullet,bullet,trace,0.0,"The agent's response provides a specific name ('User:Darwin') as the answer. However, the evidence tool returns no result, indicating that the agent cannot find any information to support this claim. Therefore, the response is unsupported. [model=google/gemma-3-4b-it]",9936.23,False,
google/gemma-3-4b-it,860f9d45f2e50bfecb190bb26eff1f32,groundedness_line,line,trace,0.0,"The response provides the year 1881 as the latest chronological year date for Carl Nebel. However, the Wikipedia page states that Carl Nebel died in 1855. Therefore, the provided answer is incorrect and unsupported by the evidence. [model=google/gemma-3-4b-it]",9936.23,False,
google/gemma-3-4b-it,860f9d45f2e50bfecb190bb26eff1f32,groundedness_json,json,trace,0.0,"The agent's response provides the year 1881 as the latest chronological year date. The provided evidence from the Wikipedia page confirms that Carl Nebel died in 1855, not 1881. Therefore, the final answer is not grounded in the evidence. [model=google/gemma-3-4b-it]",9936.23,False,
google/gemma-3-4b-it,860f9d45f2e50bfecb190bb26eff1f32,groundedness_bullet,bullet,trace,1.0,"The agent's response provides the year of death for Carl Nebel, which is 1855. This is directly stated in the first paragraph of the Wikipedia article, confirming the provided answer. [model=google/gemma-3-4b-it]",11260.66,False,
google/gemma-3-4b-it,876eb108c8650d4ada63a8d39aa1e96c,groundedness_line,line,trace,0.0,"The response provides a final answer of 1.46 Angstroms, but it does not explain how this answer was derived. The agent's tool results show no file inspection, and therefore, no basis for calculating the distance between atoms is provided. This makes the final answer unsupported. [model=google/gemma-3-4b-it]",11260.66,False,
google/gemma-3-4b-it,876eb108c8650d4ada63a8d39aa1e96c,groundedness_json,json,trace,0.0,"The agent's response provides a single numerical value (1.46) as the final answer. However, the evidence shows that the agent attempted to use tools but did not successfully retrieve relevant information. Therefore, the claim is unsupported by the available evidence. [model=google/gemma-3-4b-it]",11260.66,False,
google/gemma-3-4b-it,876eb108c8650d4ada63a8d39aa1e96c,groundedness_bullet,bullet,trace,0.0,"The agent provided a final answer of 1.46 Angstroms. However, the evidence section indicates that no tools were able to provide any relevant information. Therefore, the claim is unsupported as there is no basis for the answer. [model=google/gemma-3-4b-it]",11260.66,False,
google/gemma-3-4b-it,88c63c780aba1f23c3c5345aa340d7e2,groundedness_line,line,trace,0.0,"The agent's response provides a specific answer ('rats, mice') without any supporting evidence or justification. It needs to find the relevant papers and the 2021 article to verify this claim. The provided tool results indicate that the tool 'final_answer' did not return any relevant result, suggesting the agent needs to perform additional searches. [model=google/gemma-3-4b-it]",11994.34,False,
google/gemma-3-4b-it,88c63c780aba1f23c3c5345aa340d7e2,groundedness_json,json,trace,0.0,"The agent's response provides specific factual claims ('rats', 'mice') without any supporting evidence from the provided tools. The evidence indicates that the 'final_answer' tool found no result, meaning the agent's response is not grounded in the available information. [model=google/gemma-3-4b-it]",11994.34,False,
google/gemma-3-4b-it,88c63c780aba1f23c3c5345aa340d7e2,groundedness_bullet,bullet,trace,0.0,"The agent's response provides specific animals (rats, mice) as the answer. However, the evidence retrieval tool did not return any results, indicating a lack of support for this claim. Therefore, the response is unsupported. [model=google/gemma-3-4b-it]",11994.34,False,
google/gemma-3-4b-it,88e4ce6a659df42a4146331fff36417c,groundedness_line,line,trace,0.0,"The agent provided a specific year (1937) as the answer to the question. However, the tool results section indicates that no relevant information was found to support this answer. Therefore, the claim is unsupported. [model=google/gemma-3-4b-it]",11994.34,False,
google/gemma-3-4b-it,88e4ce6a659df42a4146331fff36417c,groundedness_json,json,trace,0.0,"The agent's response provides a specific year (1937) as the answer to the question. However, the evidence available to the agent (Tool Results) indicates that the 'final_answer' tool found no result. Therefore, the claim is unsupported by the provided evidence. [model=google/gemma-3-4b-it]",10897.35,False,
google/gemma-3-4b-it,88e4ce6a659df42a4146331fff36417c,groundedness_bullet,bullet,trace,0.0,"The agent provided a specific year (1937) as the answer. However, the evidence tool returned no result. Therefore, the agent's claim is unsupported by the available evidence. [model=google/gemma-3-4b-it]",10897.35,False,
google/gemma-3-4b-it,911e853f02d03e976dbf0c16f653ab57,groundedness_line,line,trace,0.0,"The agent provided two city names, Honolulu and Quincy, as the answer. However, it did not provide any evidence to support this claim, nor did it verify the cities' locations or distances. Therefore, the response is unsupported. [model=google/gemma-3-4b-it]",10897.35,False,
google/gemma-3-4b-it,911e853f02d03e976dbf0c16f653ab57,groundedness_json,json,trace,0.0,"The agent's response provides two city names, Honolulu and Quincy, as the answer. However, the evidence available to the agent (specifically, the 'final_answer' tool) yields no result. Therefore, the agent's claim is unsupported by any provided evidence, and it cannot be grounded. [model=google/gemma-3-4b-it]",10897.35,False,
google/gemma-3-4b-it,911e853f02d03e976dbf0c16f653ab57,groundedness_bullet,bullet,trace,0.0,"The agent provided two cities, Honolulu and Quincy, as the answer. However, the evidence indicates that no tool result was found to support this answer. Therefore, the response is unsupported and lacks grounding in the available evidence. [model=google/gemma-3-4b-it]",14449.0,False,
google/gemma-3-4b-it,915d2c66879657f694f88e0ed6f02cf5,groundedness_line,line,trace,0.0,"The agent provided the answer 07/03/24. However, the search results did not reveal the exact date when 'Regression' was added to the oldest closed numpy.polynomial issue. The search for issues with the label 'Regression' on the numpy repository yielded issue #9533, which was published on August 8, 2017. The agent's answer is therefore unsupported by the available evidence. [model=google/gemma-3-4b-it]",14449.0,False,
google/gemma-3-4b-it,915d2c66879657f694f88e0ed6f02cf5,groundedness_json,json,trace,0.0,"The agent's response provides the answer '07/03/24'. The evidence shows that the issue was closed on August 8, 2017. Therefore, the provided answer is not grounded in the evidence. [model=google/gemma-3-4b-it]",14449.0,False,
google/gemma-3-4b-it,915d2c66879657f694f88e0ed6f02cf5,groundedness_bullet,bullet,trace,0.0,"The agent provided the answer 07/03/24. The evidence shows that issue #9533 was published on August 8, 2017. This is not the date of the oldest closed issue with the 'Regression' label. Therefore, the final answer is not grounded in the evidence. [model=google/gemma-3-4b-it]",14449.0,False,
google/gemma-3-4b-it,96be1bf61f2915e52ec59173b9bd9828,groundedness_line,line,trace,0.0,"The agent provided a final answer of Indonesia and Myanmar. However, the evidence available does not support this answer. The agent did not provide any tool results, indicating it could not find the correct answer. Therefore, the claim is unsupported. [model=google/gemma-3-4b-it]",10596.51,False,
google/gemma-3-4b-it,96be1bf61f2915e52ec59173b9bd9828,groundedness_json,json,trace,0.0,"The agent's response provides a comma-separated list of two countries: Indonesia and Myanmar. However, the evidence available to the agent (specifically, the 'final_answer' tool) yields no result. Therefore, the agent's claim is unsupported by any provided evidence. [model=google/gemma-3-4b-it]",10596.51,False,
google/gemma-3-4b-it,96be1bf61f2915e52ec59173b9bd9828,groundedness_bullet,bullet,trace,0.0,"The agent provided a final answer, but did not provide any evidence to support it. The tool 'final_answer' returned no result, indicating that the agent could not find the answer based on the available tools. Therefore, the factual claim is unsupported. [model=google/gemma-3-4b-it]",10596.51,False,
google/gemma-3-4b-it,99f6b447779ba86b3cff2caede832d59,groundedness_line,line,trace,0.0,"The response provides a specific answer: 7, 9. However, the task asks for the weight and the smaller index of the two transposed columns. The agent's response does not provide any justification or evidence for this answer, nor does it explain how it arrived at this solution. It simply states the answer without any supporting reasoning or verification. [model=google/gemma-3-4b-it]",10596.51,False,
google/gemma-3-4b-it,99f6b447779ba86b3cff2caede832d59,groundedness_json,json,trace,0.0,"The agent's response provides a single factual claim: '7, 9'. The evidence available to the agent is 'Tool Results: (no result)', which indicates no supporting information was provided. Therefore, the claim is unsupported. [model=google/gemma-3-4b-it]",10300.43,False,
google/gemma-3-4b-it,99f6b447779ba86b3cff2caede832d59,groundedness_bullet,bullet,trace,0.0,"The agent's response provides a specific answer: x=7, y=9. This is a single, specific claim. The evidence available to the agent (Tool 'final_answer': (no result)) does not provide any support for this claim. Therefore, the claim is unsupported. [model=google/gemma-3-4b-it]",10300.43,False,
google/gemma-3-4b-it,9cd6dc7c0af658a87f603b488950f409,groundedness_line,line,trace,0.0,"The agent provided a list of fruits based on a painting and a breakfast menu. However, the evidence provided does not contain any information about the fruits served or their arrangement in the painting. Therefore, the response is unsupported. [model=google/gemma-3-4b-it]",10300.43,False,
google/gemma-3-4b-it,9cd6dc7c0af658a87f603b488950f409,groundedness_json,json,trace,0.0,"The agent's response provides a comma-separated list of fruits, but the evidence available does not support these claims. The agent's tool 'final_answer' returned no result, indicating it couldn't find any information to justify the provided answer. Therefore, the response is unsupported. [model=google/gemma-3-4b-it]",10300.43,False,
google/gemma-3-4b-it,9cd6dc7c0af658a87f603b488950f409,groundedness_bullet,bullet,trace,0.0,"The agent provided a list of fruits, but the evidence indicates that this information was not found. Therefore, the response is unsupported. [model=google/gemma-3-4b-it]",9990.51,False,
google/gemma-3-4b-it,9e67afe0ff4eca1558073c2e5cfbf876,groundedness_line,line,trace,0.0,"The agent provided the answer 'flow' based on the visual description of a curved line in the banner. However, the evidence provided does not contain any information about the meaning or significance of this symbol. Therefore, the answer is unsupported. [model=google/gemma-3-4b-it]",9990.51,False,
google/gemma-3-4b-it,9e67afe0ff4eca1558073c2e5cfbf876,groundedness_json,json,trace,0.0,"The agent's response provides the single factual claim 'flow'. However, the evidence available to the agent (Tool Results) indicates that the 'final_answer' tool yielded no result. Therefore, the claim is unsupported by the provided evidence. [model=google/gemma-3-4b-it]",9990.51,False,
google/gemma-3-4b-it,9e67afe0ff4eca1558073c2e5cfbf876,groundedness_bullet,bullet,trace,0.0,"The agent's response is based on a single, unsupported assertion: 'flow'. The task requires identifying the meaning of a symbol on a website, but the agent's tool did not provide any relevant information to justify this answer. Therefore, the response lacks grounding in the available evidence. [model=google/gemma-3-4b-it]",9990.51,False,
google/gemma-3-4b-it,9ec7d4a8ab8c74ab56361ef29d1b1660,groundedness_line,line,trace,0.0,"The agent provided an answer, 'Giovanni Castiglione,' but did not provide any evidence to support this claim. The task requires finding the name of a consecrated individual who was not pope, and the agent simply stated this name without justification or verification. [model=google/gemma-3-4b-it]",13576.62,False,
google/gemma-3-4b-it,9ec7d4a8ab8c74ab56361ef29d1b1660,groundedness_json,json,trace,0.0,"The agent's response provides a specific name ('Giovanni Castiglione') as the answer to a question about a bishop. However, the evidence indicates that the 'final_answer' tool found no result. Therefore, the claim is unsupported by the provided evidence. [model=google/gemma-3-4b-it]",13576.62,False,
google/gemma-3-4b-it,9ec7d4a8ab8c74ab56361ef29d1b1660,groundedness_bullet,bullet,trace,0.0,"The agent provided the name Giovanni Castiglione as the answer. However, the evidence available to the agent did not provide any information to support this answer. Therefore, the claim is unsupported. [model=google/gemma-3-4b-it]",13576.62,False,
google/gemma-3-4b-it,a041b8d88e3fedcc7d387da328f8a3b4,groundedness_line,line,trace,0.0,"The agent's response provides a specific main course ('duck confit') as the answer. However, the task requires finding the specific main course that was on the menu on March 22, 2021 but not April 21, 2021. The evidence provided does not contain information to support this claim, and the agent did not use the Wayback Machine to find this information. [model=google/gemma-3-4b-it]",13576.62,False,
google/gemma-3-4b-it,a041b8d88e3fedcc7d387da328f8a3b4,groundedness_json,json,trace,0.0,"The agent's response provides a specific answer ('duck confit') without sufficient justification. The evidence indicates the tool 'final_answer' yielded no result, meaning the agent essentially guessed the answer without any grounding in the provided information. Therefore, the claim is unsupported. [model=google/gemma-3-4b-it]",10221.37,False,
google/gemma-3-4b-it,a041b8d88e3fedcc7d387da328f8a3b4,groundedness_bullet,bullet,trace,0.0,"The agent provided the final answer 'duck confit' based on a tool result. However, the evidence available (specifically the 'final_answer' tool) did not provide any justification for this answer. Therefore, the claim is unsupported. [model=google/gemma-3-4b-it]",10221.37,False,
google/gemma-3-4b-it,a32806e19bac45a34d3712ccc433ec9d,groundedness_line,line,trace,0.5,"The agent has identified a potential command, 'Replace All /(
?
){2,}/ with 
', based on a web search for relevant information. However, it hasn't provided a specific source or link to the 2018 VSCode blog post, making it difficult to verify the accuracy of this command. [model=google/gemma-3-4b-it]",10221.37,False,
google/gemma-3-4b-it,a32806e19bac45a34d3712ccc433ec9d,groundedness_json,json,trace,1.0,"The agent's final answer is the regular expression 'Replace All /(\r?\n){2,}/ with \n'. This is a specific command, and the evidence provided (web search results) confirms that this command was used in the 2018 VSCode replit blog post to remove extra lines. Therefore, the final answer is grounded in the available evidence. [model=google/gemma-3-4b-it]",10221.37,False,
google/gemma-3-4b-it,a32806e19bac45a34d3712ccc433ec9d,groundedness_bullet,bullet,trace,0.25,"The agent's response provides a final answer and lists several web search results related to the task. However, it doesn't explicitly state which command was clicked in the video, nor does it provide a direct link to the original blog post or video. It only provides links to Stack Overflow discussions and general web searches about the topic. [model=google/gemma-3-4b-it]",10219.2,False,
google/gemma-3-4b-it,a4af6c6d200e6d19d7f24e1d1d688188,groundedness_line,line,trace,0.0,"The agent provided a final answer stating 2072 Akaikai Loop sold for 950000. However, the evidence provided does not contain any information about the sale prices of those specific properties. Therefore, this claim is unsupported. [model=google/gemma-3-4b-it]",10219.2,False,
google/gemma-3-4b-it,a4af6c6d200e6d19d7f24e1d1d688188,groundedness_json,json,trace,0.0,"The agent's response provides a specific factual claim – the sale price of a particular house. However, the evidence indicates that the tool 'final_answer' did not return a result, meaning the agent fabricated this information. Therefore, the claim is unsupported by the available evidence. [model=google/gemma-3-4b-it]",10219.2,False,
google/gemma-3-4b-it,a4af6c6d200e6d19d7f24e1d1d688188,groundedness_bullet,bullet,trace,0.0,"The agent provided a final answer stating 2072 Akaikai Loop sold for 950000. However, the evidence available to the agent (Tool Results) shows no result, meaning the agent did not find any information to support this claim. Therefore, the claim is unsupported. [model=google/gemma-3-4b-it]",10219.2,False,
google/gemma-3-4b-it,a5c2947f441d65edf60131463fb79999,groundedness_line,line,trace,0.5,"The agent's answer is Switzerland, based on a Google search result pointing to a dataset on Hugging Face. The provided evidence includes a link to a dataset record on the Bielefeld University Library BASE, which contains metadata about an article with a unique flag. However, the search results do not explicitly state the country of origin for this article. Therefore, the answer is based on an indirect inference and not directly supported by the provided evidence. [model=google/gemma-3-4b-it]",12499.05,False,
google/gemma-3-4b-it,a5c2947f441d65edf60131463fb79999,groundedness_json,json,trace,1.0,"The agent's final answer is Switzerland, which is supported by the evidence provided. The evidence shows a link to a Hugging Face dataset page discussing a unique flag article from Bielefeld University Library's BASE, specifically mentioning Switzerland as the country of origin. Therefore, the claim is grounded in the available evidence. [model=google/gemma-3-4b-it]",12499.05,False,
google/gemma-3-4b-it,a5c2947f441d65edf60131463fb79999,groundedness_bullet,bullet,trace,0.0,"The agent's response provides a final answer of 'Switzerland' based on a Google search. The evidence includes links to the Bielefeld University Library BASE website and a Hugging Face dataset page. However, the agent's search results do not explicitly state from which country the unknown language article originated. The page down and ctrl f searches did not find the required information. [model=google/gemma-3-4b-it]",12499.05,False,
google/gemma-3-4b-it,a7017f40866dd77c6c0c0e98bad17f69,groundedness_line,line,trace,0.0,"The agent provided a final answer of 180, but did not provide any evidence to support this claim. The task requires finding a compound based on specific criteria and identifying the heaviest compound among gene-chemical co-occurrences. Without any supporting evidence, the answer is unsupported. [model=google/gemma-3-4b-it]",12499.05,False,
google/gemma-3-4b-it,a7017f40866dd77c6c0c0e98bad17f69,groundedness_json,json,trace,0.0,"The agent's response provides a final answer of '180' without any supporting evidence or justification. The evidence available only shows a 'final_answer' tool with no result. Therefore, the claim is unsupported and lacks grounding. [model=google/gemma-3-4b-it]",11051.09,False,
google/gemma-3-4b-it,a7017f40866dd77c6c0c0e98bad17f69,groundedness_bullet,bullet,trace,0.0,"The agent provided a final answer of 180, but the tool 'final_answer' returned no result. This indicates that the agent cannot find the compound that meets the specified criteria based on the available tools. Therefore, the claim is unsupported. [model=google/gemma-3-4b-it]",11051.09,False,
google/gemma-3-4b-it,a96c6811716c0473b86a23321db79c34,groundedness_line,line,trace,0.0,"The agent provided a final answer of 0.00002, which is a percentage. However, the task requires the agent to find the percentage of the penguin population based on a provided file. The agent did not provide any evidence to support this answer, and the tool results indicate that the agent was unable to inspect the file content. Therefore, the claim is unsupported. [model=google/gemma-3-4b-it]",11051.09,False,
google/gemma-3-4b-it,a96c6811716c0473b86a23321db79c34,groundedness_json,json,trace,0.0,"The agent's response provides a numerical answer (0.00002) without any justification or grounding in the provided evidence. The evidence shows no tool results, indicating the agent couldn't access or process the file, and therefore cannot support the answer. [model=google/gemma-3-4b-it]",11051.09,False,
google/gemma-3-4b-it,a96c6811716c0473b86a23321db79c34,groundedness_bullet,bullet,trace,0.0,"The agent provided a final answer of 0.00002, but did not provide any evidence to support this claim. It also did not utilize any tools to find the answer. Therefore, the claim is unsupported. [model=google/gemma-3-4b-it]",12402.11,False,
google/gemma-3-4b-it,a99faf782e8ad4d5f1ccdfcb7e143b9a,groundedness_line,line,trace,0.0,"The agent provided a final answer of 185 yards. However, the search results did not reveal the height of the landmark in the Vogue cover. The search for 'Tower' and 'London' on the Vogue website did not yield any information about the landmark's height. Therefore, the answer is unsupported. [model=google/gemma-3-4b-it]",12402.11,False,
google/gemma-3-4b-it,a99faf782e8ad4d5f1ccdfcb7e143b9a,groundedness_json,json,trace,0.0,"The agent provided a final answer of 185 yards. However, the evidence search yielded no information about the height of the landmark in the Vogue cover. The search results explicitly state that the search terms 'Tower' and 'London' were not found on the provided webpage, indicating a lack of relevant information. [model=google/gemma-3-4b-it]",12402.11,False,
google/gemma-3-4b-it,a99faf782e8ad4d5f1ccdfcb7e143b9a,groundedness_bullet,bullet,trace,0.0,"The agent provided a final answer of 185 yards, but the evidence search did not yield the height of the landmark. The search results for 'August 2021 Vogue cover famous landmark behind trees landmark official height' did not find any specific information about the landmark's height, and the search for 'Tower' and 'London' on the Vogue webpage also yielded no results. Therefore, the answer is unsupported. [model=google/gemma-3-4b-it]",12402.11,False,
google/gemma-3-4b-it,aa76e85e274bb7187a186c5ed9c90b43,groundedness_line,line,trace,0.0,"The response provides a final answer without justification or evidence. It simply states 'b, e' as the subset, but doesn't explain how it arrived at this conclusion or what evidence it used to determine this subset. This lack of reasoning and support makes the claim unsupported. [model=google/gemma-3-4b-it]",9060.7,False,
google/gemma-3-4b-it,aa76e85e274bb7187a186c5ed9c90b43,groundedness_json,json,trace,0.25,"The agent's response provides a specific subset of the set S: 'b, e'. The evidence only shows the table provided, which doesn't directly support this specific selection. It's unclear how this was derived, and the evidence doesn't justify this answer. [model=google/gemma-3-4b-it]",9060.7,False,
google/gemma-3-4b-it,aa76e85e274bb7187a186c5ed9c90b43,groundedness_bullet,bullet,trace,0.5,"The agent's response provides a subset of S that could be part of a counter-example to non-commutativity. However, the reasoning behind this selection is not explicitly supported by the provided evidence. The agent simply stated the answer without explaining how it was derived. [model=google/gemma-3-4b-it]",9060.7,False,
google/gemma-3-4b-it,ae345023ab5e1c09d49c2b2c6e311877,groundedness_line,line,trace,0.0,"The agent provided a list of countries with high savings rates. However, the evidence indicates that the 'final_answer' tool did not return any results. Therefore, the agent's response is unsupported and lacks grounding in any available evidence. [model=google/gemma-3-4b-it]",9060.7,False,
google/gemma-3-4b-it,ae345023ab5e1c09d49c2b2c6e311877,groundedness_json,json,trace,0.0,"The agent's response provides a list of countries with high savings. However, the evidence indicates that the tool 'final_answer' yielded no result. Therefore, the response is unsupported by any available evidence, and the agent failed to ground its claim. [model=google/gemma-3-4b-it]",8645.79,False,
google/gemma-3-4b-it,ae345023ab5e1c09d49c2b2c6e311877,groundedness_bullet,bullet,trace,0.0,"The agent provided a list of countries with high savings rates. However, the evidence tool returned no results, indicating that the agent's response is based on unsupported claims. Therefore, the response lacks grounding in available evidence. [model=google/gemma-3-4b-it]",8645.79,False,
google/gemma-3-4b-it,b159cbc7eb989d874a0337cbee8a373c,groundedness_line,line,trace,0.0,"The agent provided the final answer '42' without any supporting evidence or justification. The provided tools did not return any information about the Python code, leaving no basis to determine the final numeric output. Therefore, the claim is unsupported. [model=google/gemma-3-4b-it]",8645.79,False,
google/gemma-3-4b-it,b159cbc7eb989d874a0337cbee8a373c,groundedness_json,json,trace,0.0,"The agent's response provides a single, specific factual claim: the final numeric output is 42. However, the evidence shows no file inspection was performed, and no tool was used to derive this answer. Therefore, the claim is unsupported by the available evidence. [model=google/gemma-3-4b-it]",8645.79,False,
google/gemma-3-4b-it,b159cbc7eb989d874a0337cbee8a373c,groundedness_bullet,bullet,trace,0.0,"The agent provided the final answer as 42. However, the evidence available to the agent does not contain any information that supports this answer. The agent's tools returned no results, indicating that it was unable to access or analyze the file content. [model=google/gemma-3-4b-it]",9880.2,False,
google/gemma-3-4b-it,b1f9b9baefa4c69d1d848e35c130e29d,groundedness_line,line,trace,0.0,"The agent found the Ben & Jerry's Flavor Graveyard website. It identified a page with headstones, but it could not find the last line of the rhyme under the oldest flavor's headstone. The agent provided the URL to the Flavor Graveyard page, but it did not extract the specific information requested. [model=google/gemma-3-4b-it]",9880.2,False,
google/gemma-3-4b-it,b1f9b9baefa4c69d1d848e35c130e29d,groundedness_json,json,trace,1.0,"The agent's final answer, 'Rest In Cream,' is a specific name and is presented as a fact. The evidence provided includes a link to the Ben & Jerry's Flavor Graveyard page, which contains the headstone inscription. Therefore, the claim is grounded in the provided evidence. [model=google/gemma-3-4b-it]",9880.2,False,
google/gemma-3-4b-it,b1f9b9baefa4c69d1d848e35c130e29d,groundedness_bullet,bullet,trace,0.25,"The agent has identified a link to the Ben & Jerry's Flavor Graveyard website. It also found a link to a road trip article, which is irrelevant to the task. The agent has not found any specific information about the last line of the rhyme under the headstone. [model=google/gemma-3-4b-it]",9880.2,False,
google/gemma-3-4b-it,b241cb7deedf9646f01fa15095ed96d2,groundedness_line,line,trace,0.0,"The agent provided a specific date (21/03/2018) as the answer, but the evidence search did not reveal any information about when the picture was first added to the Wikipedia page. The search results show that the agent was unable to find any relevant information about the specific date or the event itself. [model=google/gemma-3-4b-it]",11091.24,False,
google/gemma-3-4b-it,b241cb7deedf9646f01fa15095ed96d2,groundedness_json,json,trace,0.0,"The agent's response provides a specific date (21/03/2018) as the answer to the question about the addition of a picture of St. Thomas Aquinas to the Wikipedia page. However, the evidence reveals that the tool searches for this information on Wikipedia but fails to find any record of when this occurred. Therefore, the claim is unsupported. [model=google/gemma-3-4b-it]",11091.24,False,
google/gemma-3-4b-it,b241cb7deedf9646f01fa15095ed96d2,groundedness_bullet,bullet,trace,0.0,"The agent provided a specific date (21/03/2018) as the answer, which is a direct response to the question. However, the evidence provided by the tools does not contain any information about when the picture was first added to the Wikipedia page. The agent's answer is therefore based on no evidence. [model=google/gemma-3-4b-it]",11091.24,False,
google/gemma-3-4b-it,b5576ffca7ad7cce0fc34b5aad7fc543,groundedness_line,line,trace,1.0,"The agent identified the phrase 'cloak of print' as not present in the article, and correctly pointed out the presence of 'veil of print' instead. This demonstrates a careful review of the provided text and a direct comparison to the citation. [model=google/gemma-3-4b-it]",11091.24,False,
google/gemma-3-4b-it,b5576ffca7ad7cce0fc34b5aad7fc543,groundedness_json,json,trace,0.0,"The agent's final answer is 'cloak'. However, the evidence indicates that the phrase 'cloak of print' does not appear in the provided text from the article. The agent's response is therefore unsupported by the evidence. [model=google/gemma-3-4b-it]",13718.28,False,
google/gemma-3-4b-it,b5576ffca7ad7cce0fc34b5aad7fc543,groundedness_bullet,bullet,trace,1.0,"The agent identified the phrase 'cloak of print' as not present in the article, and correctly pointed to the phrase 'veil of print' instead. This demonstrates a careful review of the provided text and a direct comparison to the citation. [model=google/gemma-3-4b-it]",13718.28,False,
google/gemma-3-4b-it,b69bcf49516121f03e5809cbd776c21f,groundedness_line,line,trace,1.0,"The agent provided the final answer of 6:50 PM, which is a direct assertion. The evidence includes a link to the Tri-Rail website and a report detailing ridership data for May 27, 2019, including schedule details. While the report doesn't explicitly state the arrival time for the specific train, it provides the schedule, allowing us to infer the arrival time. The agent's answer is therefore grounded in the available evidence. [model=google/gemma-3-4b-it]",13718.28,False,
google/gemma-3-4b-it,b69bcf49516121f03e5809cbd776c21f,groundedness_json,json,trace,0.0,"The agent's response provides the final answer of 6:50 PM. While the evidence includes links to Tri-Rail reports, it doesn't explicitly state the arrival time for the train on May 27, 2019. Therefore, the claim is unsupported by the provided evidence. [model=google/gemma-3-4b-it]",13718.28,False,
google/gemma-3-4b-it,b69bcf49516121f03e5809cbd776c21f,groundedness_bullet,bullet,trace,0.5,"The agent's response provides a final answer of 6:50 PM, which is a specific time. The evidence includes links to Tri-Rail's ridership reports and schedules from May 27, 2019, specifically mentioning Pompano Beach. However, the evidence doesn't explicitly state the arrival time for any particular train. It only provides access to data that *could* contain the answer. [model=google/gemma-3-4b-it]",12771.29,False,
google/gemma-3-4b-it,b7f8fcd484777f9d330f24a2ff30dd25,groundedness_line,line,trace,1.0,"The agent's response provides a translation of the sentence 'I like apples' into Tizin. The response correctly identifies the words for 'I', 'apples', and the verb 'like' as provided in the task description. The agent's answer is grounded in the facts presented in the task. [model=google/gemma-3-4b-it]",12771.29,False,
google/gemma-3-4b-it,b7f8fcd484777f9d330f24a2ff30dd25,groundedness_json,json,trace,0.5,"The agent's response provides a translation of the sentence ""I like apples"" into Tizin, using the provided vocabulary and grammatical rules. The claim that ""Maktay Zapple Pa"" is the correct translation is based on the given rules and definitions of the language. There is no evidence presented to support this claim beyond the provided information. [model=google/gemma-3-4b-it]",12771.29,False,
google/gemma-3-4b-it,b7f8fcd484777f9d330f24a2ff30dd25,groundedness_bullet,bullet,trace,1.0,"The agent's response provides a translation based on the provided rules and vocabulary for the Tizin language. The response is grounded in the facts presented in the task, specifically the word forms and their meanings. [model=google/gemma-3-4b-it]",12771.29,False,
google/gemma-3-4b-it,b810534e7915119254ea6977a72493ae,groundedness_line,line,trace,0.0,"The agent provided a final answer of '4' without any supporting evidence. The task requires computing a check digit for a Tropicos ID, which necessitates finding the relevant Tropicos ID and applying the ISBN-10 algorithm. Since the tool 'final_answer' returned no result, the provided answer is unsupported and therefore incorrect. [model=google/gemma-3-4b-it]",10110.74,False,
google/gemma-3-4b-it,b810534e7915119254ea6977a72493ae,groundedness_json,json,trace,0.0,"The agent's response provides a single, specific numerical answer (4). However, the evidence indicates that the 'final_answer' tool yielded no result. Therefore, the claim that the check digit is 4 is unsupported by the available evidence. [model=google/gemma-3-4b-it]",10110.74,False,
google/gemma-3-4b-it,b810534e7915119254ea6977a72493ae,groundedness_bullet,bullet,trace,0.0,"The agent provided a final answer of '4' without any supporting evidence. The task requires computing a check digit for a Tropicos ID, implying a need for information about Tropicos IDs and ISBN-10 calculations. The agent's response lacks any grounding in the task's requirements or any relevant data. [model=google/gemma-3-4b-it]",10110.74,False,
google/gemma-3-4b-it,b93b2145c5e2022c56bc2a50d5e94d8a,groundedness_line,line,trace,0.0,"The agent was unable to find the specific data requested (sample standard deviations of reference works counts) on ScienceDirect and ultimately stated it could not determine the answer. While the agent searched for relevant information, it did not successfully retrieve the necessary data to fulfill the task. [model=google/gemma-3-4b-it]",10110.74,False,
google/gemma-3-4b-it,b93b2145c5e2022c56bc2a50d5e94d8a,groundedness_json,json,trace,0.0,"The agent's response indicates it 'Unable to determine' the difference in sample standard deviations. While the agent provides several web search results and a PDF document related to ScienceDirect reports, it doesn't actually calculate or present the difference itself. It simply states its inability to find the answer, failing to ground its response in a derived fact. [model=google/gemma-3-4b-it]",10988.99,False,
google/gemma-3-4b-it,b93b2145c5e2022c56bc2a50d5e94d8a,groundedness_bullet,bullet,trace,0.0,"The agent's final answer is 'Unable to determine'. While the agent performed web searches and found some ScienceDirect pages, it did not actually extract the specific data requested (sample standard deviations of reference work counts for Life Sciences and Health Sciences in 2022). It only provided links and descriptions of ScienceDirect resources, without actually presenting the numbers themselves. [model=google/gemma-3-4b-it]",10988.99,False,
google/gemma-3-4b-it,bc9c8f8dc13a51d0cd6762bd325ab17e,groundedness_line,line,trace,0.0,"The agent provided the final answer 'five hundred Things to Eat Before It's Too Late' which appears to be a book title. However, the evidence search did not yield any specific information about the book's title or its connection to the described scenario. The agent's response is based on a single, unsupported claim. [model=google/gemma-3-4b-it]",10988.99,False,
google/gemma-3-4b-it,bc9c8f8dc13a51d0cd6762bd325ab17e,groundedness_json,json,trace,0.0,"The agent's final answer, 'five hundred Things to Eat Before It's Too Late,' is a fabricated title and not grounded in the provided evidence. The evidence contains web searches and page visits related to books, recommendations, and the task itself, but none directly support this specific title. Therefore, the claim is unsupported. [model=google/gemma-3-4b-it]",10988.99,False,
google/gemma-3-4b-it,bc9c8f8dc13a51d0cd6762bd325ab17e,groundedness_bullet,bullet,trace,0.0,"The agent provided the final answer 'five hundred Things to Eat Before It's Too Late', which is a book title. The agent also provided links to Hugging Face datasets and Google searches related to the task, but these links did not directly support the assertion of the book title. The agent's search results did not contain the specific book title requested. [model=google/gemma-3-4b-it]",9903.69,False,
google/gemma-3-4b-it,bcaad76af172d10d2c7e4c257bf20d27,groundedness_line,line,trace,0.0,"The agent provided a final answer of 233 mL, but did not provide any evidence to support this value. The task requires finding the volume of Freon-12 refrigerant at the Marianas Trench, necessitating looking up relevant properties and potentially performing calculations. The agent's response lacks any supporting information or justification. [model=google/gemma-3-4b-it]",9903.69,False,
google/gemma-3-4b-it,bcaad76af172d10d2c7e4c257bf20d27,groundedness_json,json,trace,0.0,"The agent's response provides a single, specific numerical answer (233 mL) without any supporting evidence or justification. The evidence available only shows a 'final_answer' tool with no result, indicating the agent cannot derive this value from any provided source. Therefore, the claim is unsupported. [model=google/gemma-3-4b-it]",9903.69,False,
google/gemma-3-4b-it,bcaad76af172d10d2c7e4c257bf20d27,groundedness_bullet,bullet,trace,0.0,"The agent provided a final answer of 233 mL, but did not provide any evidence to support this calculation. The task requires justification of the answer, and the agent failed to provide any supporting information or calculations. [model=google/gemma-3-4b-it]",9903.69,False,
google/gemma-3-4b-it,c60ad8608dd94271a6c6805eedfa26a8,groundedness_line,line,trace,0.75,"The agent provided the answer 'Jerome Wiesner' based on a search result. The provided evidence includes a link to a Robert Marks article discussing Wiesner's views on AI, and a link to a MIT video about the Thinking Machine. These sources suggest Wiesner was a skeptic about the near-term possibilities of advanced AI, but they don't explicitly state he 'predicted the sooner thinking machines or robots'. Therefore, the answer is based on an inference from the sources, not a direct quote or statement. [model=google/gemma-3-4b-it]",15324.22,False,
google/gemma-3-4b-it,c60ad8608dd94271a6c6805eedfa26a8,groundedness_json,json,trace,1.0,The agent's response provides the name Jerome Wiesner as the scientist predicting thinking machines. The evidence includes a link to a Robert Marks article discussing Wiesner's work and a MIT video about the Thinking Machine. These sources directly support the claim that Wiesner predicted thinking machines. [model=google/gemma-3-4b-it],15324.22,False,
google/gemma-3-4b-it,c60ad8608dd94271a6c6805eedfa26a8,groundedness_bullet,bullet,trace,0.75,The agent provided the answer 'Jerome Wiesner' based on a web search. The evidence presented includes links to articles discussing the video and the prediction of thinking machines. This suggests the agent found this information through external sources. [model=google/gemma-3-4b-it],15324.22,False,
google/gemma-3-4b-it,cac8b6b2d84841d9a5177e399f0595b4,groundedness_line,line,trace,0.0,"The agent provided a final answer of 2150 edits. It claims to have found this number through a Google search for the total number of edits to the Wikipedia page on Antidisestablishmentarianism from its inception until June 2023. However, the evidence provided does not actually contain this number. It only presents a search query and links to Wikipedia and GitHub pages, but no specific count of edits. [model=google/gemma-3-4b-it]",15324.22,False,
google/gemma-3-4b-it,cac8b6b2d84841d9a5177e399f0595b4,groundedness_json,json,trace,0.0,"The agent's final answer is '2150'. The evidence provided includes a web search result stating 'Antidisestablishmentarianism Wikipedia total number of edits revision history count until June 2023'. However, the evidence does not provide the actual number of edits, only a search query and a link to the Wikipedia page. Therefore, the final answer is not grounded in the provided evidence. [model=google/gemma-3-4b-it]",13551.81,False,
google/gemma-3-4b-it,cac8b6b2d84841d9a5177e399f0595b4,groundedness_bullet,bullet,trace,0.0,"The agent provided a final answer of 2150 edits. It used a web search to find the total number of edits to the Wikipedia page on Antidisestablishmentarianism from its inception until June 2023. However, the evidence provided does not contain the actual number of edits, only a search query and links to Wikipedia and Github pages. Therefore, the final answer is not grounded in the evidence. [model=google/gemma-3-4b-it]",13551.81,False,
google/gemma-3-4b-it,cbefff615c15f4de61bd0ffd1ce97d2e,groundedness_line,line,trace,0.0,"The agent provided a final answer without justification or evidence. It needs to identify the values of A, L, and C and perform the calculation as described in the task. The tool 'final_answer' did not return a result, indicating a lack of information to support the answer. [model=google/gemma-3-4b-it]",13551.81,False,
google/gemma-3-4b-it,cbefff615c15f4de61bd0ffd1ce97d2e,groundedness_json,json,trace,0.0,"The agent provided a final answer of 563.9, but the evidence only shows that the 'final_answer' tool had no result. Therefore, the claim is unsupported as there's no basis for the provided answer within the given evidence. [model=google/gemma-3-4b-it]",13551.81,False,
google/gemma-3-4b-it,cbefff615c15f4de61bd0ffd1ce97d2e,groundedness_bullet,bullet,trace,0.0,"The agent provided a final answer but did not provide any evidence to support it. It also did not utilize any tools to verify the answer. Therefore, the response lacks grounding in the provided evidence. [model=google/gemma-3-4b-it]",12928.85,False,
google/gemma-3-4b-it,d277cf50c742ad43ddf128587f59b363,groundedness_line,line,trace,0.25,"The agent provided the answer 'Roger Miller' based on a YouTube video titled 'Robin Hood Rooster Song'. However, the video features a hamster and a rooster, and the song is 'The Hampsterdance Song'. The agent did not correctly identify the composer of 'The Hampsterdance Song', which is not Roger Miller. The agent's response is based on a misinterpretation of the video content and a failure to find the correct composer. [model=google/gemma-3-4b-it]",12928.85,False,
google/gemma-3-4b-it,d277cf50c742ad43ddf128587f59b363,groundedness_json,json,trace,1.0,The agent's final answer is 'Roger Miller'. The evidence provided includes a YouTube link to a video titled 'Robin Hood Rooster Song' which features a song composed by Roger Miller. The agent successfully identified this fact from the provided web search results. [model=google/gemma-3-4b-it],12928.85,False,
google/gemma-3-4b-it,d277cf50c742ad43ddf128587f59b363,groundedness_bullet,bullet,trace,0.5,"The agent provided the answer 'Roger Miller' based on a YouTube video titled 'Robin Hood Rooster Song'. However, the evidence doesn't directly state that Roger Miller composed this song. It only links to a video. The agent needs to verify if this song was actually composed by Roger Miller. [model=google/gemma-3-4b-it]",12928.85,False,
google/gemma-3-4b-it,d2868d12880a41ad5ed1fb3bb39159d5,groundedness_line,line,trace,0.0,"The agent provided the final answer 'Rockhopper Penguin' based on a web search. However, the evidence provided does not directly support this claim. The search results do not explicitly state the bird species featured in the video. Therefore, the final answer is unsupported. [model=google/gemma-3-4b-it]",11900.41,False,
google/gemma-3-4b-it,d2868d12880a41ad5ed1fb3bb39159d5,groundedness_json,json,trace,0.75,"The agent's response provides the final answer 'Rockhopper Penguin', which is a specific species of bird. The evidence shows a web search result mentioning 'BBC Earth ""Top 5 Silliest Animal Moments"" YouTube bird species featured transcript description'. While the evidence doesn't explicitly state the species, it points to a resource that likely contains the answer. [model=google/gemma-3-4b-it]",11900.41,False,
google/gemma-3-4b-it,d2868d12880a41ad5ed1fb3bb39159d5,groundedness_bullet,bullet,trace,0.0,"The agent's final answer is 'Rockhopper Penguin'. The evidence provided is a Google search result for 'BBC Earth ""Top 5 Silliest Animal Moments"" YouTube bird species featured transcript description'. However, the tool 'final_answer' did not return a result, indicating a lack of direct confirmation of the answer within the provided search results. [model=google/gemma-3-4b-it]",11900.41,False,
google/gemma-3-4b-it,d67a8ae853c0b8ed0e55f7fafe4e2f64,groundedness_line,line,trace,0.0,"The agent's response provides a specific answer: 'predict_proba'. The task requires finding the name of another predictor base command that received a bug fix in the Scikit-Learn July 2017 changelog. The agent's tool result indicates no such result was found, so the answer is unsupported. [model=google/gemma-3-4b-it]",11900.41,False,
google/gemma-3-4b-it,d67a8ae853c0b8ed0e55f7fafe4e2f64,groundedness_json,json,trace,0.0,"The agent's response provides a single factual claim: 'predict_proba'. The evidence indicates that the 'final_answer' tool yielded no result. Therefore, the claim is unsupported as it relies on a tool that didn't provide a relevant answer. [model=google/gemma-3-4b-it]",9921.75,False,
google/gemma-3-4b-it,d67a8ae853c0b8ed0e55f7fafe4e2f64,groundedness_bullet,bullet,trace,0.0,"The agent provided a final answer of 'predict_proba'. However, the tool results section indicates that the tool did not find a result for this query. Therefore, the claim is unsupported. [model=google/gemma-3-4b-it]",9921.75,False,
google/gemma-3-4b-it,d7f2f823ff4d4d8bbec1039c6c302a06,groundedness_line,line,trace,0.0,"The agent provided a specific zip code (33040) as the answer, but it did not provide any evidence to support this claim. The task requires identifying locations where the fish was found, and the agent did not provide any relevant information or verification steps to justify this answer. [model=google/gemma-3-4b-it]",9921.75,False,
google/gemma-3-4b-it,d7f2f823ff4d4d8bbec1039c6c302a06,groundedness_json,json,trace,0.0,"The agent's response provides a single zip code as the answer, but the task explicitly requests locations where the fish was found. The evidence provided (no tool result) indicates the agent did not find any relevant information to support this specific claim, making it unsupported. [model=google/gemma-3-4b-it]",9921.75,False,
google/gemma-3-4b-it,d7f2f823ff4d4d8bbec1039c6c302a06,groundedness_bullet,bullet,trace,0.0,"The agent provided a single zip code as the answer, but did not provide any evidence to support this claim. The task requires identifying locations where the fish was found, necessitating a search for relevant information. [model=google/gemma-3-4b-it]",9365.35,False,
google/gemma-3-4b-it,d857dc7d137db732306e97c3820652bd,groundedness_line,line,trace,0.0,"The agent's response is 'not', indicating it cannot answer the question. This is a direct statement and, without any supporting evidence, it is an unsupported claim. The task explicitly requires finding the correct answer, and this response fails to do so. [model=google/gemma-3-4b-it]",9365.35,False,
google/gemma-3-4b-it,d857dc7d137db732306e97c3820652bd,groundedness_json,json,trace,0.0,"The agent's response is simply 'not', which doesn't contain any factual claims. Therefore, it's impossible to evaluate its groundedness based on the provided evidence. Since there are no claims to assess, the response is effectively unsupported. [model=google/gemma-3-4b-it]",9365.35,False,
google/gemma-3-4b-it,d857dc7d137db732306e97c3820652bd,groundedness_bullet,bullet,trace,0.0,"The agent's response is 'not', which is a claim. Since the task requires a specific answer, this claim is unsupported as it doesn't provide any factual information or reasoning. It simply states a lack of an answer, which is not a grounded response. [model=google/gemma-3-4b-it]",9365.35,False,
google/gemma-3-4b-it,d9a8dff7edce2d1b15ed4769886d9a2a,groundedness_line,line,trace,0.0,"The agent provided a final answer of 20, but did not provide any evidence to support this claim. The task requires finding the percentage based on two papers, and the agent did not perform any verification steps or cite any sources. [model=google/gemma-3-4b-it]",10423.4,False,
google/gemma-3-4b-it,d9a8dff7edce2d1b15ed4769886d9a2a,groundedness_json,json,trace,0.0,"The agent provided a final answer of '20' without any supporting evidence. The evidence available only shows a 'final_answer' tool result with no output. Therefore, the claim is unsupported and lacks grounding. [model=google/gemma-3-4b-it]",10423.4,False,
google/gemma-3-4b-it,d9a8dff7edce2d1b15ed4769886d9a2a,groundedness_bullet,bullet,trace,0.0,"The agent provided a final answer of 20, but did not provide any evidence to support this claim. The agent only reported the result of a tool, but did not verify if the tool provided a correct answer. Therefore, the claim is unsupported. [model=google/gemma-3-4b-it]",10423.4,False,
google/gemma-3-4b-it,dbc070b918d4a052c0b686081408fb52,groundedness_line,line,trace,0.0,"The agent provided a final answer of 'Bravo' based on a tool result, but the tool did not return any result. Therefore, the claim is unsupported. The task requires finding the explosive force of a catastrophe and a US nuclear test with a similar yield, which necessitates looking up relevant information. [model=google/gemma-3-4b-it]",10423.4,False,
google/gemma-3-4b-it,dbc070b918d4a052c0b686081408fb52,groundedness_json,json,trace,0.0,"The agent's response provides a single, specific answer: 'Bravo'. However, the evidence indicates that the tool 'final_answer' yielded no result. Therefore, the claim is unsupported as it's based on a tool that didn't provide a relevant answer. [model=google/gemma-3-4b-it]",10676.24,False,
google/gemma-3-4b-it,dbc070b918d4a052c0b686081408fb52,groundedness_bullet,bullet,trace,0.0,"The agent provided a final answer of 'Bravo' based on a tool result, but did not provide any evidence to support this answer. It also did not perform any verification steps as requested. Therefore, the claim is unsupported. [model=google/gemma-3-4b-it]",10676.24,False,
google/gemma-3-4b-it,dcb89b6b049d424caf4c3e5fcd22c84c,groundedness_line,line,trace,0.0,"The agent's response provides a final answer of 525, but the evidence search failed to retrieve the relevant data. The tool 'web_search' returned a 403 error, and the web archive also failed to provide the requested information. Therefore, the answer is unsupported. [model=google/gemma-3-4b-it]",10676.24,False,
google/gemma-3-4b-it,dcb89b6b049d424caf4c3e5fcd22c84c,groundedness_json,json,trace,0.0,"The agent's response provides the final answer (525) without sufficient justification or evidence. The evidence provided primarily consists of a link to Baseball-Reference, but the tool results indicate that accessing the page resulted in an error (403).  Therefore, the claim is unsupported. [model=google/gemma-3-4b-it]",10676.24,False,
google/gemma-3-4b-it,dcb89b6b049d424caf4c3e5fcd22c84c,groundedness_bullet,bullet,trace,0.0,"The agent provided a final answer of 525 at bats, but the evidence retrieval process failed to find the relevant data. The tool 'web_search' returned an error 403, and the archived URL also resulted in an error. Therefore, the agent cannot ground its answer in any available evidence. [model=google/gemma-3-4b-it]",10778.4,False,
google/gemma-3-4b-it,e491d73ca2fd8a2a6f8984feb1c408a3,groundedness_line,line,trace,0.75,"The agent provided a list of ingredients for the pie filling. The task explicitly requested a comma-separated list of ingredients, alphabetized, and only containing the filling ingredients. The agent fulfilled these requirements. However, the agent did not verify the ingredients with the audio file, so the grounding is not fully established. [model=google/gemma-3-4b-it]",10778.4,False,
google/gemma-3-4b-it,e491d73ca2fd8a2a6f8984feb1c408a3,groundedness_json,json,trace,0.5,"The agent's response lists ingredients from the audio file. While the response is a reasonable interpretation of the audio, it doesn't explicitly state where this information comes from. The evidence provided only confirms the existence of the file, not the content within it. [model=google/gemma-3-4b-it]",10778.4,False,
google/gemma-3-4b-it,e491d73ca2fd8a2a6f8984feb1c408a3,groundedness_bullet,bullet,trace,0.0,"The agent's response lists ingredients for the pie filling. The task explicitly states that the agent should extract ingredients from an audio file. The agent has not provided any evidence of having listened to the audio file, and therefore the response is based on assumptions rather than the provided evidence. [model=google/gemma-3-4b-it]",10778.4,False,
google/gemma-3-4b-it,e6ca28af6722fc00fc7294d1b291bea4,groundedness_line,line,trace,0.0,"The agent's response provides a single, unsupported claim: 'FINAL ANSWER: i'. There is no evidence presented to justify this answer, and the task requires identifying a specific character or text to correct the Unlambda code. The agent has not provided any reasoning or justification for this selection. [model=google/gemma-3-4b-it]",9930.57,False,
google/gemma-3-4b-it,e6ca28af6722fc00fc7294d1b291bea4,groundedness_json,json,trace,0.0,"The agent's response provides a single, unsupported claim: 'i'. The evidence available does not offer any information to justify this assertion, making it entirely unsupported and thus failing to be grounded in the provided evidence. [model=google/gemma-3-4b-it]",9930.57,False,
google/gemma-3-4b-it,e6ca28af6722fc00fc7294d1b291bea4,groundedness_bullet,bullet,trace,0.0,"The agent's response is simply 'i'. This is a single, unsupported claim. The task requires identifying a specific character or text to correct the Unlambda code to output 'For penguins'. The agent has no evidence to support this claim, and it's a completely arbitrary response. [model=google/gemma-3-4b-it]",9930.57,False,
google/gemma-3-4b-it,e7d5dd0d36db95a40a4fbe258edd0aba,groundedness_line,line,trace,0.0,"The agent provided the final answer of 10. However, it did not provide any justification or evidence to support this claim. It only presented links to Box Office Mojo, but did not analyze the data to determine which of the top 10 worldwide movies also ranked in the top 10 domestically. [model=google/gemma-3-4b-it]",9930.57,False,
google/gemma-3-4b-it,e7d5dd0d36db95a40a4fbe258edd0aba,groundedness_json,json,trace,0.0,"The agent's response provides the final answer as '10'. However, the evidence doesn't directly support this claim. The evidence shows the top 10 highest-grossing worldwide movies of 2020, but it doesn't explicitly state how many of those are also on the top 10 highest-grossing domestic movies. Therefore, the response is unsupported. [model=google/gemma-3-4b-it]",12984.39,False,
google/gemma-3-4b-it,e7d5dd0d36db95a40a4fbe258edd0aba,groundedness_bullet,bullet,trace,0.0,"The agent's final answer is 10. The evidence suggests that the top 10 highest-grossing worldwide movies of 2020 are listed on the top 10 highest-grossing domestic movies. However, the evidence does not explicitly state how many of the top 10 worldwide movies are also on the top 10 domestic movies. The agent simply provides the answer without any supporting calculation or reasoning. [model=google/gemma-3-4b-it]",12984.39,False,
google/gemma-3-4b-it,ea313eef484bb042ddb079771359c8e6,groundedness_line,line,trace,1.0,"The response provides a direct quote from the script, stating 'INT. THE CASTLE - DAY'. This is the exact setting described in the first scene heading, aligning with the evidence presented. The response successfully identified the specific location as stated in the script. [model=google/gemma-3-4b-it]",12984.39,False,
google/gemma-3-4b-it,ea313eef484bb042ddb079771359c8e6,groundedness_json,json,trace,1.0,"The agent's response contains the factual claim 'INT. THE CASTLE - DAY', which is directly supported by the web search results, specifically the first result from the Google search. This claim is a specific location name found in the script, aligning with the evidence provided. [model=google/gemma-3-4b-it]",12984.39,False,
google/gemma-3-4b-it,ea313eef484bb042ddb079771359c8e6,groundedness_bullet,bullet,trace,1.0,The agent has successfully identified the exact location from the script as 'INT. THE CASTLE - DAY'. This is directly supported by the provided web search results and the text excerpt from the script itself. The agent correctly extracted the specific setting described in the first scene heading. [model=google/gemma-3-4b-it],10291.67,False,
google/gemma-3-4b-it,eb42da715add1437eced9e494b0f62f7,groundedness_line,line,trace,0.0,"The agent provided a final answer of 2 slides mentioning crustaceans. However, the evidence indicates that the agent was unable to access the file content and therefore could not verify this claim. Without examining the PowerPoint presentation, it's impossible to determine if this answer is correct. [model=google/gemma-3-4b-it]",10291.67,False,
google/gemma-3-4b-it,eb42da715add1437eced9e494b0f62f7,groundedness_json,json,trace,0.0,"The agent's response provides a single, specific numerical answer (2). However, the evidence shows no tools were used to analyze the PowerPoint file, and therefore, there's no basis to support this claim. The agent simply asserted a number without any justification or evidence. [model=google/gemma-3-4b-it]",10291.67,False,
google/gemma-3-4b-it,eb42da715add1437eced9e494b0f62f7,groundedness_bullet,bullet,trace,0.0,"The agent provided a final answer of 2 slides mentioning crustaceans. However, it did not provide any evidence to support this claim, only stating that it used tools but yielded no results. Therefore, the claim is unsupported. [model=google/gemma-3-4b-it]",10291.67,False,
google/gemma-3-4b-it,ee9335fbe7329b273a8d922bd3f73b84,groundedness_line,line,trace,0.0,"The agent was unable to find the specific quoted word from Emily Midkiff's article. Despite searching the provided file, it only contained excerpts and summaries, not the full text of the article. Therefore, the agent cannot provide the answer to the question. [model=google/gemma-3-4b-it]",11766.23,False,
google/gemma-3-4b-it,ee9335fbe7329b273a8d922bd3f73b84,groundedness_json,json,trace,0.0,"The agent's final answer is 'tricksy', but the evidence provided does not contain the specific word or the context from which it was quoted. The agent was unable to extract the relevant passage from the provided file, indicating a lack of grounding in the available evidence. [model=google/gemma-3-4b-it]",11766.23,False,
google/gemma-3-4b-it,ee9335fbe7329b273a8d922bd3f73b84,groundedness_bullet,bullet,trace,0.0,"The agent was unable to find the specific quoted word from Emily Midkiff's article. It was unable to access the full text of the article and specifically searched for the word 'quoted' on the page, without success. This indicates a failure to ground the final answer in the available evidence. [model=google/gemma-3-4b-it]",11766.23,False,
google/gemma-3-4b-it,ee939c276d2bdab808593f5121c52faf,groundedness_line,line,trace,0.0,"The agent provided the answer 'Kleinpaul' based on a web search. However, the search results did not provide the author's name. The search for 'endopsychic myths' and 'neurologist' on the provided website did not yield the requested information. Therefore, the answer is based on an unsupported claim. [model=google/gemma-3-4b-it]",11766.23,False,
google/gemma-3-4b-it,ee939c276d2bdab808593f5121c52faf,groundedness_json,json,trace,0.0,"The agent's response provides the answer 'Kleinpaul' based on the provided evidence. However, the evidence itself doesn't directly support this answer. The search results and page visits reveal no information about the influential author of the book or the neurologist's beliefs. Therefore, the claim is unsupported by the available evidence. [model=google/gemma-3-4b-it]",11326.6,False,
google/gemma-3-4b-it,ee939c276d2bdab808593f5121c52faf,groundedness_bullet,bullet,trace,0.0,"The agent provided the final answer 'Kleinpaul'. However, the evidence search did not find any information to support this answer. The search results for the provided DOI and keywords did not yield the requested author's last name. [model=google/gemma-3-4b-it]",11326.6,False,
google/gemma-3-4b-it,ef0207e4427fe22aeb1c2105932b74d7,groundedness_line,line,trace,1.0,"The agent found the Merriam-Webster Word of the Day for June 27, 2022, which was 'jingoism'. The article explicitly states that Annie Levin was the writer quoted for that day's word. Therefore, the answer is grounded in the provided evidence. [model=google/gemma-3-4b-it]",11326.6,False,
google/gemma-3-4b-it,ef0207e4427fe22aeb1c2105932b74d7,groundedness_json,json,trace,1.0,"The agent's response provides the answer 'Annie Levin' based on a link to Merriam-Webster's Word of the Day for June 27, 2022, which explicitly states that the writer quoted was Annie Levin. The evidence directly supports this claim. [model=google/gemma-3-4b-it]",11326.6,False,
google/gemma-3-4b-it,ef0207e4427fe22aeb1c2105932b74d7,groundedness_bullet,bullet,trace,1.0,"The agent's response provides a direct link to the Merriam-Webster Word of the Day for June 27, 2022, which features Annie Levin as the quoted writer. This directly answers the question about the writer quoted. [model=google/gemma-3-4b-it]",11010.18,False,
google/gemma-3-4b-it,f04b425c107f7b972209528a46c407d9,groundedness_line,line,trace,0.0,"The agent provided a final answer of 2 without any supporting evidence or reasoning. The task requires finding the minimum number of towers needed to cover all houses, which necessitates examining the file and potentially performing calculations. The agent's response lacks any justification or reference to the file content, making the answer unsupported. [model=google/gemma-3-4b-it]",11010.18,False,
google/gemma-3-4b-it,f04b425c107f7b972209528a46c407d9,groundedness_json,json,trace,0.0,"The agent's response provides a final answer of '2', which is a numerical value. However, the evidence provided does not support this answer. The agent did not analyze the file or provide any reasoning for this conclusion, making the claim unsupported. [model=google/gemma-3-4b-it]",11010.18,False,
google/gemma-3-4b-it,f04b425c107f7b972209528a46c407d9,groundedness_bullet,bullet,trace,0.0,"The agent provided a final answer of 2, but did not provide any evidence to support this claim. It did not utilize the provided file, and the tools did not return any results. Therefore, the answer is unsupported. [model=google/gemma-3-4b-it]",11010.18,False,
google/gemma-3-4b-it,f2de3b74884dc2312bb0fbf7c9867a9c,groundedness_line,line,trace,0.0,"The agent's response is UNSUPPORTED. The task explicitly instructs the agent to find the date from a specific source (endnote on page 11 of the book with DOI 10.2307/j.ctv9b2xdv). The agent's final answer is 'Unable to determine,' which is a claim that cannot be supported by the provided evidence. [model=google/gemma-3-4b-it]",13545.5,False,
google/gemma-3-4b-it,f2de3b74884dc2312bb0fbf7c9867a9c,groundedness_json,json,trace,1.0,"The agent's response is 'Unable to determine,' which is a claim. However, the evidence provided (no tool result) directly supports this claim – the agent cannot find the answer based on the available tools. Therefore, the claim is supported by the evidence. [model=google/gemma-3-4b-it]",13545.5,False,
google/gemma-3-4b-it,f2de3b74884dc2312bb0fbf7c9867a9c,groundedness_bullet,bullet,trace,0.0,"The agent's response is that it 'Unable to determine' the date. This is a factual claim about its ability to find the answer. Since the task explicitly states the agent has access to tools and should find the correct answer, this claim is unsupported by the available evidence. [model=google/gemma-3-4b-it]",13545.5,False,
google/gemma-3-4b-it,f39aec9b8a61fd2aaed5849cc00bc165,groundedness_line,line,trace,0.0,"The agent provided an answer ('Marek') without any supporting evidence. The task requires verification steps to ensure the answer is correct, and the tool results section indicates no relevant information was found. Therefore, the claim is unsupported. [model=google/gemma-3-4b-it]",13545.5,False,
google/gemma-3-4b-it,f39aec9b8a61fd2aaed5849cc00bc165,groundedness_json,json,trace,0.0,"The agent's response provides a single factual claim: that Marek played a role in Magda M. However, the evidence indicates that the 'final_answer' tool found no result. Therefore, the claim is unsupported by the available evidence. [model=google/gemma-3-4b-it]",10795.02,False,
google/gemma-3-4b-it,f39aec9b8a61fd2aaed5849cc00bc165,groundedness_bullet,bullet,trace,0.0,"The agent provided a specific name as the answer, but the tool results section indicates that the tool did not find a final answer. Therefore, the agent's claim is unsupported by the available evidence. [model=google/gemma-3-4b-it]",10795.02,False,
google/gemma-3-4b-it,f510c80d120dc75e4259704184ee802d,groundedness_line,line,trace,0.0,"The agent provided a final answer, but did not demonstrate how it was derived or supported by the provided evidence. The tool 'final_answer' returned no result, indicating that the agent did not find any relevant information to justify its claim. Therefore, the claim is unsupported. [model=google/gemma-3-4b-it]",10795.02,False,
google/gemma-3-4b-it,f510c80d120dc75e4259704184ee802d,groundedness_json,json,trace,0.0,"The agent's response provides a single claim: (¬A → B) ↔ (A ∨ ¬B). The evidence indicates the tool 'final_answer' yielded no result, meaning the agent's assertion is not grounded in any provided information. Therefore, the claim is unsupported. [model=google/gemma-3-4b-it]",10795.02,False,
google/gemma-3-4b-it,f510c80d120dc75e4259704184ee802d,groundedness_bullet,bullet,trace,0.0,"The agent provided a final answer, but did not provide any evidence to support it. The tool 'final_answer' returned no result, indicating that the agent did not find any relevant information to justify its claim. Therefore, the claim is unsupported. [model=google/gemma-3-4b-it]",11791.46,False,
google/gemma-3-4b-it,f5a297c9b9bc74ca0b1060b1c4c99c0f,groundedness_line,line,trace,1.0,The agent provided the answer 1987 based on a Google Finance search. The search results indicate that Apple stock closed above $50 in 1987. This is a specific fact that can be directly supported by the provided Google Finance documentation. [model=google/gemma-3-4b-it],11791.46,False,
google/gemma-3-4b-it,f5a297c9b9bc74ca0b1060b1c4c99c0f,groundedness_json,json,trace,1.0,"The agent's final answer of '1987' is supported by the evidence provided, which specifically states that the Apple stock closed above $50 in 1987. The evidence directly links this fact to a Google Finance documentation page detailing historical stock prices. Therefore, the claim is grounded in the available evidence. [model=google/gemma-3-4b-it]",11791.46,False,
google/gemma-3-4b-it,f5a297c9b9bc74ca0b1060b1c4c99c0f,groundedness_bullet,bullet,trace,0.5,"The agent provided a final answer of 1987. The evidence suggests that the first year Apple stock closed above $50 was 1987, but the evidence doesn't explicitly state this. It only provides links to Google Finance documentation discussing historical stock prices.  More specific data is needed to confirm this claim. [model=google/gemma-3-4b-it]",11791.46,False,
google/gemma-3-4b-it,f75d18151ad96809e922a80ebe2a171e,groundedness_line,line,trace,0.0,"The agent's response identifies 'citation count' as the answer. However, the evidence provided does not contain any information about why citation count might be the largest factor in the DeepFruits graph. Therefore, this claim is unsupported. [model=google/gemma-3-4b-it]",15175.12,False,
google/gemma-3-4b-it,f75d18151ad96809e922a80ebe2a171e,groundedness_json,json,trace,0.0,"The agent's response claims 'citation count' as the answer. However, the evidence provided (Tool Results) shows no result for this tool, meaning there's no basis for this claim. Therefore, the claim is unsupported. [model=google/gemma-3-4b-it]",15175.12,False,
google/gemma-3-4b-it,f75d18151ad96809e922a80ebe2a171e,groundedness_bullet,bullet,trace,0.0,"The agent's response identifies 'citation count' as the answer. However, the tool 'final_answer' returned no result, indicating that this claim is not supported by any available evidence. Therefore, the response is unsupported. [model=google/gemma-3-4b-it]",15175.12,False,
google/gemma-3-4b-it,f84e4dfe98f92d8d39a1e00115cd77df,groundedness_line,line,trace,0.0,"The agent's final answer is 0, but the task requires finding the number of revisions on the Wikipedia page. The agent successfully visited the Wikipedia page for the game and found a link to the version history. It also found a Google search result that specifically asked for the revision count before September 2019. However, the agent did not extract the revision count from the Wikipedia page's history, and did not provide the answer. Therefore, the agent failed to fulfill the task. [model=google/gemma-3-4b-it]",15175.12,False,
google/gemma-3-4b-it,f84e4dfe98f92d8d39a1e00115cd77df,groundedness_json,json,trace,0.0,"The agent's final answer is '0', suggesting it believes the Wikipedia page for the game had zero revisions before the release date. However, the evidence provided shows the page had a significant number of revisions before the specified date, as evidenced by the revision history links. Therefore, the claim is unsupported. [model=google/gemma-3-4b-it]",12266.09,False,
google/gemma-3-4b-it,f84e4dfe98f92d8d39a1e00115cd77df,groundedness_bullet,bullet,trace,0.0,"The agent's final answer is 0, but the evidence suggests the Wikipedia page for the game has a revision history. The agent needs to find the number of revisions on the Wikipedia page as of the date listed on the page. The agent has visited the Wikipedia page and found the revision history, but it did not calculate the number of revisions. [model=google/gemma-3-4b-it]",12266.09,False,
google/gemma-3-4b-it,fa31e4af04a2469c88d6e8845e8aac69,groundedness_line,line,trace,0.0,"The agent provided a final answer without any supporting reasoning or calculations. The task requires a detailed breakdown of the potato needs based on the provided information, which the agent did not perform. Therefore, the answer is unsupported. [model=google/gemma-3-4b-it]",12266.09,False,
google/gemma-3-4b-it,fa31e4af04a2469c88d6e8845e8aac69,groundedness_json,json,trace,0.0,"The agent's response provides a single numerical answer (2) without any justification or evidence. The task requires a detailed survey of facts, including calculations and reasoning, which the agent completely omits. Therefore, the claim is unsupported by the provided evidence. [model=google/gemma-3-4b-it]",12266.09,False,
google/gemma-3-4b-it,fa31e4af04a2469c88d6e8845e8aac69,groundedness_bullet,bullet,trace,0.0,"The agent's final answer of '2' is based on a very simplified calculation and lacks justification. The problem requires a detailed calculation of the number of potatoes needed, considering the number of adults and children attending, and their respective potato consumption. The agent did not perform this calculation, and the provided evidence does not support the answer. [model=google/gemma-3-4b-it]",10442.91,False,
google/gemma-3-4b-it,fb3333ca30eb8af56d4f31839ca9e317,groundedness_line,line,trace,0.0,The agent provided a final answer of 540 without any supporting evidence. It needs to find the population of chinstrap penguins from the Wikipedia page and the Nature.com article and then calculate the difference. It also needs to consider the assumption of two penguins per breeding pair. [model=google/gemma-3-4b-it],10442.91,False,
google/gemma-3-4b-it,fb3333ca30eb8af56d4f31839ca9e317,groundedness_json,json,trace,0.0,"The agent's response provides a single numerical answer (540) without any supporting evidence or justification. The evidence available only shows a 'final_answer' tool with no result, indicating the agent did not find any relevant information to ground its answer. Therefore, the claim is unsupported. [model=google/gemma-3-4b-it]",10442.91,False,
google/gemma-3-4b-it,fb3333ca30eb8af56d4f31839ca9e317,groundedness_bullet,bullet,trace,0.0,"The agent provided a final answer of 540, but did not provide any evidence to support this claim. It also did not utilize any tools to find the answer. Therefore, the response is unsupported and lacks groundedness. [model=google/gemma-3-4b-it]",10442.91,False,
google/gemma-3-4b-it,fcdcb46c7df316b571138b53bd3c822a,groundedness_line,line,trace,0.0,"The agent provided a final answer of 12, but the tool results section indicates that the tool 'final_answer' did not return any result. Therefore, the claim of 12 is unsupported by the available evidence. [model=google/gemma-3-4b-it]",23404.56,False,
google/gemma-3-4b-it,fcdcb46c7df316b571138b53bd3c822a,groundedness_json,json,trace,0.0,"The agent's response provides a single, specific numerical answer (12). However, the evidence indicates that the 'final_answer' tool yielded no result. Therefore, the claim of '12' is unsupported by the available evidence, as the tool failed to find any relevant information. [model=google/gemma-3-4b-it]",23404.56,False,
google/gemma-3-4b-it,fcdcb46c7df316b571138b53bd3c822a,groundedness_bullet,bullet,trace,0.0,"The agent provided a final answer of 12, but the tool 'final_answer' returned no result. This indicates a lack of evidence to support the claim, making it unsupported. [model=google/gemma-3-4b-it]",23404.56,False,
