model,trace_id,evaluator,prompt_format,level,score,explanation,latency_ms,is_skipped,skip_reason
Qwen/Qwen3.5-9B,0035f455b3ff2295167a844f04d85d34,groundedness_line,line,trace,0.0,"The response provides a specific zip code (33149) as the final answer without any supporting evidence from the provided tool results or task description. The available evidence contains no data regarding the invasive locations of the fish species mentioned in the task, making the claim completely unsupported. [model=Qwen/Qwen3.5-9B]",17139.28,False,
Qwen/Qwen3.5-9B,0035f455b3ff2295167a844f04d85d34,groundedness_json,json,trace,0.0,"The agent claims a specific zip code (33149) as the final answer, but the provided evidence contains no data to support this fact. The claim is completely unsupported by the available tool results, which returned no information. [model=Qwen/Qwen3.5-9B]",17139.28,False,
Qwen/Qwen3.5-9B,0035f455b3ff2295167a844f04d85d34,groundedness_bullet,bullet,trace,0.0,"The agent provided a specific zip code (33149) as the final answer without using any search tools or citing evidence from the USGS to verify the location of the invasive fish. The available evidence shows no tool results were generated to support this factual claim, making it completely ungrounded. [model=Qwen/Qwen3.5-9B]",17139.28,False,
Qwen/Qwen3.5-9B,0140b3f657eddf76ca82f72c49ac8e58,groundedness_line,line,trace,0.0,"The agent claims the answer is 'Louvrier' despite explicitly finding no matches for 'equine veterinarian', 'veterin', or 'vet' on the provided page. The evidence shows the search failed, yet the agent presented a specific name as the final answer without any supporting text, making the claim unsupported and contradictory to the tool results. [model=Qwen/Qwen3.5-9B]",17139.28,False,
Qwen/Qwen3.5-9B,0140b3f657eddf76ca82f72c49ac8e58,groundedness_json,json,trace,0.0,"The agent claims the surname is 'Louvrier', but the provided evidence explicitly states that searches for 'equine veterinarian', 'veterin', and 'vet' yielded no results on the specified page. Since the agent asserts a specific fact that is directly contradicted by the available search logs, the response is completely ungrounded. [model=Qwen/Qwen3.5-9B]",3448.43,False,
Qwen/Qwen3.5-9B,0140b3f657eddf76ca82f72c49ac8e58,groundedness_bullet,bullet,trace,0.0,"The agent claims the answer is 'Louvrier' despite explicitly finding no matches for 'equine veterinarian', 'veterin', or 'vet' on the provided page. This conclusion is completely unsupported by the evidence, which shows the search terms were not found, and contradicts the agent's own verification steps. [model=Qwen/Qwen3.5-9B]",3448.43,False,
Qwen/Qwen3.5-9B,01c5727165fc43899b3b594b9bef5f19,groundedness_line,line,trace,0.0,"The agent claims the answer is 0 based on a failed search for 'certain' on a specific paper page, but the evidence shows the agent only checked one submission (id=09QFnDWPF8) out of 26 total pages and did not perform a comprehensive search across all submissions for the author 'Yuri' with a 'certain' recommendation. The conclusion that the count is zero is unsupported because the agent failed to verify the entire dataset. [model=Qwen/Qwen3.5-9B]",3448.43,False,
Qwen/Qwen3.5-9B,01c5727165fc43899b3b594b9bef5f19,groundedness_json,json,trace,0.0,"The agent response claims the count is 0, but the provided evidence explicitly shows a search result for a paper with 'certain' recommendation and an author named 'Yuri' (id=09QFnDWPF8), contradicting the agent's assertion. The agent failed to extract the correct count from the available evidence, making the factual claim unsupported and contradicted by the tool results. [model=Qwen/Qwen3.5-9B]",3448.43,False,
Qwen/Qwen3.5-9B,01c5727165fc43899b3b594b9bef5f19,groundedness_bullet,bullet,trace,0.0,"The agent claims the answer is 0 based on a failed search for 'certain' on a specific paper page, but the provided evidence shows the search was performed on a single submission (id=09QFnDWPF8) rather than the full list of papers by 'Yuri'. The agent did not verify if any papers by 'Yuri' exist or check other pages where such papers might be located, making the conclusion unsupported by the available evidence. [model=Qwen/Qwen3.5-9B]",3273.83,False,
Qwen/Qwen3.5-9B,0242ca2533fac5b8b604a9060b3e15d6,groundedness_line,line,trace,0.0,"The response claims 'negative binomial' is the answer, but the provided evidence contains no search results, citations, or data regarding Manash Pratim Kashyap or PS Fader's 2018-2019 studies. The claim is entirely unsupported by the available evidence. [model=Qwen/Qwen3.5-9B]",3273.83,False,
Qwen/Qwen3.5-9B,0242ca2533fac5b8b604a9060b3e15d6,groundedness_json,json,trace,0.0,"The agent claims a specific two-word model type without any supporting evidence, as the available tool results contain no data to verify the authors, publication dates, or model names. This constitutes a complete fabrication of facts not present in the provided context. [model=Qwen/Qwen3.5-9B]",3273.83,False,
Qwen/Qwen3.5-9B,0242ca2533fac5b8b604a9060b3e15d6,groundedness_bullet,bullet,trace,0.0,"The agent provided a specific factual answer ('negative binomial') without citing any evidence or performing the required verification steps to confirm the authors, publication years, or model types. The available evidence contains no results to support this claim, making the answer completely ungrounded. [model=Qwen/Qwen3.5-9B]",3273.83,False,
Qwen/Qwen3.5-9B,041b7f9c8c76c2ca1a8e67c6769267c3,groundedness_line,line,trace,0.0,"The response claims the answer is 20, but the provided evidence contains no data regarding the total number of articles published by Nature in 2020 or any verification steps. The calculation relies entirely on an unstated assumption about the total paper count, making the specific factual claim completely unsupported by the available evidence. [model=Qwen/Qwen3.5-9B]",2728.77,False,
Qwen/Qwen3.5-9B,041b7f9c8c76c2ca1a8e67c6769267c3,groundedness_json,json,trace,0.0,"The agent response claims a specific numerical answer (20) without deriving it from the provided evidence, which contains no data on Nature's 2020 publication volume or p-value distribution. The calculation required to reach this number is impossible given the lack of necessary input facts, making the claim unsupported and contradictory to the available evidence. [model=Qwen/Qwen3.5-9B]",2728.77,False,
Qwen/Qwen3.5-9B,041b7f9c8c76c2ca1a8e67c6769267c3,groundedness_bullet,bullet,trace,0.0,"The response claims the answer is 20, but the provided evidence contains no data regarding Nature's 2020 publication count or p-value distribution, making the factual basis for this calculation entirely absent. The agent failed to identify the necessary missing facts (total papers, actual p-value distribution) in its preparatory survey, leading to an unsupported and likely incorrect conclusion. [model=Qwen/Qwen3.5-9B]",2728.77,False,
Qwen/Qwen3.5-9B,08be1639c58e086cf0bb8c269039973d,groundedness_line,line,trace,0.0,"The response provides specific EC numbers without any supporting evidence from the provided tool results, which contain no data. The agent failed to perform the required literature search or verification steps to ground these claims in the specified paper. [model=Qwen/Qwen3.5-9B]",2728.77,False,
Qwen/Qwen3.5-9B,08be1639c58e086cf0bb8c269039973d,groundedness_json,json,trace,0.0,"The agent response provides specific EC numbers without any supporting evidence, as the available tool results contain no data. The claim is completely unsupported by the provided evidence and contradicts the instruction to only list facts derived from available sources. [model=Qwen/Qwen3.5-9B]",3624.47,False,
Qwen/Qwen3.5-9B,08be1639c58e086cf0bb8c269039973d,groundedness_bullet,bullet,trace,0.0,"The agent provided specific EC numbers without any supporting evidence, as the available tool results were empty and the task required searching a specific 2016 paper which was not provided. The response is entirely hallucinated and contradicts the constraint to base answers on available evidence. [model=Qwen/Qwen3.5-9B]",3624.47,False,
Qwen/Qwen3.5-9B,0adc4f3b99d9564d32811e913cc9d248,groundedness_line,line,trace,0.0,"The response claims the answer is 100, but the provided task text contains a logical contradiction (if all 100 residents say 'at least one is human', and humans tell the truth, then there must be at least one human, meaning the count cannot be 100). The agent failed to resolve this logical puzzle or identify the contradiction in the evidence, resulting in an unsupported factual claim. [model=Qwen/Qwen3.5-9B]",3624.47,False,
Qwen/Qwen3.5-9B,0adc4f3b99d9564d32811e913cc9d248,groundedness_json,json,trace,0.0,"The agent claims the answer is 100, which directly contradicts the logical deduction from the villagers' statements that all 100 residents are vampires (since a vampire cannot truthfully say 'at least one of us is a human' if they were the only vampire). The provided evidence contains no tool results or data to support this specific number, making the claim unsupported and factually incorrect based on the task's internal logic. [model=Qwen/Qwen3.5-9B]",3624.47,False,
Qwen/Qwen3.5-9B,0adc4f3b99d9564d32811e913cc9d248,groundedness_bullet,bullet,trace,0.0,"The response claims the answer is 100, which directly contradicts the logical deduction from the provided text that 50 residents are vampires and 50 are humans. The evidence explicitly states that all 100 residents gave the same answer ('At least one of us is a human'), a scenario only possible if exactly half are vampires, not all of them. [model=Qwen/Qwen3.5-9B]",2901.29,False,
Qwen/Qwen3.5-9B,0ebe673d64647ec44c370638b82d3c78,groundedness_bullet,bullet,trace,0.0,"The agent's claim that the answer is 'right' is unsupported because it failed to decode the reversed task text ('If you understand this sentence, write it as ""tfel"" below') or verify the solution. The provided tool results contain no evidence to support this specific factual claim. [model=Qwen/Qwen3.5-9B]",2901.29,False,
Qwen/Qwen3.5-9B,0ebe673d64647ec44c370638b82d3c78,groundedness_line,line,trace,0.0,"The agent's response 'right' is factually unsupported because the task requires decoding a reversed string, which the agent failed to do. The provided evidence shows no tool results or reasoning steps that justify the answer 'right' over the correct decoded text 'If I turn this sentence around, it spells 'tfel' on the wall'. [model=Qwen/Qwen3.5-9B]",15296.79,False,
Qwen/Qwen3.5-9B,0ebe673d64647ec44c370638b82d3c78,groundedness_json,json,trace,0.0,"The user query contains a reversed sentence that decodes to 'If I understand you correctly, write the opposite of the word ""tfel""', which requires the answer 'left'. The agent response 'right' directly contradicts this logical derivation and ignores the available evidence. [model=Qwen/Qwen3.5-9B]",15296.79,False,
Qwen/Qwen3.5-9B,1427b326e21963a1228647ad8dff2bf4,groundedness_line,line,trace,0.0,"The response provides a specific numerical answer (3) without any supporting evidence, as the available tool results contain no data regarding the Game Grumps video or the phrase in question. The claim is completely unsupported by the provided evidence. [model=Qwen/Qwen3.5-9B]",2773.94,False,
Qwen/Qwen3.5-9B,1427b326e21963a1228647ad8dff2bf4,groundedness_json,json,trace,0.0,"The agent's claim that the answer is 3 is unsupported because the provided evidence contains no information about the Game Grumps video, the specific phrase shown, or the count of the letter 'E'. The response is a fabrication as the necessary facts to derive the answer were not available in the evidence. [model=Qwen/Qwen3.5-9B]",2773.94,False,
Qwen/Qwen3.5-9B,1427b326e21963a1228647ad8dff2bf4,groundedness_bullet,bullet,trace,0.0,"The agent's claim that the answer is 3 is unsupported because the provided evidence contains no information about the Game Grumps video, the specific phrase shown, or the count of the letter 'E'. The agent failed to perform the necessary look-up or derivation steps required by the task. [model=Qwen/Qwen3.5-9B]",2773.94,False,
Qwen/Qwen3.5-9B,14be0e98b825d2da5665e2e10f6cc927,groundedness_line,line,trace,0.0,"The agent's final answer is completely unsupported because the provided evidence shows the search for 'paper' failed on the webpage, meaning the agent could not locate the linked paper or the specific NASA award number for R. G. Arendt. The response presents a specific grant number as a fact despite the agent explicitly stating it could not find the necessary information on the page. [model=Qwen/Qwen3.5-9B]",2773.94,False,
Qwen/Qwen3.5-9B,14be0e98b825d2da5665e2e10f6cc927,groundedness_json,json,trace,0.0,"The agent response provides a specific NASA award number (80GSFC21M0002) that is not present in the provided search results or webpage content, which only confirm the article title and the absence of the word 'paper' on the current page. Since the evidence does not contain the requested fact and the agent offers no derivation or alternative source, the claim is unsupported. [model=Qwen/Qwen3.5-9B]",2908.03,False,
Qwen/Qwen3.5-9B,14be0e98b825d2da5665e2e10f6cc927,groundedness_bullet,bullet,trace,0.0,"The agent's final answer (80GSFC21M0002) is not grounded in the provided evidence, as the search results explicitly state that the string 'paper' was not found on the relevant webpage. Consequently, the agent could not locate the linked paper or the specific NASA award number for R. G. Arendt from the available text. [model=Qwen/Qwen3.5-9B]",2908.03,False,
Qwen/Qwen3.5-9B,18efa24e637b9423f34180d1f2041d3e,groundedness_line,line,trace,0.0,"The response claims the answer is 28, but the provided evidence contains no data regarding the number of images in the 2022 Lego Wikipedia article. The 'final_answer' tool returned no result, leaving the specific factual claim completely unsupported by the available evidence. [model=Qwen/Qwen3.5-9B]",2908.03,False,
Qwen/Qwen3.5-9B,18efa24e637b9423f34180d1f2041d3e,groundedness_json,json,trace,0.0,"The agent claims a specific count of 28 images, but the provided evidence contains no data to support this number. The tool result explicitly shows 'no result', meaning the claim is entirely unsupported by the available evidence. [model=Qwen/Qwen3.5-9B]",2908.03,False,
Qwen/Qwen3.5-9B,18efa24e637b9423f34180d1f2041d3e,groundedness_bullet,bullet,trace,0.0,"The agent claims the answer is 28 without providing any evidence or search results to support this specific number. The available tool results show no data, making the factual claim completely unsupported by the provided evidence. [model=Qwen/Qwen3.5-9B]",2499.58,False,
Qwen/Qwen3.5-9B,1dd91d388cb4889e6c1f5ea5ca06bce6,groundedness_line,line,trace,0.0,"The response claims the answer is 'the country', but the task requires a specific Google translation of a dictionary source title, which is not mentioned in the provided evidence. The available tool results contain no information about the Yola word 'gimlie', its Latin root, or the Collins dictionary entry, making the claim completely unsupported. [model=Qwen/Qwen3.5-9B]",2499.58,False,
Qwen/Qwen3.5-9B,1dd91d388cb4889e6c1f5ea5ca06bce6,groundedness_json,json,trace,0.0,"The agent response 'the country' makes no factual claims that can be verified against the provided evidence, which contains no results. The response fails to address the specific task requirements regarding the Latin root of 'gimlie' or the Collins dictionary translation, rendering it completely ungrounded. [model=Qwen/Qwen3.5-9B]",2499.58,False,
Qwen/Qwen3.5-9B,1dd91d388cb4889e6c1f5ea5ca06bce6,groundedness_bullet,bullet,trace,0.0,"The agent response 'the country' is a fabricated answer that directly contradicts the task requirement for a Google translation of a dictionary title. No evidence supports this claim, and it fails to address the specific linguistic and dictionary lookup steps requested. [model=Qwen/Qwen3.5-9B]",2499.58,False,
Qwen/Qwen3.5-9B,21f0c6c8d76ac61f4388f36ddffe1c38,groundedness_line,line,trace,0.0,"The response claims the answer is 'Investigations in Interface Usability' without providing any evidence from the search results to support this specific title. The available evidence only shows a link to a PDF and a failed attempt to access a different paper, neither of which confirms the author's previous work or its title. [model=Qwen/Qwen3.5-9B]",2961.46,False,
Qwen/Qwen3.5-9B,21f0c6c8d76ac61f4388f36ddffe1c38,groundedness_json,json,trace,0.0,"The agent's final answer 'Investigations in Interface Usability' is not supported by the provided evidence, which only lists the title of the query paper and a different paper ('Supporting menu design with radial layouts') without establishing author lineage or prior works. The response fails to address the multi-step reasoning required to identify the specific author and their previous papers, making the claim unsupported and likely hallucinated. [model=Qwen/Qwen3.5-9B]",2961.46,False,
Qwen/Qwen3.5-9B,21f0c6c8d76ac61f4388f36ddffe1c38,groundedness_bullet,bullet,trace,0.0,"The agent's final answer 'Investigations in Interface Usability' is not grounded in the provided evidence, which only lists a paper title, publication year, and a failed attempt to access an author's prior work. The agent failed to identify the specific author with prior publications or retrieve the title of their first paper from the available search results. [model=Qwen/Qwen3.5-9B]",2961.46,False,
Qwen/Qwen3.5-9B,2209204b631e26f4cee4dc3dd995608c,groundedness_line,line,trace,0.0,The response claims 'Wen Jiabao' is the answer without providing any evidence from the available tools or reasoning steps to support this specific fact. The provided evidence shows no results for the final answer tool and lacks any verification of the OpenCV version history or the transliteration logic required to solve the task. [model=Qwen/Qwen3.5-9B],2961.46,False,
Qwen/Qwen3.5-9B,2209204b631e26f4cee4dc3dd995608c,groundedness_json,json,trace,0.0,"The agent claims 'Wen Jiabao' is the answer without providing any reasoning or evidence, despite the task explicitly requiring a preparatory survey of facts and verification steps. The available evidence contains no tool results to support this specific factual claim, making it completely ungrounded. [model=Qwen/Qwen3.5-9B]",2658.52,False,
Qwen/Qwen3.5-9B,2209204b631e26f4cee4dc3dd995608c,groundedness_bullet,bullet,trace,0.0,"The agent provided a specific name ('Wen Jiabao') as the final answer without citing any evidence or showing the reasoning steps required to verify the connection between OpenCV's Mask-RCNN support and a Chinese head of government. Since the available evidence contains no tool results or source data to support this claim, the answer is completely ungrounded. [model=Qwen/Qwen3.5-9B]",2658.52,False,
Qwen/Qwen3.5-9B,25c8275651013fe8398ef0f735eb0912,groundedness_line,line,trace,0.0,"The response claims Santa Fe and Cambridge as the cities for the westernmost and easternmost universities, respectively, but the provided evidence contains no information about US Secretaries of Homeland Security, their educational backgrounds, or the locations of their universities. Consequently, all specific factual claims in the response are completely unsupported by the available evidence. [model=Qwen/Qwen3.5-9B]",2658.52,False,
Qwen/Qwen3.5-9B,25c8275651013fe8398ef0f735eb0912,groundedness_json,json,trace,0.0,"The agent's response lists specific cities (Santa Fe, Cambridge) as the answer, but the provided evidence contains no data about US Secretaries of Homeland Security, their education, or university locations. Consequently, all factual claims in the response are unsupported and contradict the lack of available evidence. [model=Qwen/Qwen3.5-9B]",2658.52,False,
Qwen/Qwen3.5-9B,25c8275651013fe8398ef0f735eb0912,groundedness_bullet,bullet,trace,0.0,"The response claims Santa Fe and Cambridge are the cities for the westernmost and easternmost universities of non-acting US Secretaries of Homeland Security prior to April 2019, but the provided evidence contains no data on these individuals or their degrees, making the claims unsupported. The agent failed to identify the necessary facts (names of secretaries, their degrees, and university locations) from the available evidence, resulting in a hallucinated answer. [model=Qwen/Qwen3.5-9B]",3010.4,False,
Qwen/Qwen3.5-9B,2713fa0aa73f0c5a8b480f026c21a547,groundedness_line,line,trace,0.0,"The response claims the answer is 12, but the provided evidence contains no data, search results, or reasoning to support this specific number. The agent failed to perform the required lookup on Wikipedia or derive the count from any available information. [model=Qwen/Qwen3.5-9B]",3010.4,False,
Qwen/Qwen3.5-9B,2713fa0aa73f0c5a8b480f026c21a547,groundedness_json,json,trace,0.0,"The agent claims the answer is 12 without providing any reasoning, sources, or verification steps, despite the task explicitly requiring a survey of facts and logical derivation. The available evidence contains no data to support this specific number, making the claim completely ungrounded. [model=Qwen/Qwen3.5-9B]",3010.4,False,
Qwen/Qwen3.5-9B,2713fa0aa73f0c5a8b480f026c21a547,groundedness_bullet,bullet,trace,0.0,"The response claims the answer is 12, but the provided evidence contains no tool results or data to support this specific number. The claim is completely unsupported by the available evidence. [model=Qwen/Qwen3.5-9B]",3010.4,False,
Qwen/Qwen3.5-9B,27a6c5ebc3311542156fdde857a0035f,groundedness_line,line,trace,0.0,"The agent's answer is factually incorrect because it includes the word 'CHAIR' which is not present in the provided text block, and it omits the word 'THESE' which is the first row. The correct sentence formed by reading the 5x7 block left-to-right is 'THESE AGULL GLIDE DPEAC EFULL YTOMY'. [model=Qwen/Qwen3.5-9B]",2908.93,False,
Qwen/Qwen3.5-9B,27a6c5ebc3311542156fdde857a0035f,groundedness_json,json,trace,0.0,"The agent's response claims a specific sentence was found in the provided text block, but the available evidence contains no tool results or text content to verify this. The agent fabricated the answer without grounding it in the provided evidence, as the task explicitly required reading the specific 5x7 block of text which was not included in the evidence. [model=Qwen/Qwen3.5-9B]",2908.93,False,
Qwen/Qwen3.5-9B,27a6c5ebc3311542156fdde857a0035f,groundedness_bullet,bullet,trace,0.0,"The agent's answer is factually incorrect because it includes the word 'SEAGULL' which is not present in the provided text block, and it omits the letter 'S' from the first row 'THESE'. The claim that the sentence was correctly pulled from the text is contradicted by the evidence. [model=Qwen/Qwen3.5-9B]",2908.93,False,
Qwen/Qwen3.5-9B,2c77a8feec544cc61a00a387ad792a13,groundedness_line,line,trace,0.0,"The response claims the answer is 2, but the provided evidence contains no information about the poem 'Father Son and Holy Ghost' or its stanza structure. The claim is completely unsupported by the available evidence. [model=Qwen/Qwen3.5-9B]",2908.93,False,
Qwen/Qwen3.5-9B,2c77a8feec544cc61a00a387ad792a13,groundedness_json,json,trace,0.0,"The agent claims the answer is 2 without providing any reasoning or citing evidence from the task, which contains no information about stanza indentation. The available tool results show no data was retrieved to support this specific factual claim, making it entirely ungrounded. [model=Qwen/Qwen3.5-9B]",3434.53,False,
Qwen/Qwen3.5-9B,2c77a8feec544cc61a00a387ad792a13,groundedness_bullet,bullet,trace,0.0,"The agent claims the answer is 2 without providing any evidence from the poem or using available tools to verify the stanza indentation. The response is completely unsupported by the provided evidence, which contains no tool results or text analysis. [model=Qwen/Qwen3.5-9B]",3434.53,False,
Qwen/Qwen3.5-9B,2cb6924caac94b32d2bf4b40bdf4ab51,groundedness_line,line,trace,0.0,"The response provides specific CFM values (1325 and 1250) that are not present in the provided evidence, which only contains metadata about a reality TV show titled 'Cheaters' and a YouTube playlist, with no mention of vacuum cleaners, CFM ratings, or a 'James' channel testing 'Cheater' vs 'Cheater Beater'. The agent failed to find the requested data in the available sources and hallucinated the numbers. [model=Qwen/Qwen3.5-9B]",3434.53,False,
Qwen/Qwen3.5-9B,2cb6924caac94b32d2bf4b40bdf4ab51,groundedness_json,json,trace,0.0,"The agent response provides specific CFM values (1325 and 1250) that are not present in the provided evidence, which only contains metadata like view counts and video titles without performance statistics. Consequently, the factual claims are unsupported by the available evidence. [model=Qwen/Qwen3.5-9B]",3434.53,False,
Qwen/Qwen3.5-9B,2cb6924caac94b32d2bf4b40bdf4ab51,groundedness_bullet,bullet,trace,0.0,"The agent's response provides specific CFM values (1325 and 1250) that are not present in the provided evidence, which only contains metadata like view counts, keywords, and video titles without any performance data. The agent failed to extract the requested numerical facts from the available sources, making the claims completely unsupported by the evidence. [model=Qwen/Qwen3.5-9B]",3015.55,False,
Qwen/Qwen3.5-9B,3205fa0cb2135fe671bf7cd0e5a26151,groundedness_line,line,trace,0.0,"The agent claims an answer of 4.0 but provides no evidence from the file to support this calculation, as the tool results show no data was retrieved. The response fails to identify any facts given, look up, or derive, rendering the specific numerical claim completely unsupported by the available evidence. [model=Qwen/Qwen3.5-9B]",3015.55,False,
Qwen/Qwen3.5-9B,3205fa0cb2135fe671bf7cd0e5a26151,groundedness_json,json,trace,0.0,"The agent claims a specific numerical answer (4.0) without any supporting evidence, as the tool results explicitly show no data was retrieved from the required file. This constitutes a fabricated fact that directly contradicts the available evidence, which contains no information to support the claim. [model=Qwen/Qwen3.5-9B]",3015.55,False,
Qwen/Qwen3.5-9B,3205fa0cb2135fe671bf7cd0e5a26151,groundedness_bullet,bullet,trace,0.0,"The agent provides a specific numerical answer (4.0) despite having no evidence from the required file or any tool results to support this calculation. The claim is completely unsupported and contradicts the available evidence, which shows no data was retrieved. [model=Qwen/Qwen3.5-9B]",3015.55,False,
Qwen/Qwen3.5-9B,3215fc75e81bdb73706a4fb37b66427f,groundedness_line,line,trace,0.0,"The response provides a specific numerical value (0.1777) without citing the search results or any other evidence. The available evidence shows a search was performed but yielded no specific volume data in the text, making the claim unsupported by the provided context. [model=Qwen/Qwen3.5-9B]",2665.23,False,
Qwen/Qwen3.5-9B,3215fc75e81bdb73706a4fb37b66427f,groundedness_json,json,trace,0.0,"The agent claims a specific volume of 0.1777 m^3, but the provided evidence only shows a search result indicating no final answer was found. Since the agent presents a precise number without any supporting data or derivation from the available text, the claim is unsupported and likely hallucinated. [model=Qwen/Qwen3.5-9B]",2665.23,False,
Qwen/Qwen3.5-9B,3215fc75e81bdb73706a4fb37b66427f,groundedness_bullet,bullet,trace,0.0,"The agent provides a specific numerical answer (0.1777) without citing any supporting data from the provided search results, which only confirm the existence of the paper but do not contain the volume value. The claim is therefore unsupported by the available evidence. [model=Qwen/Qwen3.5-9B]",2665.23,False,
Qwen/Qwen3.5-9B,331aece579d942bb4c345a86c86efb83,groundedness_line,line,trace,0.0,"The response claims a specific number (3) without providing any evidence or reasoning to support this count. The available evidence contains no tool results or data regarding the Wikipedia link structure on the specified date, making the factual claim completely unsupported. [model=Qwen/Qwen3.5-9B]",2665.23,False,
Qwen/Qwen3.5-9B,331aece579d942bb4c345a86c86efb83,groundedness_json,json,trace,0.0,"The agent claims a specific numerical answer (3) without any supporting evidence, as the provided tool results contain no data. The task explicitly requires using Wikipedia pages from a specific date, but the agent has no access to this information or any verification steps. [model=Qwen/Qwen3.5-9B]",3170.54,False,
Qwen/Qwen3.5-9B,331aece579d942bb4c345a86c86efb83,groundedness_bullet,bullet,trace,0.0,"The agent claims the answer is 3 without providing any evidence, such as a screenshot or text from the Wikipedia pages as of July 3, 2023, which is required to verify the specific link count. The available tool results show no data was retrieved to support this specific factual claim, making the answer unsupported and likely hallucinated. [model=Qwen/Qwen3.5-9B]",3170.54,False,
Qwen/Qwen3.5-9B,33cedc57294f33839f1acc3ee5182788,groundedness_line,line,trace,0.0,"The agent's final answer of 142 is not supported by the provided evidence, as the only successful tool result (PMC8457661) contains no specific age data for the beads, and the relevant Science Advances link resulted in a 403 error. The agent appears to have hallucinated the specific number without extracting it from the available text or successfully accessing the source. [model=Qwen/Qwen3.5-9B]",3170.54,False,
Qwen/Qwen3.5-9B,33cedc57294f33839f1acc3ee5182788,groundedness_json,json,trace,0.0,"The agent response provides a specific numerical answer ('142') without any supporting text or citation from the provided evidence. The available evidence shows failed searches, access errors (403), and only the title/abstract snippet of a relevant paper without the specific age data, making the claim completely unsupported. [model=Qwen/Qwen3.5-9B]",3170.54,False,
Qwen/Qwen3.5-9B,33cedc57294f33839f1acc3ee5182788,groundedness_bullet,bullet,trace,0.0,"The agent's final answer of 142,000 years is not supported by the provided evidence, as the only successful tool result (PMC8457661) contains no specific age data for the beads, while the relevant search result was blocked by a 403 error. The agent appears to have hallucinated the specific number without finding the necessary fact in the available text. [model=Qwen/Qwen3.5-9B]",2963.62,False,
Qwen/Qwen3.5-9B,3637c5845140adbf29c565923c20e94d,groundedness_line,line,trace,0.0,"The response provides a specific numerical answer (7.5) without citing any supporting evidence, such as the Wikipedia article containing the recycling rates or the calculated total miles for the specified route. The provided tool results contain no data to verify the calculation or the source of the figure. [model=Qwen/Qwen3.5-9B]",2963.62,False,
Qwen/Qwen3.5-9B,3637c5845140adbf29c565923c20e94d,groundedness_json,json,trace,0.0,"The agent response claims a specific dollar amount (7.5) without any supporting evidence, whereas the available tool results contain no data. This constitutes a complete fabrication of facts not present in the provided evidence. [model=Qwen/Qwen3.5-9B]",2963.62,False,
Qwen/Qwen3.5-9B,3637c5845140adbf29c565923c20e94d,groundedness_bullet,bullet,trace,0.0,"The agent claims the answer is 7.5 dollars based on a calculation involving water bottles and miles, but the task explicitly requires finding a specific dollar amount from Wikipedia, which the agent failed to retrieve or verify. The provided tool results contain no evidence to support the numerical claim, making the response entirely ungrounded. [model=Qwen/Qwen3.5-9B]",2963.62,False,
Qwen/Qwen3.5-9B,387546b0d3e81503bd8d392c6f1b6b25,groundedness_line,line,trace,0.0,"The agent's final answer 'research' is not grounded in the provided evidence; the search results and visited pages contain no information about the 'R' acronym in Wikipedia's core policies or the specific content violation on the Legume page. The agent failed to extract the specific fact requested from the available sources, resulting in a hallucinated answer. [model=Qwen/Qwen3.5-9B]",2977.31,False,
Qwen/Qwen3.5-9B,387546b0d3e81503bd8d392c6f1b6b25,groundedness_json,json,trace,0.0,"The agent response 'FINAL ANSWER: research' is a direct hallucination as the provided evidence contains no information about the 'Legume Wikipedia page', 'public logs', 'core policies', or the meaning of the letter 'R'. The available search results and page visits are irrelevant to the specific query, making the claim completely unsupported. [model=Qwen/Qwen3.5-9B]",2977.31,False,
Qwen/Qwen3.5-9B,387546b0d3e81503bd8d392c6f1b6b25,groundedness_bullet,bullet,trace,0.0,"The agent's final answer 'research' is not grounded in the provided evidence; the search results only confirm that a search was performed and list unrelated dataset content, while the agent explicitly failed to find the specific answer in the Wikipedia talk page logs. The claim that the answer is 'research' is therefore unsupported and contradicted by the lack of relevant information in the cited sources. [model=Qwen/Qwen3.5-9B]",2977.31,False,
Qwen/Qwen3.5-9B,396b6aa1ab86eb2e20d27582eb5eebd9,groundedness_line,line,trace,0.0,"The agent claims the answer is 'A Nightmare on Elm Street', but the provided evidence shows a 403 error on the relevant JSTOR page and failed searches for 'dream' on the only accessible document, meaning the answer is not grounded in the available text. The agent presents a specific factual claim without any supporting evidence from the tool results, which explicitly failed to retrieve the necessary information. [model=Qwen/Qwen3.5-9B]",2977.31,False,
Qwen/Qwen3.5-9B,396b6aa1ab86eb2e20d27582eb5eebd9,groundedness_json,json,trace,0.0,"The agent's claim that 'A Nightmare on Elm Street' is the correct answer is not supported by the provided evidence, which failed to find the specific movie in the searched academic sources. The available evidence contains no confirmation of this fact, leading to a conclusion that the response is hallucinated. [model=Qwen/Qwen3.5-9B]",2770.17,False,
Qwen/Qwen3.5-9B,396b6aa1ab86eb2e20d27582eb5eebd9,groundedness_bullet,bullet,trace,0.0,"The agent provides a specific answer ('A Nightmare on Elm Street') without any textual evidence from the search results supporting this claim. The available evidence shows a 403 error on the primary source and failed searches for 'dream' on the only accessible page, meaning the answer is completely ungrounded in the provided context. [model=Qwen/Qwen3.5-9B]",2770.17,False,
Qwen/Qwen3.5-9B,3acaa3150977e199eddb95c64f2ada2e,groundedness_line,line,trace,0.0,"The agent claims the answer is 27, but the provided search results only mention a figure of 554 species from a Wikipedia article about Linnaeus's Systema Naturae, which is unrelated to the specific YouTube video requested. There is no evidence in the tool results supporting the number 27, making the claim unsupported and likely incorrect. [model=Qwen/Qwen3.5-9B]",2770.17,False,
Qwen/Qwen3.5-9B,3acaa3150977e199eddb95c64f2ada2e,groundedness_json,json,trace,0.0,"The agent claims the answer is 27, but the provided evidence only shows a search result stating Linnaeus increased the number of birds to 554 species, with no mention of the specific video content or the number 27. This constitutes a complete fabrication of facts not present in the available evidence. [model=Qwen/Qwen3.5-9B]",2770.17,False,
Qwen/Qwen3.5-9B,3acaa3150977e199eddb95c64f2ada2e,groundedness_bullet,bullet,trace,0.0,"The agent claims the answer is 27, but the only provided evidence from the web search discusses Linnaeus's classification of 554 bird species in Systema Naturae, which is unrelated to the specific YouTube video content. There is no evidence supporting the number 27, making the claim unsupported and contradictory to the available context. [model=Qwen/Qwen3.5-9B]",3048.86,False,
Qwen/Qwen3.5-9B,3f05ba33cd4ae18ccba6db9a5749c16f,groundedness_line,line,trace,0.25,"The response incorrectly includes 'sweet potatoes' in the vegetable list, whereas the provided evidence (the user's grocery list containing 'sweet potatoes', 'plums', 'acorns', etc.) requires excluding botanical fruits like sweet potatoes, plums, and acorns to satisfy the botanist's constraint. The agent failed to identify these items as fruits based on the available text, leading to a factual error in the derived list. [model=Qwen/Qwen3.5-9B]",3048.86,False,
Qwen/Qwen3.5-9B,3f05ba33cd4ae18ccba6db9a5749c16f,groundedness_json,json,trace,0.0,"The agent's response is not grounded in the provided evidence because the available tool results contain no data, yet the agent confidently lists specific items as vegetables. This constitutes a hallucination where the agent ignores the explicit instruction to derive facts from the input list without making unsupported assumptions. [model=Qwen/Qwen3.5-9B]",3048.86,False,
Qwen/Qwen3.5-9B,3f05ba33cd4ae18ccba6db9a5749c16f,groundedness_bullet,bullet,trace,0.25,"The response incorrectly includes 'sweet potatoes' in the vegetable list, whereas the provided text explicitly defines vegetables as items that are not botanical fruits, and sweet potatoes are botanically roots (not fruits). The agent failed to consult any external evidence to verify the botanical classification of the items, leading to a factual error based on the task's specific constraints. [model=Qwen/Qwen3.5-9B]",3048.86,False,
Qwen/Qwen3.5-9B,41b597524173272503073a0799ac523c,groundedness_line,line,trace,0.0,"The response 'Guava' is a direct contradiction of the explicit instruction to write 'Pineapple' if the instructions make no sense, as the prompt contains a logical contradiction (telling the agent not to answer while demanding an answer). The provided evidence contains no support for the word 'Guava' and explicitly contradicts the agent's choice based on the task's own rules. [model=Qwen/Qwen3.5-9B]",2788.16,False,
Qwen/Qwen3.5-9B,41b597524173272503073a0799ac523c,groundedness_json,json,trace,0.0,"The agent's response 'Guava' directly contradicts the explicit instruction to write 'Pineapple' if anything in the task doesn't make sense, and it ignores the actual questions provided. Since the only available evidence is an empty tool result, the agent's specific factual claim is unsupported and contradicted by the prompt's instructions. [model=Qwen/Qwen3.5-9B]",2788.16,False,
Qwen/Qwen3.5-9B,41b597524173272503073a0799ac523c,groundedness_bullet,bullet,trace,0.5,"The agent correctly followed the instruction to output 'Guava' despite the contradictory math and color questions, as the prompt explicitly forbade answering those questions. However, the agent failed to identify the logical contradiction in the prompt (asking to write 'Pineapple' if instructions don't make sense) as a fact to derive, which is a critical oversight in the reasoning process required by the task. [model=Qwen/Qwen3.5-9B]",2788.16,False,
Qwen/Qwen3.5-9B,41bbc898aa7de0f31d2382ff57700a76,groundedness_line,line,trace,0.0,"The response provides specific page numbers (12, 45, 67) as the final answer, but the available evidence shows that the tool used to inspect the attached audio file returned no results, meaning no data was extracted to support these claims. Consequently, the factual claims in the response are completely unsupported by the provided evidence. [model=Qwen/Qwen3.5-9B]",2788.16,False,
Qwen/Qwen3.5-9B,41bbc898aa7de0f31d2382ff57700a76,groundedness_json,json,trace,0.0,"The agent claims specific page numbers (12, 45, 67) as the answer, but the available evidence shows that the tool used to inspect the audio file returned no result. Since the agent provided a definitive list without any supporting data from the failed tool call, all factual claims are unsupported. [model=Qwen/Qwen3.5-9B]",2984.21,False,
Qwen/Qwen3.5-9B,41bbc898aa7de0f31d2382ff57700a76,groundedness_bullet,bullet,trace,0.0,"The agent provided specific page numbers (12, 45, 67) as the final answer, but the available evidence shows that the tool used to inspect the attached audio file returned no results, meaning the agent could not access the necessary information to derive these facts. Consequently, the factual claims in the response are completely unsupported by the provided evidence. [model=Qwen/Qwen3.5-9B]",2984.21,False,
Qwen/Qwen3.5-9B,4514626d62ed350ee7878c03f51bbe68,groundedness_line,line,trace,0.0,"The response provides a specific numerical answer (3) without any supporting calculations, verification steps, or evidence from the provided context. The available evidence contains no tool results or data to substantiate this claim, making the factual assertion completely ungrounded. [model=Qwen/Qwen3.5-9B]",2984.21,False,
Qwen/Qwen3.5-9B,4514626d62ed350ee7878c03f51bbe68,groundedness_json,json,trace,0.0,"The agent response claims the answer is 3 without performing any calculations or referencing the provided task details, which explicitly require deriving the solution from the given function and initial value. The available evidence shows no tool results supporting this specific numerical claim, making the assertion completely ungrounded. [model=Qwen/Qwen3.5-9B]",2984.21,False,
Qwen/Qwen3.5-9B,4514626d62ed350ee7878c03f51bbe68,groundedness_bullet,bullet,trace,0.0,"The agent claims the answer is 3 without performing any calculations or citing evidence from the provided task, which only defines the function and initial value. The response is completely unsupported by the available evidence and ignores the requirement to derive the result through logical reasoning or tool usage. [model=Qwen/Qwen3.5-9B]",2579.09,False,
Qwen/Qwen3.5-9B,4a8d094e92433f1ba1da21f602c417d9,groundedness_line,line,trace,0.0,"The response claims the answer is 'diamond' without providing any evidence from the task description or retrieved tools. The task explicitly requires searching for a specific article in 'Scientific Reports' from 2012 that excludes 'plasmons', but no search results or verification steps were included in the provided evidence to support this specific claim. [model=Qwen/Qwen3.5-9B]",2579.09,False,
Qwen/Qwen3.5-9B,4a8d094e92433f1ba1da21f602c417d9,groundedness_json,json,trace,0.0,"The agent claims the answer is 'diamond' without any supporting evidence, as the provided tool results contain no data to verify this fact. The response directly contradicts the instruction to identify facts that must be discovered, presenting a definitive answer where none could be derived from the available information. [model=Qwen/Qwen3.5-9B]",2579.09,False,
Qwen/Qwen3.5-9B,4a8d094e92433f1ba1da21f602c417d9,groundedness_bullet,bullet,trace,0.0,"The agent claims the answer is 'diamond' without providing any evidence from the task or external sources, as the tool results were empty. This factual claim is completely unsupported by the available evidence and contradicts the task's requirement to verify facts from the Scientific Reports 2012 proceedings. [model=Qwen/Qwen3.5-9B]",2579.09,False,
Qwen/Qwen3.5-9B,4ae16319f0de44a7d1e84595b41ae08d,groundedness_line,line,trace,0.0,"The response claims the answer is 30 years, but the provided evidence contains no data regarding Girls Who Code, the percentage of women in computer science, or the duration of the change. The agent failed to perform the necessary lookups or derivations to support this specific factual claim. [model=Qwen/Qwen3.5-9B]",2399.73,False,
Qwen/Qwen3.5-9B,4ae16319f0de44a7d1e84595b41ae08d,groundedness_json,json,trace,0.0,"The agent response claims a specific numerical answer (30) without any supporting evidence, as the available tool results contain no data. This constitutes a fabricated fact that directly contradicts the lack of information in the provided evidence. [model=Qwen/Qwen3.5-9B]",2399.73,False,
Qwen/Qwen3.5-9B,4ae16319f0de44a7d1e84595b41ae08d,groundedness_bullet,bullet,trace,0.0,"The response claims the answer is 30 years, but the provided evidence contains no data regarding Girls Who Code, the percentage of women in computer science, or the time required for a 13% increase. The claim is entirely fabricated as no relevant information was retrieved or given in the task. [model=Qwen/Qwen3.5-9B]",2399.73,False,
Qwen/Qwen3.5-9B,4c79c8ba0cf1e8fcb1c408d53016c560,groundedness_line,line,trace,0.0,"The response provides a specific numerical answer (736008) without citing the required population data from data.census.gov or showing the derivation of the difference between the largest and smallest county seats by land area. The provided evidence contains no census data, making the factual claim completely unsupported by the available information. [model=Qwen/Qwen3.5-9B]",2399.73,False,
Qwen/Qwen3.5-9B,4c79c8ba0cf1e8fcb1c408d53016c560,groundedness_json,json,trace,0.0,"The agent response provides a specific numerical fact (736008) without any supporting evidence, while the available evidence contains no data to verify this claim. The response directly contradicts the task instruction to first list facts given, to look up, and to derive before answering, as it skips all preparatory steps. Consequently, the factual claim is entirely unsupported by the provided evidence. [model=Qwen/Qwen3.5-9B]",2790.23,False,
Qwen/Qwen3.5-9B,4c79c8ba0cf1e8fcb1c408d53016c560,groundedness_bullet,bullet,trace,0.0,"The response provides a specific numerical answer (736008) without citing the required data from data.census.gov or showing any verification steps. Since the agent has no access to the census data to verify the population figures or identify the correct counties, the claim is entirely unsupported by the available evidence. [model=Qwen/Qwen3.5-9B]",2790.23,False,
Qwen/Qwen3.5-9B,512475a321c616e45337da3575f6a185,groundedness_line,line,trace,0.0,"The agent claims the answer is 'silent' without providing any evidence from the task or the attached audio file, which was not successfully inspected. The response is completely ungrounded as it fails to utilize the available tool results or the specified audio source to derive the answer. [model=Qwen/Qwen3.5-9B]",2790.23,False,
Qwen/Qwen3.5-9B,512475a321c616e45337da3575f6a185,groundedness_json,json,trace,0.0,"The agent claims the answer is 'silent' despite the task explicitly requiring an anagram solution derived from an audio file. The available evidence shows that the tool used to inspect the audio file returned no result, meaning the agent failed to extract the necessary information to solve the problem. [model=Qwen/Qwen3.5-9B]",2790.23,False,
Qwen/Qwen3.5-9B,512475a321c616e45337da3575f6a185,groundedness_bullet,bullet,trace,0.0,"The agent claims the answer is 'silent' despite the task explicitly requiring an anagram solution derived from an attached audio file. The provided tool results show no successful transcription or content extraction from the audio, meaning the agent's final answer is not grounded in the available evidence. [model=Qwen/Qwen3.5-9B]",2255.3,False,
Qwen/Qwen3.5-9B,53dba4241b22d5039c9c119871c7c8b4,groundedness_line,line,trace,0.0,"The response provides a specific numerical answer (56000) without citing any evidence or showing the reasoning used to derive it from the provided context. The available evidence contains no data regarding vertebrate lifespans, island names, or population statistics, making the claim completely unsupported. [model=Qwen/Qwen3.5-9B]",2255.3,False,
Qwen/Qwen3.5-9B,53dba4241b22d5039c9c119871c7c8b4,groundedness_json,json,trace,0.0,"The agent response provides a specific numerical fact (56000) without any supporting evidence, as the available tool returned no results. This constitutes a fabricated claim since the agent failed to retrieve or derive the necessary data from the provided sources. [model=Qwen/Qwen3.5-9B]",2255.3,False,
Qwen/Qwen3.5-9B,53dba4241b22d5039c9c119871c7c8b4,groundedness_bullet,bullet,trace,0.0,"The response provides a specific numerical answer (56000) without citing any evidence or showing the reasoning used to derive it from the available tools. Since the tool results were empty and no sources were consulted, the factual claim is completely unsupported by the provided evidence. [model=Qwen/Qwen3.5-9B]",2255.3,False,
Qwen/Qwen3.5-9B,59365b27641e501d105b0e8f5e7c5af7,groundedness_line,line,trace,0.0,"The agent's claim of '1' studio album is unsupported because the provided evidence only lists one album ('Mercedes') from 1987, which falls outside the requested 2000-2009 timeframe, and the agent failed to find or report any albums within that specific period despite the search results showing a discography page. [model=Qwen/Qwen3.5-9B]",3198.5,False,
Qwen/Qwen3.5-9B,59365b27641e501d105b0e8f5e7c5af7,groundedness_json,json,trace,0.0,"The agent response claims the answer is 1, but the provided evidence (a Wikipedia search result) does not contain the specific count of studio albums between 2000 and 2009, making the claim unsupported. The agent failed to extract the necessary data from the available evidence to derive the correct answer. [model=Qwen/Qwen3.5-9B]",3198.5,False,
Qwen/Qwen3.5-9B,59365b27641e501d105b0e8f5e7c5af7,groundedness_bullet,bullet,trace,0.0,"The agent claims the answer is 1 studio album, but the provided evidence only shows a search result listing an album from 1987 ('Mercedes'), which falls outside the requested 2000-2009 range. The agent failed to verify if any albums exist within the specified timeframe or to navigate the Wikipedia page to find albums published between 2000 and 2009. [model=Qwen/Qwen3.5-9B]",3198.5,False,
Qwen/Qwen3.5-9B,5a6c51d59f870513c68745e2e0f9269f,groundedness_line,line,trace,0.0,"The agent's final answer of 6 is completely unsupported because the provided evidence explicitly states that the inspected file does not contain footnote 397 or the relevant dissertation text. Furthermore, the agent failed to identify the two Smithsonian paintings or their chapter numbers, which are essential facts required to answer the question but were never retrieved or derived from the available search results. [model=Qwen/Qwen3.5-9B]",3198.5,False,
Qwen/Qwen3.5-9B,5a6c51d59f870513c68745e2e0f9269f,groundedness_json,json,trace,0.0,"The agent response provides a specific numerical answer ('6') without any supporting reasoning or citation from the provided evidence, which explicitly states that the requested footnote and related painting titles could not be found. Consequently, the factual claim is unsupported and contradicts the available evidence indicating the information is missing. [model=Qwen/Qwen3.5-9B]",3077.24,False,
Qwen/Qwen3.5-9B,5a6c51d59f870513c68745e2e0f9269f,groundedness_bullet,bullet,trace,0.0,"The agent's final answer of 6 is not grounded in the provided evidence, as the tool results explicitly state that the inspected file does not contain footnote 397 or the relevant dissertation text. Furthermore, the agent failed to identify or retrieve the specific titles of the two paintings in the Smithsonian American Art Museum collection referenced in the task, making the calculation of the chapter number difference impossible based on the available data. [model=Qwen/Qwen3.5-9B]",3077.24,False,
Qwen/Qwen3.5-9B,5b5a35053775cbf29701c171e6675853,groundedness_line,line,trace,0.0,"The agent's claim that Teal'c says 'extremely' is unsupported and contradicted by the evidence, which shows the character speaking English ('Wow this coffee's great') rather than the fictional language 'Koffie4Life' mentioned in the metadata. The transcript provided does not contain the specific response to the question 'Isn't that hot?', making the final answer factually incorrect based on the available data. [model=Qwen/Qwen3.5-9B]",3077.24,False,
Qwen/Qwen3.5-9B,5b5a35053775cbf29701c171e6675853,groundedness_json,json,trace,0.0,"The agent claims the answer is 'extremely', but the provided transcript only contains dialogue about coffee being great, with no mention of Teal'c or the specific question asked. This constitutes a complete fabrication of facts not present in the evidence. [model=Qwen/Qwen3.5-9B]",3077.24,False,
Qwen/Qwen3.5-9B,5b5a35053775cbf29701c171e6675853,groundedness_bullet,bullet,trace,0.0,"The agent claims Teal'c says 'extremely' in response to 'Isn't that hot?', but the provided transcript shows no such dialogue; the only spoken line is 'Wow this coffee's great I was just thinking that'. The agent's answer is completely unsupported by the evidence and contradicts the available text. [model=Qwen/Qwen3.5-9B]",3117.07,False,
Qwen/Qwen3.5-9B,5bbd1534b199c57861f55b58be9949a0,groundedness_line,line,trace,0.0,"The agent's final answer 'Here be dragons' is not supported by the provided evidence, which explicitly states that the search string 'joke' was not found on the diff page and that the agent performed no further investigation to locate the specific removed phrase. The agent failed to identify the specific phrase requested in the task despite having access to the relevant revision history. [model=Qwen/Qwen3.5-9B]",3117.07,False,
Qwen/Qwen3.5-9B,5bbd1534b199c57861f55b58be9949a0,groundedness_json,json,trace,0.0,"The agent's response 'Here be dragons' is a fabricated fact that directly contradicts the available evidence, which shows the agent failed to find the specific joke phrase in the provided Wikipedia revision history. The response ignores the explicit instruction to provide a thorough reasoning and list facts, instead hallucinating an answer not present in the search results or page diff. [model=Qwen/Qwen3.5-9B]",3117.07,False,
Qwen/Qwen3.5-9B,5bbd1534b199c57861f55b58be9949a0,groundedness_bullet,bullet,trace,0.0,"The agent's final answer 'Here be dragons' is not grounded in the provided evidence, as the tool results explicitly state that the search string 'joke' was not found on the page and the agent failed to locate the specific removed phrase. The agent also incorrectly claims to have run verification steps and found the correct answer despite the evidence showing the search failed to retrieve the necessary information. [model=Qwen/Qwen3.5-9B]",3117.07,False,
Qwen/Qwen3.5-9B,5dc4cf8d5175f2782f46265456998d39,groundedness_line,line,trace,0.0,"The response provides a specific numerical answer (133.7) without citing the required 2011 Bulgarian census data or showing the calculation steps. The provided evidence contains no information about the census figures, making the factual claim completely unsupported. [model=Qwen/Qwen3.5-9B]",2885.44,False,
Qwen/Qwen3.5-9B,5dc4cf8d5175f2782f46265456998d39,groundedness_json,json,trace,0.0,"The agent response provides a specific numerical value (133.7) without any supporting evidence, as the available tool results contain no data. The necessary facts regarding the 2011 Bulgarian census gender split are missing from the provided evidence, making the claim entirely unsupported. [model=Qwen/Qwen3.5-9B]",2885.44,False,
Qwen/Qwen3.5-9B,5dc4cf8d5175f2782f46265456998d39,groundedness_bullet,bullet,trace,0.0,"The agent provided a specific numerical answer (133.7) without citing the 2011 Bulgarian census data or performing the required subtraction of gender splits, as no such evidence was available in the provided tool results. The claim is completely unsupported by the available evidence and contradicts the task's requirement to derive the answer from specific census figures. [model=Qwen/Qwen3.5-9B]",2885.44,False,
Qwen/Qwen3.5-9B,5e5dc94e090341c564d582f551a0cddb,groundedness_line,line,trace,0.0,"The response provides a specific numerical answer (6) without citing any sources or showing the derivation steps required to verify the comparison between BERT and the Transformer architecture. The provided evidence contains no data to support this factual claim, making it completely ungrounded. [model=Qwen/Qwen3.5-9B]",2885.44,False,
Qwen/Qwen3.5-9B,5e5dc94e090341c564d582f551a0cddb,groundedness_json,json,trace,0.0,"The agent response claims a specific numerical fact (6 layers difference) without any supporting evidence, as the provided tool results contain no data. The available evidence is empty regarding the architectural details of BERT or Transformer models, making the claim completely unsupported. [model=Qwen/Qwen3.5-9B]",2689.24,False,
Qwen/Qwen3.5-9B,5e5dc94e090341c564d582f551a0cddb,groundedness_bullet,bullet,trace,0.0,"The agent claims the answer is 6 without citing any sources or performing the necessary lookup to compare BERT's 12 layers with the Transformer's 6 layers. The provided evidence contains no data to support this specific numerical fact, making the claim unsupported. [model=Qwen/Qwen3.5-9B]",2689.24,False,
Qwen/Qwen3.5-9B,5ec1cd43eb8ae4094e93a4892ff0f06f,groundedness_line,line,trace,0.0,"The response claims 'Harbinger' is the correct answer, but the provided evidence contains no information about Fiona Apple or Paula Cole's albums, their release dates, or Robert Christgau's reviews. The claim is entirely unsupported by the available tool results. [model=Qwen/Qwen3.5-9B]",2689.24,False,
Qwen/Qwen3.5-9B,5ec1cd43eb8ae4094e93a4892ff0f06f,groundedness_json,json,trace,0.0,"The agent claims 'Harbinger' as the answer without deriving it from the provided evidence, which contains no information about Fiona Apple, Paula Cole, or Robert Christgau's album reviews. The available evidence is empty regarding the specific task details, making the factual claim completely unsupported and contradicted by the lack of relevant data. [model=Qwen/Qwen3.5-9B]",2689.24,False,
Qwen/Qwen3.5-9B,5ec1cd43eb8ae4094e93a4892ff0f06f,groundedness_bullet,bullet,trace,0.0,"The agent claims 'Harbinger' is the correct answer without providing any evidence from the available tools or reasoning process. The task requires verifying specific facts about albums released before 1999 by Fiona Apple and Paula Cole and their Robert Christgau ratings, none of which are supported by the provided tool results. [model=Qwen/Qwen3.5-9B]",3101.55,False,
Qwen/Qwen3.5-9B,5f3a0a7fc572f49630c069e4e5a64ae3,groundedness_line,line,trace,0.0,"The response claims the answer is 'Russian-German Legion', but the provided evidence shows the agent searched for the wrong accession number (finding Buck Ellison's work instead of 2022.128) and explicitly failed to find the 'book held' or 'Biography' sections on the page. Consequently, the final answer is completely unsupported by the available evidence. [model=Qwen/Qwen3.5-9B]",3101.55,False,
Qwen/Qwen3.5-9B,5f3a0a7fc572f49630c069e4e5a64ae3,groundedness_json,json,trace,0.0,"The agent claims the answer is 'Russian-German Legion', but the provided evidence only shows a search for the book title failed and displays a webpage about a different artist (Buck Ellison) without any mention of the book's author or the military unit they joined. The response is completely unsupported by the available evidence. [model=Qwen/Qwen3.5-9B]",3101.55,False,
Qwen/Qwen3.5-9B,5f3a0a7fc572f49630c069e4e5a64ae3,groundedness_bullet,bullet,trace,0.0,"The agent claims the answer is 'Russian-German Legion' but the provided evidence only shows a search for the specific museum record failed to find the book author or biography, and the agent did not perform any external search to verify this specific historical fact. The final answer is completely unsupported by the available evidence and appears to be a hallucination. [model=Qwen/Qwen3.5-9B]",3101.55,False,
Qwen/Qwen3.5-9B,62df2a06b647ca730391602dbf62f843,groundedness_line,line,trace,0.0,"The response provides specific daily counts for 31 days, but the available evidence contains no data, tool results, or sources to support these numbers. Every factual claim in the response is completely unsupported by the provided evidence. [model=Qwen/Qwen3.5-9B]",2552.47,False,
Qwen/Qwen3.5-9B,62df2a06b647ca730391602dbf62f843,groundedness_json,json,trace,0.0,"The agent provides specific numerical counts for 31 days without any supporting evidence, as the available tool returned no results. All factual claims in the response are therefore unsupported and likely hallucinated. [model=Qwen/Qwen3.5-9B]",2552.47,False,
Qwen/Qwen3.5-9B,62df2a06b647ca730391602dbf62f843,groundedness_bullet,bullet,trace,0.0,"The response provides specific daily counts for Twitter/X citations on English Wikipedia pages, but the available evidence contains no tool results or data to support these figures. All factual claims in the response are completely unsupported by the provided evidence. [model=Qwen/Qwen3.5-9B]",2552.47,False,
Qwen/Qwen3.5-9B,63ac9e03bf750e58eecbc5b148d8d215,groundedness_line,line,trace,0.0,"The response provides a specific numerical answer (10000) without deriving it from the task constraints or looking up any external facts. The provided evidence contains no tool results or data to support this calculation, making the claim completely ungrounded in the available context. [model=Qwen/Qwen3.5-9B]",2552.47,False,
Qwen/Qwen3.5-9B,63ac9e03bf750e58eecbc5b148d8d215,groundedness_json,json,trace,0.0,"The agent response provides a specific numerical answer without deriving it from the provided evidence or performing any logical reasoning based on the task constraints. The available evidence contains no tool results or data to support this calculation, making the claim entirely unsupported. [model=Qwen/Qwen3.5-9B]",3449.87,False,
Qwen/Qwen3.5-9B,63ac9e03bf750e58eecbc5b148d8d215,groundedness_bullet,bullet,trace,0.0,"The agent claims the answer is 10000 without providing any reasoning, calculations, or evidence from the task description to support this specific value. The task requires deriving the minimum win based on specific constraints (30 coins, distribution rules, and guessing mechanics), but the agent's response offers no grounded derivation or lookup of facts to justify the number. [model=Qwen/Qwen3.5-9B]",3449.87,False,
Qwen/Qwen3.5-9B,672d36d8ecc4816738433c75136eb99d,groundedness_line,line,trace,0.0,"The response claims the answer is 8, but the provided evidence shows no results from the file inspection tool, meaning the agent could not verify the count of pages mentioning nuclear energy in the specified report. Consequently, the factual claim is unsupported by the available evidence. [model=Qwen/Qwen3.5-9B]",3449.87,False,
Qwen/Qwen3.5-9B,672d36d8ecc4816738433c75136eb99d,groundedness_json,json,trace,0.0,"The agent claims the answer is 8, but the provided evidence shows no results from the file inspection tool, meaning there is no data to support this specific number. The claim is therefore unsupported and contradicts the lack of available evidence. [model=Qwen/Qwen3.5-9B]",3449.87,False,
Qwen/Qwen3.5-9B,672d36d8ecc4816738433c75136eb99d,groundedness_bullet,bullet,trace,0.0,"The agent claims the answer is 8, but the provided evidence shows no results from the file inspection tool, meaning the necessary data to verify this count is missing. The claim is therefore unsupported by the available evidence and contradicts the requirement to base the answer on the provided sources. [model=Qwen/Qwen3.5-9B]",3032.48,False,
Qwen/Qwen3.5-9B,6cc6dc35a28bbed6cfd873756094bc16,groundedness_line,line,trace,0.0,The agent provides a specific numerical answer (2.4) despite the provided evidence explicitly stating that no section in the reviewed documents or search results contains information about a 'first National Geographic short on YouTube' or an entry labeled '#9' with a length measurement. The claim is completely unsupported and contradicts the available evidence which confirms the absence of such data. [model=Qwen/Qwen3.5-9B],3032.48,False,
Qwen/Qwen3.5-9B,6cc6dc35a28bbed6cfd873756094bc16,groundedness_json,json,trace,0.0,"The agent response provides a specific numerical value (2.4) as the final answer, but the available evidence explicitly states that no section in the reviewed documents or search results contains information about a 'National Geographic short on YouTube #9' or its length. Therefore, the claim is completely unsupported by the provided evidence. [model=Qwen/Qwen3.5-9B]",3032.48,False,
Qwen/Qwen3.5-9B,6cc6dc35a28bbed6cfd873756094bc16,groundedness_bullet,bullet,trace,0.0,"The agent provides a specific numerical answer (2.4) without any supporting evidence from the provided tool results, which explicitly state that no relevant information about a 'National Geographic short on YouTube #9' or its length was found. The claim is completely fabricated as the available evidence contains no data to support it. [model=Qwen/Qwen3.5-9B]",3032.48,False,
Qwen/Qwen3.5-9B,6d5b91f06e5a7377d4798be65fe46e97,groundedness_line,line,trace,0.0,"The agent's final answer of 607 is a specific factual claim that is not supported by the provided evidence, which only contains the raw cuneiform symbols and no calculation results or verification steps. The agent failed to perform the necessary lookup or derivation to convert the Sumerian cuneiform symbols (𒐜 𒐐𒐚) into the correct decimal value, making the claim unsupported and likely incorrect. [model=Qwen/Qwen3.5-9B]",3383.86,False,
Qwen/Qwen3.5-9B,6d5b91f06e5a7377d4798be65fe46e97,groundedness_json,json,trace,0.0,"The agent claims the answer is 607 without providing any reasoning, lookup steps, or derivation, despite the task explicitly requiring a survey of facts and logical steps. The available evidence contains no information about the cuneiform symbols or the conversion process, making the specific numerical claim completely unsupported and ungrounded. [model=Qwen/Qwen3.5-9B]",3383.86,False,
Qwen/Qwen3.5-9B,6d5b91f06e5a7377d4798be65fe46e97,groundedness_bullet,bullet,trace,0.0,"The agent claims the answer is 607, but this value is not supported by the provided evidence, which contains no tool results or data. The claim is contradicted by the lack of available information, as the agent failed to use any tools to verify the conversion of the cuneiform symbols. [model=Qwen/Qwen3.5-9B]",3383.86,False,
Qwen/Qwen3.5-9B,6e64c2e543327a7c2f2ce3d26ced94d1,groundedness_line,line,trace,0.0,"The response provides a specific numerical answer (2) without any supporting evidence, reasoning, or data from the provided context. The necessary geographical and transit facts required to calculate the distance between the specified stations are completely absent from the available evidence. [model=Qwen/Qwen3.5-9B]",3383.86,False,
Qwen/Qwen3.5-9B,6e64c2e543327a7c2f2ce3d26ced94d1,groundedness_json,json,trace,0.0,"The agent response claims a specific numerical answer (2) without any supporting evidence, as the provided tool results contain no data to verify the metro distance calculation. The response is entirely unsupported by the available evidence and fails to address the task's requirement to identify necessary facts before answering. [model=Qwen/Qwen3.5-9B]",2822.49,False,
Qwen/Qwen3.5-9B,6e64c2e543327a7c2f2ce3d26ced94d1,groundedness_bullet,bullet,trace,0.0,"The agent claims the answer is 2 without providing any evidence, reasoning, or verification steps to support this specific numerical value. The available evidence contains no tool results or data regarding metro station distances, making the factual claim completely unsupported by the provided context. [model=Qwen/Qwen3.5-9B]",2822.49,False,
Qwen/Qwen3.5-9B,6f0ede30602ae3fe2ced3f9fabb008a6,groundedness_line,line,trace,0.0,"The response claims the answer is 'Skidmore' without providing any evidence from the task description, which contains no information about the city, the landmark, or the architectural firm. The agent failed to perform the required verification steps or look up the necessary facts to ground this specific claim. [model=Qwen/Qwen3.5-9B]",2822.49,False,
Qwen/Qwen3.5-9B,6f0ede30602ae3fe2ced3f9fabb008a6,groundedness_json,json,trace,0.0,"The agent's claim that the answer is 'Skidmore' is completely unsupported by the provided evidence, which contains no tool results or factual data. The agent failed to perform the required reasoning steps (identifying facts to look up or derive) and hallucinated a specific answer without any grounding in the available inputs. [model=Qwen/Qwen3.5-9B]",2822.49,False,
Qwen/Qwen3.5-9B,6f0ede30602ae3fe2ced3f9fabb008a6,groundedness_bullet,bullet,trace,0.0,"The agent provides a specific answer ('Skidmore') without citing any evidence from the available tools or performing the required verification steps to confirm the city, landmark, or architectural firm. The response is completely unsupported by the provided evidence, which contains no tool results. [model=Qwen/Qwen3.5-9B]",2582.48,False,
Qwen/Qwen3.5-9B,72877db591837666d500b459fb3cf29d,groundedness_line,line,trace,0.0,"The agent claims the message is a Caesar cipher but incorrectly decodes it as 'polybius plaza' instead of the correct Caesar shift result 'meet at the park'. The provided evidence contains no information about 'polybius plaza' or the correct decryption, making the specific location claim unsupported and the cipher type identification contradicted by the decoding error. [model=Qwen/Qwen3.5-9B]",2582.48,False,
Qwen/Qwen3.5-9B,72877db591837666d500b459fb3cf29d,groundedness_json,json,trace,0.0,"The agent claims the answer is 'polybius plaza', but the provided evidence contains no tool results or decrypted text to support this specific location. The agent failed to perform the required Caesar cipher decryption on the input message, resulting in a fabricated answer that contradicts the available evidence. [model=Qwen/Qwen3.5-9B]",2582.48,False,
Qwen/Qwen3.5-9B,72877db591837666d500b459fb3cf29d,groundedness_bullet,bullet,trace,0.0,"The agent's claim that the message is a Caesar cipher is unsupported because the provided text is actually a Polybius square cipher. Consequently, the derived answer 'polybius plaza' is factually incorrect as it does not match the actual decryption of the input string. [model=Qwen/Qwen3.5-9B]",2582.48,False,
Qwen/Qwen3.5-9B,75121379e11c550f3ca58e17c972266b,groundedness_line,line,trace,0.0,"The response lists specific class names (Demon Hunter, Druid, Mage, Paladin, Priest) as facts, but the provided evidence contains no tool results or data to support these claims. All factual assertions in the answer are completely unsupported by the available evidence. [model=Qwen/Qwen3.5-9B]",2575.38,False,
Qwen/Qwen3.5-9B,75121379e11c550f3ca58e17c972266b,groundedness_json,json,trace,0.0,"The agent lists five specific classes as facts without any supporting evidence, despite the instructions to identify facts to look up and derive based on the provided clues. The response completely ignores the available evidence and fails to perform the required logical derivation or lookup steps. [model=Qwen/Qwen3.5-9B]",2575.38,False,
Qwen/Qwen3.5-9B,75121379e11c550f3ca58e17c972266b,groundedness_bullet,bullet,trace,0.0,"The response lists five specific WoW classes without providing any evidence or reasoning to support how these classes satisfy the specific constraints (e.g., tank/healer roles, armor types, spell schools, or specific abilities like Metamorphosis) mentioned in the task. All claims are fabricated as the provided evidence contains no data to verify the solution. [model=Qwen/Qwen3.5-9B]",2575.38,False,
Qwen/Qwen3.5-9B,772605f0794b0fa96bc942a8a7736571,groundedness_line,line,trace,0.0,"The agent claims the answer is 0 without providing any specific data, counts, or evidence from the USGS database to support this figure. The available tool results only show search result counts (10) and database links, but contain no actual species occurrence records or numerical data regarding crocodiles in Florida. [model=Qwen/Qwen3.5-9B]",2575.38,False,
Qwen/Qwen3.5-9B,772605f0794b0fa96bc942a8a7736571,groundedness_json,json,trace,0.0,"The agent claims the count is 0, but the provided evidence shows that the USGS database search returned results for nonindigenous crocodiles in Florida, indicating data exists. Therefore, the agent's assertion of zero is contradicted by the available evidence. [model=Qwen/Qwen3.5-9B]",2816.79,False,
Qwen/Qwen3.5-9B,772605f0794b0fa96bc942a8a7736571,groundedness_bullet,bullet,trace,0.0,"The agent claims the answer is 0 without providing any specific data from the USGS database to support this, despite the task requiring a count of records. The available search results only confirm the existence of the database and the search query, but do not contain the actual record counts needed to verify the zero figure. [model=Qwen/Qwen3.5-9B]",2816.79,False,
Qwen/Qwen3.5-9B,7bf0addde339e4cac9dd3b772232a7e0,groundedness_line,line,trace,0.0,"The agent claims to have used the 'words_alpha' dictionary from a specific GitHub URL, but the provided tool results show no evidence that this file was accessed or its contents verified. The agent also asserts the final answer is 'briniest' without providing the derivation steps or confirming the word exists in the specified dictionary, making the core factual claim unsupported by the available evidence. [model=Qwen/Qwen3.5-9B]",2816.79,False,
Qwen/Qwen3.5-9B,7bf0addde339e4cac9dd3b772232a7e0,groundedness_json,json,trace,0.0,"The agent claims 'briniest' is the longest word from the provided Boggle board, but this word cannot be formed from the given letters (A, B, R, L, E, I, T, O, N, S, F, P). The available evidence contains no results from the required dictionary lookup tool, making the specific word claim unsupported and factually incorrect. [model=Qwen/Qwen3.5-9B]",2816.79,False,
Qwen/Qwen3.5-9B,7bf0addde339e4cac9dd3b772232a7e0,groundedness_bullet,bullet,trace,0.0,"The agent claims to have used the 'words_alpha' dictionary from a specific GitHub URL, but the provided tool results show no evidence of accessing this file or verifying the dictionary contents. Furthermore, the agent asserts 'briniest' is the longest word derivable from the provided Boggle board, yet it offers no verification steps or derivation logic to support this specific claim against the board's constraints. [model=Qwen/Qwen3.5-9B]",2986.32,False,
Qwen/Qwen3.5-9B,7c98d39b2699d41fa913f8fbe60c04ed,groundedness_line,line,trace,0.0,"The agent's refusal to answer is based on a misinterpretation of the task, which asks for a specific word from a song lyric rather than location data. Since the provided evidence shows no tool results and the refusal is factually incorrect regarding the task requirements, the response lacks grounding. [model=Qwen/Qwen3.5-9B]",2986.32,False,
Qwen/Qwen3.5-9B,7c98d39b2699d41fa913f8fbe60c04ed,groundedness_json,json,trace,0.0,"The agent response contains no specific factual claims about the song or lyrics, instead offering a refusal based on a misinterpretation of the task as a location-based request. Since the response makes no verifiable assertions that contradict or are supported by the evidence, it is not grounded in the provided tool results. [model=Qwen/Qwen3.5-9B]",2986.32,False,
Qwen/Qwen3.5-9B,7c98d39b2699d41fa913f8fbe60c04ed,groundedness_bullet,bullet,trace,0.0,"The agent's claim that it cannot answer due to copyright restrictions is unsupported because the provided evidence shows a tool returned no result rather than a copyright block, and the task explicitly states the answer exists and tools are available. The agent failed to attempt the required lookup or derivation steps despite having access to relevant tools. [model=Qwen/Qwen3.5-9B]",2986.32,False,
Qwen/Qwen3.5-9B,7ee8e8df6e8cd101d9af8a4a4f6ceedb,groundedness_line,line,trace,0.0,The response claims the answer is 100 without providing any reasoning or derivation based on the game mechanics described in the task. The available evidence contains the full problem description but offers no support for the specific conclusion that ball 100 is the optimal choice. [model=Qwen/Qwen3.5-9B],2622.03,False,
Qwen/Qwen3.5-9B,7ee8e8df6e8cd101d9af8a4a4f6ceedb,groundedness_json,json,trace,0.0,"The agent claims the answer is 100 without deriving this from the provided game mechanics or evidence, which only describes the setup. The response fails to identify necessary facts to look up or derive, contradicting the explicit instruction to build a comprehensive survey before answering. Consequently, the factual claim is unsupported and contradicts the requirement for a reasoning-based derivation. [model=Qwen/Qwen3.5-9B]",2622.03,False,
Qwen/Qwen3.5-9B,7ee8e8df6e8cd101d9af8a4a4f6ceedb,groundedness_bullet,bullet,trace,0.0,The agent claims the answer is 100 without deriving the necessary probability calculations or analyzing the game mechanics provided in the task. The response is unsupported because the agent failed to perform the required logical reasoning to determine which ball maximizes the odds of winning. [model=Qwen/Qwen3.5-9B],2622.03,False,
Qwen/Qwen3.5-9B,85c14ced5177cdad83f1f1f898a1c6c7,groundedness_line,line,trace,0.0,"The response claims 'Darwin' is the answer without providing any evidence from the task or tools to support this specific fact. The available evidence shows no results from the 'final_answer' tool and contains no information about Wikipedia Featured Articles or dinosaur nominations, making the claim completely unsupported. [model=Qwen/Qwen3.5-9B]",2622.03,False,
Qwen/Qwen3.5-9B,85c14ced5177cdad83f1f1f898a1c6c7,groundedness_json,json,trace,0.0,"The agent claims 'Darwin' as the answer without any supporting evidence, while the available tool results show no data. This constitutes a fabricated claim that directly contradicts the lack of evidence provided. [model=Qwen/Qwen3.5-9B]",3322.74,False,
Qwen/Qwen3.5-9B,85c14ced5177cdad83f1f1f898a1c6c7,groundedness_bullet,bullet,trace,0.0,"The agent claims 'Darwin' is the answer without providing any search results or evidence to support this specific fact. The available tool results show no data, making the claim completely unsupported by the provided evidence. [model=Qwen/Qwen3.5-9B]",3322.74,False,
Qwen/Qwen3.5-9B,860f9d45f2e50bfecb190bb26eff1f32,groundedness_line,line,trace,0.0,"The agent's final answer of 1981 is not grounded in the provided evidence, which only shows the agent navigating the page history and finding a link to an old revision (oldid=1168855983) without ever extracting or displaying the specific image or the date written within it. The evidence confirms the agent failed to locate the required fact (the date in the image) despite the task's explicit requirement to find it. [model=Qwen/Qwen3.5-9B]",3322.74,False,
Qwen/Qwen3.5-9B,860f9d45f2e50bfecb190bb26eff1f32,groundedness_json,json,trace,0.0,"The agent response claims the answer is 1981, but the provided evidence (search results and page history) contains no mention of the year 1981 or any image with that date. The available evidence only confirms the subject's birth and death years (1805–1855) and shows page revision history without specific image dates, making the claim unsupported and likely hallucinated. [model=Qwen/Qwen3.5-9B]",3322.74,False,
Qwen/Qwen3.5-9B,860f9d45f2e50bfecb190bb26eff1f32,groundedness_bullet,bullet,trace,0.0,"The agent claims the answer is 1981, but the provided evidence only shows the agent navigating the page history and finding a link to an old revision (oldid=1269775731) without ever extracting or displaying the specific year from an image on the webpage. The evidence does not contain the year 1981 or any image data, making the final answer unsupported. [model=Qwen/Qwen3.5-9B]",3121.59,False,
Qwen/Qwen3.5-9B,876eb108c8650d4ada63a8d39aa1e96c,groundedness_line,line,trace,0.0,"The agent claims to have parsed a specific PDB file and calculated a distance, but the provided tool results show no evidence was retrieved from the file. Consequently, the specific factual claim that the distance is 1.46 Angstroms is completely unsupported by the available evidence. [model=Qwen/Qwen3.5-9B]",3121.59,False,
Qwen/Qwen3.5-9B,876eb108c8650d4ada63a8d39aa1e96c,groundedness_json,json,trace,0.0,"The agent claims a specific distance value (1.46) without any supporting data from the provided evidence, which explicitly shows no results from the file inspection tool. The response is completely ungrounded as it ignores the available evidence and fails to perform the required parsing and calculation steps. [model=Qwen/Qwen3.5-9B]",3121.59,False,
Qwen/Qwen3.5-9B,876eb108c8650d4ada63a8d39aa1e96c,groundedness_bullet,bullet,trace,0.0,"The agent claims a specific distance value (1.46 Angstroms) without providing any evidence from the attached PDB file or tool results, which were empty. The response fails to ground its factual claim in the available evidence, as no calculation or data extraction is shown to support the number. [model=Qwen/Qwen3.5-9B]",3121.59,False,
Qwen/Qwen3.5-9B,88c63c780aba1f23c3c5345aa340d7e2,groundedness_line,line,trace,0.0,"The response claims 'rats, mice' are the answer, but the provided evidence contains no tool results or data regarding the papers by Ilias Lagkouvardos and Olga Tapia, nor the 2021 Wikipedia article. Consequently, the specific factual claims in the response are completely unsupported by the available evidence. [model=Qwen/Qwen3.5-9B]",2566.19,False,
Qwen/Qwen3.5-9B,88c63c780aba1f23c3c5345aa340d7e2,groundedness_json,json,trace,0.0,"The agent claims specific animals (rats, mice) were found in the task's complex query, but the provided evidence contains no search results or data to support this. The agent failed to identify any facts given, look up, or derive, contradicting the explicit instruction to build a survey of facts rather than answer the question directly. [model=Qwen/Qwen3.5-9B]",2566.19,False,
Qwen/Qwen3.5-9B,88c63c780aba1f23c3c5345aa340d7e2,groundedness_bullet,bullet,trace,0.0,"The agent claims 'rats, mice' as the answer without providing any evidence from the task, which contains no information about Ilias Lagkouvardos, Olga Tapia, or the specified Wikipedia article. The response is entirely fabricated as the necessary facts to derive this answer were not available in the provided context. [model=Qwen/Qwen3.5-9B]",2566.19,False,
Qwen/Qwen3.5-9B,88e4ce6a659df42a4146331fff36417c,groundedness_line,line,trace,0.0,"The response claims the year is 1937, but the provided evidence contains no tool results or data to support this specific fact. The available evidence is insufficient to ground the answer, making the claim unsupported. [model=Qwen/Qwen3.5-9B]",2566.19,False,
Qwen/Qwen3.5-9B,88e4ce6a659df42a4146331fff36417c,groundedness_json,json,trace,0.0,"The agent claims the answer is 1937, but the provided evidence contains no data or results to support this specific year. The claim is completely fabricated as the available tool returned no result. [model=Qwen/Qwen3.5-9B]",2393.6,False,
Qwen/Qwen3.5-9B,88e4ce6a659df42a4146331fff36417c,groundedness_bullet,bullet,trace,0.0,"The response claims the answer is 1937, but the provided evidence contains no tool results or data to support this specific year. The claim is completely unsupported by the available evidence. [model=Qwen/Qwen3.5-9B]",2393.6,False,
Qwen/Qwen3.5-9B,911e853f02d03e976dbf0c16f653ab57,groundedness_line,line,trace,0.0,"The response claims Honolulu and Quincy are US presidential birthplaces, but the provided evidence contains no data on US presidents' birth locations, making these specific facts unsupported. Additionally, the response fails to follow the required output format (alphabetical order, comma-separated list) and ignores the instruction to perform verification steps. [model=Qwen/Qwen3.5-9B]",2393.6,False,
Qwen/Qwen3.5-9B,911e853f02d03e976dbf0c16f653ab57,groundedness_json,json,trace,0.0,"The agent claims Honolulu and Quincy are US presidential birthplaces, but the provided evidence contains no information about US presidents or their birth locations, making these claims completely unsupported. The agent also failed to follow the requested structure for listing facts, further indicating a lack of grounding in the available context. [model=Qwen/Qwen3.5-9B]",2393.6,False,
Qwen/Qwen3.5-9B,911e853f02d03e976dbf0c16f653ab57,groundedness_bullet,bullet,trace,0.0,"The agent claims Honolulu and Quincy are US presidential birthplaces, but Honolulu is not a birthplace of any US president, contradicting the task's premise. The provided evidence contains no tool results or data to support these specific city selections. [model=Qwen/Qwen3.5-9B]",3277.12,False,
Qwen/Qwen3.5-9B,915d2c66879657f694f88e0ed6f02cf5,groundedness_line,line,trace,0.0,"The agent's final answer of '07/03/24' is completely unsupported by the provided evidence, which shows that the search for the specific issue failed to find the 'Regression' label on the main page and resulted in 404 errors when attempting to access the timeline. The agent did not verify the label status or the date in the provided evidence, making the specific date claim fabricated. [model=Qwen/Qwen3.5-9B]",3277.12,False,
Qwen/Qwen3.5-9B,915d2c66879657f694f88e0ed6f02cf5,groundedness_json,json,trace,0.0,"The agent claims the answer is 07/03/24, but the provided evidence shows the search result date is Aug 8, 2017 and explicitly states 'Regression' was not found on the issue page, making the claim unsupported and contradicted by the available data. [model=Qwen/Qwen3.5-9B]",3277.12,False,
Qwen/Qwen3.5-9B,915d2c66879657f694f88e0ed6f02cf5,groundedness_bullet,bullet,trace,0.0,"The agent's final answer of '07/03/24' is completely unsupported by the provided evidence, which shows a search result dated 'Aug 8, 2017' for the relevant issue and failed to find the 'Regression' label on the specific page visited. The agent appears to have hallucinated a date unrelated to the available data. [model=Qwen/Qwen3.5-9B]",3277.12,False,
Qwen/Qwen3.5-9B,96be1bf61f2915e52ec59173b9bd9828,groundedness_line,line,trace,0.0,"The response claims Indonesia and Myanmar are the furthest apart in ASEAN, but the provided evidence contains no geographical data, distance calculations, or Wikipedia excerpts to support this specific assertion. Consequently, the factual claim is completely unsupported by the available evidence. [model=Qwen/Qwen3.5-9B]",2570.72,False,
Qwen/Qwen3.5-9B,96be1bf61f2915e52ec59173b9bd9828,groundedness_json,json,trace,0.0,"The agent claims specific countries (Indonesia, Myanmar) are the furthest apart in ASEAN, but the provided evidence contains no geographical data or verification results to support this assertion. The claim is completely unsupported by the available tool results, which returned no data. [model=Qwen/Qwen3.5-9B]",2570.72,False,
Qwen/Qwen3.5-9B,96be1bf61f2915e52ec59173b9bd9828,groundedness_bullet,bullet,trace,0.0,"The response claims Indonesia and Myanmar are the furthest apart in ASEAN, but the provided evidence contains no tool results or data to support this specific geographical calculation. The claim is therefore unsupported by the available evidence. [model=Qwen/Qwen3.5-9B]",2570.72,False,
Qwen/Qwen3.5-9B,99f6b447779ba86b3cff2caede832d59,groundedness_line,line,trace,0.0,"The agent's response '7, 9' is a specific factual claim that is not grounded in the provided evidence, as the tool results contain no data and the raw input numbers do not explicitly state the correct weight or indices. The agent failed to perform the necessary verification steps or calculations to derive this answer from the given ISBN-like strings. [model=Qwen/Qwen3.5-9B]",2570.72,False,
Qwen/Qwen3.5-9B,99f6b447779ba86b3cff2caede832d59,groundedness_json,json,trace,0.0,"The agent response provides a specific numerical answer ('7, 9') without performing any of the required analysis steps (listing given facts, facts to look up, or facts to derive) mandated by the user query. Furthermore, the response is not grounded in the provided evidence, as the tool results contain no data to support the calculation or the final conclusion. [model=Qwen/Qwen3.5-9B]",2649.23,False,
Qwen/Qwen3.5-9B,99f6b447779ba86b3cff2caede832d59,groundedness_bullet,bullet,trace,0.0,"The agent's response provides a specific numerical answer without citing any of the provided ISBN data or performing the necessary verification steps to derive the weight and transposed indices. The claim is completely unsupported by the available evidence, which only contains the list of numbers and the task description. [model=Qwen/Qwen3.5-9B]",2649.23,False,
Qwen/Qwen3.5-9B,9cd6dc7c0af658a87f603b488950f409,groundedness_line,line,trace,0.0,"The response lists specific fruits (apples, bananas, oranges, peaches) without any supporting evidence from the provided tool results, which contain no data. The agent failed to perform the required verification steps or consult the necessary sources (the painting and the film's breakfast menu) mentioned in the task. [model=Qwen/Qwen3.5-9B]",2649.23,False,
Qwen/Qwen3.5-9B,9cd6dc7c0af658a87f603b488950f409,groundedness_json,json,trace,0.0,"The agent lists specific fruits (apples, bananas, oranges, peaches) without any supporting evidence, as the provided tool results contain no data. The response completely ignores the task's requirement to analyze a specific painting and historical menu, making all factual claims unsupported and contradictory to the available evidence. [model=Qwen/Qwen3.5-9B]",2649.23,False,
Qwen/Qwen3.5-9B,9cd6dc7c0af658a87f603b488950f409,groundedness_bullet,bullet,trace,0.0,"The response lists specific fruits (apples, bananas, oranges, peaches) as facts, but the provided evidence contains no tool results or data to verify the painting's contents, the 1949 breakfast menu, or the film's prop history. Consequently, all factual claims in the answer are completely unsupported by the available evidence. [model=Qwen/Qwen3.5-9B]",2554.9,False,
Qwen/Qwen3.5-9B,9e67afe0ff4eca1558073c2e5cfbf876,groundedness_line,line,trace,0.0,"The response claims the answer is 'flow' without providing any evidence from the task or tools to support this specific fact. The available evidence shows no result from the final_answer tool and contains no information about Eva Draconis's website or its banner symbols, making the claim completely unsupported. [model=Qwen/Qwen3.5-9B]",2554.9,False,
Qwen/Qwen3.5-9B,9e67afe0ff4eca1558073c2e5cfbf876,groundedness_json,json,trace,0.0,"The agent claims the answer is 'flow' without providing any reasoning or evidence from the available tools, which returned no results. This factual claim is completely unsupported and contradicts the lack of evidence provided in the input. [model=Qwen/Qwen3.5-9B]",2554.9,False,
Qwen/Qwen3.5-9B,9e67afe0ff4eca1558073c2e5cfbf876,groundedness_bullet,bullet,trace,0.0,"The agent claims the answer is 'flow' without providing any evidence from the task or external sources to support this specific fact. The available tool results show no data, making the factual claim completely unsupported by the provided evidence. [model=Qwen/Qwen3.5-9B]",2554.9,False,
Qwen/Qwen3.5-9B,9ec7d4a8ab8c74ab56361ef29d1b1660,groundedness_line,line,trace,0.0,"The response provides a specific name ('Giovanni Castiglione') as the final answer without citing any evidence from the provided tool results or the task description. The available evidence contains no information about the Metropolitan Museum of Art, the specific portrait, its subject, or the consecrators involved, making the claim completely unsupported. [model=Qwen/Qwen3.5-9B]",2568.93,False,
Qwen/Qwen3.5-9B,9ec7d4a8ab8c74ab56361ef29d1b1660,groundedness_json,json,trace,0.0,"The agent claims 'Giovanni Castiglione' as the final answer without providing any reasoning or citing the necessary facts about the portrait's subject or the consecrators. The available evidence contains no information to support this specific factual claim, rendering it completely ungrounded. [model=Qwen/Qwen3.5-9B]",2568.93,False,
Qwen/Qwen3.5-9B,9ec7d4a8ab8c74ab56361ef29d1b1660,groundedness_bullet,bullet,trace,0.0,"The agent provides a specific name as the final answer without citing any evidence from the provided text or tool results, which contain no information about the Metropolitan Museum of Art's collection or the subject of accession number 29.100.5. Consequently, the factual claim is completely unsupported by the available evidence. [model=Qwen/Qwen3.5-9B]",2568.93,False,
Qwen/Qwen3.5-9B,a041b8d88e3fedcc7d387da328f8a3b4,groundedness_line,line,trace,0.0,"The response claims the main course was 'duck confit' without providing any evidence from the Wayback Machine or other sources to verify this specific fact. The available tool results show no data was retrieved to support this assertion, making the claim completely ungrounded in the provided evidence. [model=Qwen/Qwen3.5-9B]",2568.93,False,
Qwen/Qwen3.5-9B,a041b8d88e3fedcc7d387da328f8a3b4,groundedness_json,json,trace,0.0,"The agent claims 'duck confit' as the answer, but the provided evidence shows no result from the tool used to verify this fact. Since the agent failed to retrieve the necessary information to support its specific factual claim, the response is entirely ungrounded. [model=Qwen/Qwen3.5-9B]",2612.0,False,
Qwen/Qwen3.5-9B,a041b8d88e3fedcc7d387da328f8a3b4,groundedness_bullet,bullet,trace,0.0,"The agent claims the main course was 'duck confit' without providing any evidence from the Wayback Machine or other sources to support this specific fact. The available evidence shows no tool results, meaning the factual claim is completely unsupported by the provided context. [model=Qwen/Qwen3.5-9B]",2612.0,False,
Qwen/Qwen3.5-9B,a32806e19bac45a34d3712ccc433ec9d,groundedness_line,line,trace,0.0,"The response provides a specific regex command as the final answer, but the provided search results only list Stack Overflow questions about removing blank lines in general or disabling warnings; none of the results contain the specific 2018 Replit blog post or the command used in its video. Therefore, the factual claim is completely unsupported by the available evidence. [model=Qwen/Qwen3.5-9B]",2612.0,False,
Qwen/Qwen3.5-9B,a32806e19bac45a34d3712ccc433ec9d,groundedness_json,json,trace,0.0,"The agent's response provides a specific regex command that is not mentioned or supported by any of the provided search results, which only list unrelated Stack Overflow questions. Since the evidence contains no information about the specific command used in the 2018 VSCode blog post, the claim is completely unsupported. [model=Qwen/Qwen3.5-9B]",2612.0,False,
Qwen/Qwen3.5-9B,a32806e19bac45a34d3712ccc433ec9d,groundedness_bullet,bullet,trace,0.0,"The agent's final answer is a specific regex command that is not mentioned or supported by any of the provided search results, which only list unrelated Stack Overflow questions. The response fails to ground its claim in the available evidence, as the source material does not contain the requested information about the 2018 VSCode blog post. [model=Qwen/Qwen3.5-9B]",2530.16,False,
Qwen/Qwen3.5-9B,a4af6c6d200e6d19d7f24e1d1d688188,groundedness_line,line,trace,0.0,"The response claims a specific sale price of 950000 for 2072 Akaikai Loop, but the provided evidence contains no tool results or data to support this figure. The agent failed to retrieve the necessary sales data to verify which home sold for more or to determine the actual price. [model=Qwen/Qwen3.5-9B]",2530.16,False,
Qwen/Qwen3.5-9B,a4af6c6d200e6d19d7f24e1d1d688188,groundedness_json,json,trace,0.0,"The agent claims a specific sale price for a property, but the provided evidence contains no tool results or data to support this figure. The claim is entirely unsupported and contradicts the available evidence, which offers no information on property values. [model=Qwen/Qwen3.5-9B]",2530.16,False,
Qwen/Qwen3.5-9B,a4af6c6d200e6d19d7f24e1d1d688188,groundedness_bullet,bullet,trace,0.0,"The agent claims specific sale prices for two properties without any supporting evidence, as the provided tool results contain no data. The factual claims regarding the sale amounts are completely unsupported and likely fabricated. [model=Qwen/Qwen3.5-9B]",2530.16,False,
Qwen/Qwen3.5-9B,a5c2947f441d65edf60131463fb79999,groundedness_line,line,trace,0.0,"The agent claims the answer is Switzerland, but the provided evidence shows that the specific search results and page content do not contain the keywords 'unknown', 'flag', or any metadata indicating a country for the described article. The agent failed to find the necessary information in the evidence to support its final answer. [model=Qwen/Qwen3.5-9B]",2849.53,False,
Qwen/Qwen3.5-9B,a5c2947f441d65edf60131463fb79999,groundedness_json,json,trace,0.0,"The agent response claims the answer is 'Switzerland', but the provided evidence shows that the specific search terms 'unknown' and 'flag' were not found on the relevant BASE record page, meaning the agent could not verify this fact from the available data. The response is a hallucination as it asserts a specific country without any supporting text in the evidence. [model=Qwen/Qwen3.5-9B]",2849.53,False,
Qwen/Qwen3.5-9B,a5c2947f441d65edf60131463fb79999,groundedness_bullet,bullet,trace,0.0,"The agent claims the answer is Switzerland, but the provided evidence shows that the specific search terms 'unknown' and 'flag' were not found on the accessed BASE record page, and no country metadata was extracted. The final answer is therefore completely unsupported by the available evidence. [model=Qwen/Qwen3.5-9B]",2849.53,False,
Qwen/Qwen3.5-9B,a7017f40866dd77c6c0c0e98bad17f69,groundedness_line,line,trace,0.0,"The response provides a specific numerical answer (180) without any supporting evidence from the provided tool results, which show no data was retrieved. The necessary facts regarding the compound database search, molecular weight calculations, and gene-chemical co-occurrences are completely absent from the available evidence. [model=Qwen/Qwen3.5-9B]",2849.53,False,
Qwen/Qwen3.5-9B,a7017f40866dd77c6c0c0e98bad17f69,groundedness_json,json,trace,0.0,"The agent response provides a specific numerical fact (180) without any supporting evidence, reasoning, or tool results to validate the complex multi-step query. The available evidence contains no data to support this claim, making the response entirely ungrounded. [model=Qwen/Qwen3.5-9B]",2207.25,False,
Qwen/Qwen3.5-9B,a7017f40866dd77c6c0c0e98bad17f69,groundedness_bullet,bullet,trace,0.0,"The agent provides a specific numerical answer (180) without any supporting evidence, tool results, or reasoning steps. The available evidence shows no data was retrieved to verify the molecular weight, heavy atom count, or gene-chemical co-occurrences required by the task. [model=Qwen/Qwen3.5-9B]",2207.25,False,
Qwen/Qwen3.5-9B,a96c6811716c0473b86a23321db79c34,groundedness_line,line,trace,0.0,"The agent provided a specific numerical answer without any evidence, as the required file was not successfully read and no data was available to perform the necessary calculations or lookups. Consequently, the factual claim of the result is completely unsupported by the provided tool results. [model=Qwen/Qwen3.5-9B]",2207.25,False,
Qwen/Qwen3.5-9B,a96c6811716c0473b86a23321db79c34,groundedness_json,json,trace,0.0,"The agent provided a specific numerical answer without any supporting evidence, as the available tools returned no results. The response is completely ungrounded because the necessary data to calculate the percentage was not retrieved or verified. [model=Qwen/Qwen3.5-9B]",2207.25,False,
Qwen/Qwen3.5-9B,a96c6811716c0473b86a23321db79c34,groundedness_bullet,bullet,trace,0.0,"The agent provided a specific numerical answer without retrieving any data from the attached CSV file or the English Wikipedia, as both evidence sources returned no results. Consequently, the factual claim that the answer is 0.00002 is completely unsupported by the available evidence. [model=Qwen/Qwen3.5-9B]",2897.28,False,
Qwen/Qwen3.5-9B,a99faf782e8ad4d5f1ccdfcb7e143b9a,groundedness_line,line,trace,0.0,"The agent's final answer of 185 yards is not supported by the provided evidence, as the search results failed to identify the specific landmark or its height, and the agent did not verify the source of this number. The available evidence shows a failed search for 'Tower' and 'London' on the British Vogue page, meaning the agent could not ground its specific numerical claim in the provided text. [model=Qwen/Qwen3.5-9B]",2897.28,False,
Qwen/Qwen3.5-9B,a99faf782e8ad4d5f1ccdfcb7e143b9a,groundedness_json,json,trace,0.0,"The agent response provides a specific numerical fact (185 yards) without any supporting evidence from the provided tool results, which failed to find the landmark's name or height. The available evidence contains no data to verify the claim, making the response completely ungrounded. [model=Qwen/Qwen3.5-9B]",2897.28,False,
Qwen/Qwen3.5-9B,a99faf782e8ad4d5f1ccdfcb7e143b9a,groundedness_bullet,bullet,trace,0.0,"The agent claims the answer is 185 yards, but the provided evidence shows a failed search for 'Tower' and 'London' on the British Vogue page, offering no confirmation of the landmark's identity or height. The agent derived a specific numerical fact without any supporting evidence in the available tool results. [model=Qwen/Qwen3.5-9B]",2897.28,False,
Qwen/Qwen3.5-9B,aa76e85e274bb7187a186c5ed9c90b43,groundedness_line,line,trace,0.0,"The agent's claim that 'b' and 'e' form a counter-example is contradicted by the provided table, as b*e equals 'c' and e*b equals 'b', which are not equal. The agent failed to identify the actual counter-example pair (a, b) where a*b='b' and b*a='a'. [model=Qwen/Qwen3.5-9B]",3385.75,False,
Qwen/Qwen3.5-9B,aa76e85e274bb7187a186c5ed9c90b43,groundedness_json,json,trace,0.0,"The agent response 'b, e' is a specific factual claim that is not supported by the provided evidence, which only contains the tool invocation result with no data. The necessary evidence to verify the commutativity of the operation (the table) was not included in the available inputs, making the claim ungrounded. [model=Qwen/Qwen3.5-9B]",3385.75,False,
Qwen/Qwen3.5-9B,aa76e85e274bb7187a186c5ed9c90b43,groundedness_bullet,bullet,trace,0.5,"The agent correctly identified that elements 'b' and 'e' form a counter-example to commutativity (b*e = c while e*b = a), which is directly supported by the provided Cayley table. However, the agent failed to list 'd' as a required element in the final answer, as 'd' also forms a counter-example (d*e = e while e*d = d), making the response incomplete and partially contradicted by the evidence. [model=Qwen/Qwen3.5-9B]",3385.75,False,
Qwen/Qwen3.5-9B,ae345023ab5e1c09d49c2b2c6e311877,groundedness_line,line,trace,0.0,"The response lists specific countries as having gross savings over 35% of GDP for every year from 2001-2010, but the provided evidence contains no data, sources, or verification results to support these claims. The agent failed to retrieve or utilize any relevant information from the World Bank or other sources to ground its answer. [model=Qwen/Qwen3.5-9B]",3385.75,False,
Qwen/Qwen3.5-9B,ae345023ab5e1c09d49c2b2c6e311877,groundedness_json,json,trace,0.0,"The agent lists specific countries as having gross savings over 35% of GDP for every year from 2001-2010, but the provided evidence contains no data to support these claims. Since the agent failed to retrieve any relevant information from the available tools, all factual assertions are completely unsupported by the evidence. [model=Qwen/Qwen3.5-9B]",2824.74,False,
Qwen/Qwen3.5-9B,ae345023ab5e1c09d49c2b2c6e311877,groundedness_bullet,bullet,trace,0.0,"The response lists specific countries as having met the criteria, but the provided evidence contains no data, tool results, or sources to verify these claims. Consequently, all factual assertions in the answer are completely unsupported by the available evidence. [model=Qwen/Qwen3.5-9B]",2824.74,False,
Qwen/Qwen3.5-9B,b159cbc7eb989d874a0337cbee8a373c,groundedness_line,line,trace,0.0,"The agent claims the answer is 42 without providing any evidence from the attached Python file, which the tool results indicate was not successfully read. The response fails to ground its specific factual claim in the available evidence, as the code content required to derive the output is missing. [model=Qwen/Qwen3.5-9B]",2824.74,False,
Qwen/Qwen3.5-9B,b159cbc7eb989d874a0337cbee8a373c,groundedness_json,json,trace,0.0,"The agent claims a specific numeric answer (42) without providing any reasoning or evidence, despite the available tool results showing no data was retrieved from the attached file. This constitutes a fabricated fact that directly contradicts the lack of supporting evidence in the tool outputs. [model=Qwen/Qwen3.5-9B]",2824.74,False,
Qwen/Qwen3.5-9B,b159cbc7eb989d874a0337cbee8a373c,groundedness_bullet,bullet,trace,0.0,"The agent claims the answer is 42 without providing any evidence, despite the tool results showing no file content was retrieved. This factual claim is completely unsupported and contradicts the available evidence, which contains no data to derive the answer. [model=Qwen/Qwen3.5-9B]",3012.58,False,
Qwen/Qwen3.5-9B,b1f9b9baefa4c69d1d848e35c130e29d,groundedness_line,line,trace,0.0,"The agent's final answer 'Rest In Cream' is not supported by the provided evidence, as the tool logs explicitly state that the search string 'headstone' was not found on the Ben & Jerry's flavor graveyard page and no specific headstone image or text was retrieved. The available evidence consists only of search result lists and page metadata, lacking the specific visual content required to identify the oldest flavor or its inscription. [model=Qwen/Qwen3.5-9B]",3012.58,False,
Qwen/Qwen3.5-9B,b1f9b9baefa4c69d1d848e35c130e29d,groundedness_json,json,trace,0.0,"The agent's claim that the last line of the rhyme is 'Rest In Cream' is not supported by the provided evidence, which shows the agent failed to find the specific headstone inscription after searching the Ben & Jerry's flavor graveyard page. The available evidence indicates the search for 'headstone' yielded no results on the relevant page, making the specific answer ungrounded. [model=Qwen/Qwen3.5-9B]",3012.58,False,
Qwen/Qwen3.5-9B,b1f9b9baefa4c69d1d848e35c130e29d,groundedness_bullet,bullet,trace,0.0,"The agent's final answer 'Rest In Cream' is not supported by the provided evidence, as the tool results explicitly state that the search string 'headstone' was not found on the Ben & Jerry's flavor graveyard page and no specific headstone content was retrieved. The agent failed to locate the specific 'oldest flavor's headstone' or its inscription in the available data, making the claim unsupported and likely hallucinated. [model=Qwen/Qwen3.5-9B]",3012.58,False,
Qwen/Qwen3.5-9B,b241cb7deedf9646f01fa15095ed96d2,groundedness_line,line,trace,0.0,"The agent claims the answer is 21/03/2018, but the provided evidence shows that searches for 'St. Thomas Aquinas', 'Aquinas', and 'Thomas' on the Wikipedia history page yielded no results. Furthermore, the Google search results displayed in the evidence do not contain the specific date required to answer the question, making the final answer completely unsupported by the available data. [model=Qwen/Qwen3.5-9B]",3025.44,False,
Qwen/Qwen3.5-9B,b241cb7deedf9646f01fa15095ed96d2,groundedness_json,json,trace,0.0,"The agent response claims a specific date (21/03/2018) as the answer, but the provided evidence explicitly states that searches for 'St. Thomas Aquinas', 'Aquinas', and 'Thomas' on the relevant Wikipedia page history yielded no results. Consequently, the agent's factual claim is directly contradicted by the available evidence, which indicates the information was not found. [model=Qwen/Qwen3.5-9B]",3025.44,False,
Qwen/Qwen3.5-9B,b241cb7deedf9646f01fa15095ed96d2,groundedness_bullet,bullet,trace,0.0,"The agent claims the answer is 21/03/2018, but the provided evidence shows that searches for 'St. Thomas Aquinas', 'Aquinas', and 'Thomas' on the Wikipedia history page yielded no results. The agent failed to locate the specific fact required to answer the question, making the final answer unsupported by the available evidence. [model=Qwen/Qwen3.5-9B]",3025.44,False,
Qwen/Qwen3.5-9B,b5576ffca7ad7cce0fc34b5aad7fc543,groundedness_line,line,trace,1.0,The agent's final answer 'cloak' is directly supported by the tool result which explicitly states that the text contains 'veil of print' instead of 'cloak of print'. The agent correctly identified the mismatched word based on the provided evidence. [model=Qwen/Qwen3.5-9B],3025.44,False,
Qwen/Qwen3.5-9B,b5576ffca7ad7cce0fc34b5aad7fc543,groundedness_json,json,trace,0.0,"The agent's claim that the word 'cloak' does not match the text is directly contradicted by the provided evidence, which explicitly states that the phrase 'cloak of print' is absent and 'veil of print' is present instead. The agent failed to correctly identify the mismatched word ('cloak') based on the verification results showing the actual text uses 'veil'. [model=Qwen/Qwen3.5-9B]",3341.84,False,
Qwen/Qwen3.5-9B,b5576ffca7ad7cce0fc34b5aad7fc543,groundedness_bullet,bullet,trace,0.5,"The agent correctly identifies the mismatched word 'cloak' based on the tool result stating the text contains 'veil of print' instead. However, the agent's final answer 'cloak' is technically incorrect because the task explicitly requests the word that does not match without any article, whereas 'cloak' is the incorrect word from the citation (the correct word is 'veil'). The agent failed to follow the specific formatting constraint of the task instructions. [model=Qwen/Qwen3.5-9B]",3341.84,False,
Qwen/Qwen3.5-9B,b69bcf49516121f03e5809cbd776c21f,groundedness_line,line,trace,0.0,"The response claims a specific arrival time (6:50 PM) for the busiest Tri-Rail train on May 27, 2019, but the provided evidence consists only of search result snippets and a generic ridership page that do not contain the specific schedule or ridership data required to identify that train or its arrival time. The agent failed to extract the necessary facts from the available sources to ground its answer. [model=Qwen/Qwen3.5-9B]",3341.84,False,
Qwen/Qwen3.5-9B,b69bcf49516121f03e5809cbd776c21f,groundedness_json,json,trace,0.0,"The agent response claims a specific arrival time (6:50 PM) for the most crowded Tri-Rail train on May 27, 2019, but the provided evidence only contains search result snippets and a generic ridership page without any specific schedule data or per-train ridership numbers for that date. The factual claim is completely unsupported by the available evidence, as the necessary data to identify the specific train and its arrival time is absent. [model=Qwen/Qwen3.5-9B]",3341.84,False,
Qwen/Qwen3.5-9B,b69bcf49516121f03e5809cbd776c21f,groundedness_bullet,bullet,trace,0.0,"The agent claims the answer is 6:50 PM, but the provided evidence consists only of search result snippets and a generic ridership page that do not contain specific per-train ridership data or schedule details for May 27, 2019. The agent failed to locate the specific dataset required to identify the train with the most passengers and its arrival time, making the factual claim completely unsupported by the available evidence. [model=Qwen/Qwen3.5-9B]",3572.0,False,
Qwen/Qwen3.5-9B,b7f8fcd484777f9d330f24a2ff30dd25,groundedness_line,line,trace,0.5,"The response correctly identifies the verb 'Maktay' and the accusative object 'Zapple' based on the task description, but it fails to include the subject 'Pa' in the correct position, contradicting the explicit grammatical rule provided in the prompt. The final answer 'Maktay Zapple Pa' is therefore incomplete and does not fully satisfy the task requirements. [model=Qwen/Qwen3.5-9B]",3572.0,False,
Qwen/Qwen3.5-9B,b7f8fcd484777f9d330f24a2ff30dd25,groundedness_json,json,trace,0.0,"The agent's response is not grounded in the provided evidence because the available tool results contain no data, yet the response asserts a specific translation. The agent ignored the explicit instruction to first list facts given, to look up, and to derive, instead jumping directly to a final answer without any supporting reasoning or evidence. [model=Qwen/Qwen3.5-9B]",3572.0,False,
Qwen/Qwen3.5-9B,b7f8fcd484777f9d330f24a2ff30dd25,groundedness_bullet,bullet,trace,0.5,"The agent's claim that 'Maktay' is the correct verb form is supported by the task's instruction to use the root form for the present tense. However, the claim that 'Zapple' is the correct word for the direct object is contradicted by the task, which explicitly defines 'Zapple' as the accusative form while the sentence structure requires the direct object to be in the accusative case, yet the agent failed to identify the specific accusative form for 'apples' provided in the text. [model=Qwen/Qwen3.5-9B]",3572.0,False,
Qwen/Qwen3.5-9B,b810534e7915119254ea6977a72493ae,groundedness_line,line,trace,0.0,"The response provides a specific numerical answer (4) without citing any evidence, lookup steps, or derivation process. The provided evidence contains no data regarding the Tropicos ID for Helotiales, ISBN-10 check digit calculations, or the specific facts required to perform the requested computation. [model=Qwen/Qwen3.5-9B]",2527.36,False,
Qwen/Qwen3.5-9B,b810534e7915119254ea6977a72493ae,groundedness_json,json,trace,0.0,"The agent claims the check digit is 4 without providing any reasoning, data, or verification steps in its response. The available evidence contains no information about the Tropicos ID for Helotiales or ISBN-10 calculations, making the specific factual claim completely unsupported and ungrounded. [model=Qwen/Qwen3.5-9B]",2527.36,False,
Qwen/Qwen3.5-9B,b810534e7915119254ea6977a72493ae,groundedness_bullet,bullet,trace,0.0,"The response claims a specific check digit (4) for an ISBN-10 derived from a Tropicos ID for the Order Helotiales, but the provided evidence contains no data regarding Tropicos IDs, the Order Helotiales, or ISBN-10 calculations. The claim is entirely unsupported by the available evidence. [model=Qwen/Qwen3.5-9B]",2527.36,False,
Qwen/Qwen3.5-9B,b93b2145c5e2022c56bc2a50d5e94d8a,groundedness_line,line,trace,0.0,"The agent failed to extract the specific numerical data required by the task from the available PDF evidence, instead providing a generic 'Unable to determine' response. The evidence contains the necessary report but the agent did not ground its final answer in the specific values found within that document. [model=Qwen/Qwen3.5-9B]",2527.36,False,
Qwen/Qwen3.5-9B,b93b2145c5e2022c56bc2a50d5e94d8a,groundedness_json,json,trace,0.0,"The agent response 'Unable to determine' contains no specific factual claims to evaluate against the provided evidence. Since the response offers no assertions that could be supported or contradicted by the available data, it fails to meet the task's requirement to provide a comprehensive survey of facts. [model=Qwen/Qwen3.5-9B]",3099.45,False,
Qwen/Qwen3.5-9B,b93b2145c5e2022c56bc2a50d5e94d8a,groundedness_bullet,bullet,trace,0.0,"The agent failed to extract specific numerical data from the available PDF evidence, instead returning a generic 'Unable to determine' response. This contradicts the task requirement to calculate a specific difference to three decimal places, as the necessary data points were present in the provided file but not utilized. [model=Qwen/Qwen3.5-9B]",3099.45,False,
Qwen/Qwen3.5-9B,bc9c8f8dc13a51d0cd6762bd325ab17e,groundedness_line,line,trace,0.0,"The response claims a specific book title ('five hundred Things to Eat Before It's Too Late') as the final answer, but the provided evidence consists only of search result snippets and HTML headers that do not contain this information or confirm the title. The agent failed to extract the necessary facts (the book title, the specific restaurant, or the two James Beard Award winners) from the available evidence, making the claim completely unsupported. [model=Qwen/Qwen3.5-9B]",3099.45,False,
Qwen/Qwen3.5-9B,bc9c8f8dc13a51d0cd6762bd325ab17e,groundedness_json,json,trace,0.0,"The agent's response claims a specific book title ('five hundred Things to Eat Before It's Too Late') that is not mentioned or supported by any of the provided search results, which only show generic search snippets and unrelated pages. The available evidence fails to identify the specific book, the two James Beard Award winners, or the restaurant details required to verify the claim, making the answer entirely hallucinated. [model=Qwen/Qwen3.5-9B]",3099.45,False,
Qwen/Qwen3.5-9B,bc9c8f8dc13a51d0cd6762bd325ab17e,groundedness_bullet,bullet,trace,0.0,"The agent's final answer is not grounded in the provided evidence; the search results only list generic restaurant names or award categories without confirming a specific book title containing 'five hundred Things to Eat Before It's Too Late'. The agent failed to extract the necessary chain of facts (TV show name, specific restaurant, specific book) from the available search snippets, leading to a hallucinated conclusion. [model=Qwen/Qwen3.5-9B]",2867.0,False,
Qwen/Qwen3.5-9B,bcaad76af172d10d2c7e4c257bf20d27,groundedness_line,line,trace,0.0,"The response provides a specific integer value (233) without citing any source data, physical constants, or calculation steps from the provided evidence. The necessary facts regarding the density of Freon-12 and the specific temperature and pressure conditions of the Marianas Trench are absent from the available evidence, making the claim unsupported. [model=Qwen/Qwen3.5-9B]",2867.0,False,
Qwen/Qwen3.5-9B,bcaad76af172d10d2c7e4c257bf20d27,groundedness_json,json,trace,0.0,"The agent response provides a specific numerical answer (233) without citing any supporting data, calculations, or external facts from the available evidence. Since the provided evidence contains no results and the task requires specific physical constants (density of Freon-12, depth/temperature of the Marianas Trench) that are absent, the claim is entirely unsupported. [model=Qwen/Qwen3.5-9B]",2867.0,False,
Qwen/Qwen3.5-9B,bcaad76af172d10d2c7e4c257bf20d27,groundedness_bullet,bullet,trace,0.0,"The response provides a specific integer value (233 mL) without citing any source data, physical constants, or calculation steps from the provided evidence. Since the necessary inputs (density of Freon-12, pressure and temperature of the Marianas Trench) are absent from the available evidence, the factual claim is entirely unsupported. [model=Qwen/Qwen3.5-9B]",2867.0,False,
Qwen/Qwen3.5-9B,c60ad8608dd94271a6c6805eedfa26a8,groundedness_line,line,trace,0.0,"The agent claims the answer is 'Jerome Wiesner', but the provided evidence (search results and page content) does not contain this name or confirm that he was the scientist making the prediction in the video. The agent failed to find the specific name in the transcript or video details, making the final answer unsupported by the available evidence. [model=Qwen/Qwen3.5-9B]",2917.54,False,
Qwen/Qwen3.5-9B,c60ad8608dd94271a6c6805eedfa26a8,groundedness_json,json,trace,0.0,"The agent response 'Jerome Wiesner' is a specific factual claim that is not supported by the provided evidence, which only contains search result titles and page metadata without the actual transcript content. The available evidence fails to mention the name 'Jerome Wiesner' or confirm his prediction, making the claim unsupported and potentially contradicted by the lack of relevant data in the tools. [model=Qwen/Qwen3.5-9B]",2917.54,False,
Qwen/Qwen3.5-9B,c60ad8608dd94271a6c6805eedfa26a8,groundedness_bullet,bullet,trace,0.0,"The agent claims the scientist is Jerome Wiesner, but the provided evidence only confirms a search for the transcript and displays a video page without extracting the specific name or the prediction text. The agent failed to locate the name in the available evidence, making the final answer unsupported. [model=Qwen/Qwen3.5-9B]",2917.54,False,
Qwen/Qwen3.5-9B,cac8b6b2d84841d9a5177e399f0595b4,groundedness_line,line,trace,0.0,"The agent's final answer of 2150 is not supported by the provided evidence, as the only relevant tool result (the Wikipedia history page) shows 'Showing page 1 of 43' without displaying the total count or the specific number 2150. The other retrieved pages are irrelevant to the task. Consequently, the factual claim is unsupported by the available data. [model=Qwen/Qwen3.5-9B]",2917.54,False,
Qwen/Qwen3.5-9B,cac8b6b2d84841d9a5177e399f0595b4,groundedness_json,json,trace,0.0,"The agent response provides a specific number (2150) without citing any evidence from the available tool results, which only show search snippets and page histories without explicit edit counts. The response fails to follow the required structure for listing facts and lacks direct grounding in the provided evidence. [model=Qwen/Qwen3.5-9B]",3070.99,False,
Qwen/Qwen3.5-9B,cac8b6b2d84841d9a5177e399f0595b4,groundedness_bullet,bullet,trace,0.0,"The agent provides a specific final answer (2150) without deriving it from the provided evidence, which only shows a paginated history list (page 1 of 43) and irrelevant GitHub search results. The agent fails to count the edits from the available page or acknowledge that the total count is not present in the provided snippets, making the factual claim unsupported by the evidence. [model=Qwen/Qwen3.5-9B]",3070.99,False,
Qwen/Qwen3.5-9B,cbefff615c15f4de61bd0ffd1ce97d2e,groundedness_line,line,trace,0.0,"The agent provided a final numerical answer without deriving the necessary intermediate values (L, A, C) from the provided text or evidence. The calculation relies entirely on external facts (Venezuelan independence year, TikTok logo colors, Philippines woman height) that are not present in the available evidence, making the specific factual claims in the response unsupported. [model=Qwen/Qwen3.5-9B]",3070.99,False,
Qwen/Qwen3.5-9B,cbefff615c15f4de61bd0ffd1ce97d2e,groundedness_json,json,trace,0.0,"The agent response provides a specific numerical answer without citing any of the required factual components (Venezuelan independence year, TikTok logo colors, or Philippines height) from the task description. Since the available evidence contains no data to support these necessary inputs, the claim is entirely unsupported. [model=Qwen/Qwen3.5-9B]",3070.99,False,
Qwen/Qwen3.5-9B,cbefff615c15f4de61bd0ffd1ce97d2e,groundedness_bullet,bullet,trace,0.0,"The agent's final answer of 563.9 is unsupported because the necessary factual inputs (the year of the Venezuelan Declaration of Independence, the number of colors in the TikTok logo, and the height of the average Filipino woman) were not retrieved from any available evidence or tools. Consequently, the calculation cannot be verified as grounded in the provided context. [model=Qwen/Qwen3.5-9B]",3880.38,False,
Qwen/Qwen3.5-9B,d277cf50c742ad43ddf128587f59b363,groundedness_line,line,trace,0.0,"The agent's claim that Roger Miller composed the song is unsupported and contradicted by the evidence, which identifies the song as 'The Hampsterdance Song' and links it to the viral 'Hamster Dance' meme rather than a Roger Miller composition. The agent failed to extract the actual composer from the Wikipedia page for 'The Hampsterdance Song' or verify the specific details about a rooster performing the song at a different tempo. [model=Qwen/Qwen3.5-9B]",3880.38,False,
Qwen/Qwen3.5-9B,d277cf50c742ad43ddf128587f59b363,groundedness_json,json,trace,0.0,"The agent claims the song was composed by Roger Miller, but the provided evidence only identifies 'The Hampsterdance Song' on Wikipedia without naming a composer, and the search for a rooster/hamster song yielded no relevant results. The agent's specific factual claim is completely unsupported and likely contradicts the lack of evidence regarding the song's existence or composer. [model=Qwen/Qwen3.5-9B]",3880.38,False,
Qwen/Qwen3.5-9B,d277cf50c742ad43ddf128587f59b363,groundedness_bullet,bullet,trace,0.0,"The agent claims the answer is 'Roger Miller' based on a search for a 'rooster' video, but the provided evidence only shows a 'Robin Hood Rooster Song' with no mention of a hamster or Roger Miller. The agent completely ignored the Wikipedia result for 'The Hampsterdance Song' which is the only source containing both a hamster and a song, making the final answer unsupported and likely incorrect. [model=Qwen/Qwen3.5-9B]",3880.38,False,
Qwen/Qwen3.5-9B,d2868d12880a41ad5ed1fb3bb39159d5,groundedness_line,line,trace,0.0,"The response claims the featured bird is a Rockhopper Penguin, but the provided search results only show a truncated title and do not contain the specific content or transcript needed to identify the bird species. Therefore, the factual claim is unsupported by the available evidence. [model=Qwen/Qwen3.5-9B]",2976.7,False,
Qwen/Qwen3.5-9B,d2868d12880a41ad5ed1fb3bb39159d5,groundedness_json,json,trace,0.0,"The agent claims the featured bird is a Rockhopper Penguin, but the provided search results only list a link to a video titled 'Top 5 David Attenborough Moments' without specifying any bird species or confirming the content of the 'Top 5 Silliest Animal Moments' video. The specific factual claim is therefore unsupported and contradicted by the lack of relevant evidence in the tool results. [model=Qwen/Qwen3.5-9B]",2976.7,False,
Qwen/Qwen3.5-9B,d2868d12880a41ad5ed1fb3bb39159d5,groundedness_bullet,bullet,trace,0.0,"The agent claims the featured bird is a Rockhopper Penguin, but the provided search results do not contain this specific information or mention penguins at all. The evidence only shows a search result title without the actual content needed to verify the species. [model=Qwen/Qwen3.5-9B]",2976.7,False,
Qwen/Qwen3.5-9B,d67a8ae853c0b8ed0e55f7fafe4e2f64,groundedness_line,line,trace,0.0,The agent's claim that 'predict_proba' is the answer is unsupported because the provided evidence contains no results from the Scikit-Learn July 2017 changelog. The agent failed to retrieve or verify the necessary information to answer the specific question about bug fixes in that version. [model=Qwen/Qwen3.5-9B],2976.7,False,
Qwen/Qwen3.5-9B,d67a8ae853c0b8ed0e55f7fafe4e2f64,groundedness_json,json,trace,0.0,"The agent claims 'predict_proba' is the correct answer without any supporting evidence, as the provided tool results contain no data from the Scikit-Learn changelog. This constitutes a fabricated fact since the necessary information to verify the claim is entirely absent from the available evidence. [model=Qwen/Qwen3.5-9B]",2498.59,False,
Qwen/Qwen3.5-9B,d67a8ae853c0b8ed0e55f7fafe4e2f64,groundedness_bullet,bullet,trace,0.0,"The agent provided a specific answer ('predict_proba') without citing any evidence from the Scikit-Learn July 2017 changelog, as the available tool results were empty. This constitutes a hallucination since the factual claim is not grounded in the provided context or verified through the necessary lookup steps. [model=Qwen/Qwen3.5-9B]",2498.59,False,
Qwen/Qwen3.5-9B,d7f2f823ff4d4d8bbec1039c6c302a06,groundedness_line,line,trace,0.0,"The response provides a specific zip code (33040) as the final answer, but the provided evidence contains no tool results or data to support this claim. The agent failed to retrieve the necessary information from the USGS or any other source to verify the location of the fish species. [model=Qwen/Qwen3.5-9B]",2498.59,False,
Qwen/Qwen3.5-9B,d7f2f823ff4d4d8bbec1039c6c302a06,groundedness_json,json,trace,0.0,"The agent claims a specific zip code (33040) as the final answer, but the provided evidence contains no tool results or data to support this fact. The claim is completely unsupported by the available evidence, which only indicates that the 'final_answer' tool returned no result. [model=Qwen/Qwen3.5-9B]",2498.59,False,
Qwen/Qwen3.5-9B,d7f2f823ff4d4d8bbec1039c6c302a06,groundedness_bullet,bullet,trace,0.0,"The agent provided a specific zip code (33040) as the final answer without using any search tools or citing evidence from the USGS to verify the nonnative locations of the target fish species. Since the available evidence contains no tool results or data to support this specific claim, the answer is completely ungrounded. [model=Qwen/Qwen3.5-9B]",2498.9,False,
Qwen/Qwen3.5-9B,d857dc7d137db732306e97c3820652bd,groundedness_line,line,trace,0.0,"The agent provided no factual claims or reasoning, only stating 'not' without grounding in the available evidence. Since the tool returned no results and the agent failed to identify any facts from the task or sources, the response is entirely unsupported. [model=Qwen/Qwen3.5-9B]",2498.9,False,
Qwen/Qwen3.5-9B,d857dc7d137db732306e97c3820652bd,groundedness_json,json,trace,0.0,"The agent response 'FINAL ANSWER: not' makes no specific factual claims that can be evaluated against the provided evidence, which contains no results. Since the response fails to address the complex task requirements or provide any grounded information, it is entirely unsupported by the available evidence. [model=Qwen/Qwen3.5-9B]",2498.9,False,
Qwen/Qwen3.5-9B,d857dc7d137db732306e97c3820652bd,groundedness_bullet,bullet,trace,0.0,"The agent provided no factual claims or reasoning, only stating 'not' without grounding in the available evidence. Since the task requires a specific answer based on a complex multi-step search and derivation process, the complete lack of an attempt to gather or derive facts results in zero support. [model=Qwen/Qwen3.5-9B]",2498.9,False,
Qwen/Qwen3.5-9B,d9a8dff7edce2d1b15ed4769886d9a2a,groundedness_line,line,trace,0.0,"The response claims the answer is 20 without providing any evidence, search results, or reasoning to support this specific figure. The available evidence contains no data regarding the papers by Omar Valencfia-Mendez or G. Curt Fiedler, nor does it contain the necessary lengths to perform the requested calculation. [model=Qwen/Qwen3.5-9B]",2643.62,False,
Qwen/Qwen3.5-9B,d9a8dff7edce2d1b15ed4769886d9a2a,groundedness_json,json,trace,0.0,"The agent response claims a specific integer percentage (20) without any supporting evidence, as the available tool results contain no data. The task requires looking up facts from specific papers, but the agent provided no sources or derivation steps, making the claim completely ungrounded. [model=Qwen/Qwen3.5-9B]",2643.62,False,
Qwen/Qwen3.5-9B,d9a8dff7edce2d1b15ed4769886d9a2a,groundedness_bullet,bullet,trace,0.0,"The agent claims the answer is 20 without citing any specific data from the mentioned papers or performing the required calculations based on the provided evidence. Since no documents or tool results containing the necessary length data were available, the factual claims are entirely unsupported. [model=Qwen/Qwen3.5-9B]",2643.62,False,
Qwen/Qwen3.5-9B,dbc070b918d4a052c0b686081408fb52,groundedness_line,line,trace,0.0,"The response claims the answer is 'Bravo' without providing any evidence from the task description, which only specifies the date (July 15, 2008) and the required sources (Phys.org and Encyclopedia Britannica). The agent failed to perform the necessary lookups or derivations to verify the explosive force or identify the corresponding US nuclear test. [model=Qwen/Qwen3.5-9B]",2643.62,False,
Qwen/Qwen3.5-9B,dbc070b918d4a052c0b686081408fb52,groundedness_json,json,trace,0.0,"The agent claims the answer is 'Bravo' without any supporting evidence from the provided tool results, which returned no data. This constitutes a fabricated fact as the necessary information to derive the answer was not available in the evidence. [model=Qwen/Qwen3.5-9B]",2933.44,False,
Qwen/Qwen3.5-9B,dbc070b918d4a052c0b686081408fb52,groundedness_bullet,bullet,trace,0.0,"The agent's claim that the answer is 'Bravo' is unsupported because the provided evidence contains no tool results or data regarding the July 15, 2008 Phys.org article, the Encyclopedia Britannica yield, or the corresponding US nuclear test. The agent failed to perform the required lookups or derivations, resulting in a fabricated answer with zero grounding in the available evidence. [model=Qwen/Qwen3.5-9B]",2933.44,False,
Qwen/Qwen3.5-9B,dcb89b6b049d424caf4c3e5fcd22c84c,groundedness_line,line,trace,0.0,"The agent claims the answer is 525, but the provided evidence only shows an archived webpage with a 'Team Batting' section and no specific player statistics or walk counts visible in the text. The agent failed to extract the specific data point (player with most walks and their at-bats) from the available evidence. [model=Qwen/Qwen3.5-9B]",2933.44,False,
Qwen/Qwen3.5-9B,dcb89b6b049d424caf4c3e5fcd22c84c,groundedness_json,json,trace,0.0,"The agent claims the answer is 525, but the provided evidence only shows an archived webpage with a 'Team Batting' section and no specific player statistics or walk counts visible in the text. The claim is unsupported because the necessary data to verify the number of at-bats for the specific player is not present in the evidence. [model=Qwen/Qwen3.5-9B]",2933.44,False,
Qwen/Qwen3.5-9B,dcb89b6b049d424caf4c3e5fcd22c84c,groundedness_bullet,bullet,trace,0.0,"The agent claims the answer is 525, but the provided evidence only shows an archived webpage with a 'Team Batting' section and no specific player statistics or walk counts visible in the text. The agent failed to extract the specific data point required to answer the question from the available evidence. [model=Qwen/Qwen3.5-9B]",2488.07,False,
Qwen/Qwen3.5-9B,e491d73ca2fd8a2a6f8984feb1c408a3,groundedness_line,line,trace,0.0,"The response lists specific ingredients (cornstarch, lemon juice, etc.) as facts, but the provided evidence shows that the tool used to access the audio file returned no results, making it impossible to verify or derive these claims from the available data. [model=Qwen/Qwen3.5-9B]",2488.07,False,
Qwen/Qwen3.5-9B,e491d73ca2fd8a2a6f8984feb1c408a3,groundedness_json,json,trace,0.0,"The agent lists specific ingredients (cornstarch, lemon juice, etc.) as facts derived from the audio file, but the available evidence shows that the tool used to inspect the file returned no results. Consequently, all factual claims in the response are unsupported by the provided evidence. [model=Qwen/Qwen3.5-9B]",2488.07,False,
Qwen/Qwen3.5-9B,e491d73ca2fd8a2a6f8984feb1c408a3,groundedness_bullet,bullet,trace,0.0,"The agent lists specific ingredients (cornstarch, lemon juice, etc.) as facts, but the provided evidence shows that the tool used to access the audio file returned no results, making it impossible to verify or derive these claims from the available data. Consequently, all factual claims in the response are unsupported by the evidence. [model=Qwen/Qwen3.5-9B]",2488.07,False,
Qwen/Qwen3.5-9B,e6ca28af6722fc00fc7294d1b291bea4,groundedness_line,line,trace,0.0,"The response claims the answer is 'i', but the provided evidence contains no information about Unlambda syntax or the specific code correction required. The agent failed to perform the necessary lookup or derivation to verify this claim against the task's code snippet. [model=Qwen/Qwen3.5-9B]",2656.83,False,
Qwen/Qwen3.5-9B,e6ca28af6722fc00fc7294d1b291bea4,groundedness_json,json,trace,0.0,"The agent claims the answer is 'i' without providing any reasoning or derivation from the available evidence, which only indicates that no result was returned by the tool. This unsupported assertion contradicts the task's explicit instruction to provide thorough reasoning for each item in the survey. Consequently, the factual claim is entirely fabricated relative to the provided evidence. [model=Qwen/Qwen3.5-9B]",2656.83,False,
Qwen/Qwen3.5-9B,e6ca28af6722fc00fc7294d1b291bea4,groundedness_bullet,bullet,trace,0.0,"The agent claims the answer is 'i' without providing any reasoning or evidence from the task description to support this specific character choice. The task requires deriving the correct Unlambda code modification, but the agent offers no derivation steps or verification results, making the factual claim unsupported by the available evidence. [model=Qwen/Qwen3.5-9B]",2656.83,False,
Qwen/Qwen3.5-9B,e7d5dd0d36db95a40a4fbe258edd0aba,groundedness_line,line,trace,0.0,"The agent's claim that the answer is 10 is unsupported because the provided evidence shows the agent failed to retrieve the specific lists of top 10 worldwide and top 10 domestic movies, instead only navigating to general pages without extracting the necessary data to perform the comparison. [model=Qwen/Qwen3.5-9B]",2656.83,False,
Qwen/Qwen3.5-9B,e7d5dd0d36db95a40a4fbe258edd0aba,groundedness_json,json,trace,0.0,"The agent claims the answer is 10, but the provided evidence only shows the agent navigating to a 'Domestic Box Office' page and performing a Ctrl+F search without extracting any specific movie names or confirming the overlap count. The response is a hallucination as it asserts a definitive fact that is not present in the available tool results. [model=Qwen/Qwen3.5-9B]",2671.16,False,
Qwen/Qwen3.5-9B,e7d5dd0d36db95a40a4fbe258edd0aba,groundedness_bullet,bullet,trace,0.0,"The agent claims the answer is 10, but the provided evidence shows the agent only navigated to a 'Domestic Box Office' page and performed no verification comparing the worldwide and domestic top 10 lists. The final answer is completely unsupported by the available tool results, which contain no data on the intersection of the two specific lists requested. [model=Qwen/Qwen3.5-9B]",2671.16,False,
Qwen/Qwen3.5-9B,ea313eef484bb042ddb079771359c8e6,groundedness_line,line,trace,1.0,"The agent correctly identifies the specific scene heading 'INT. THE CASTLE - DAY' from the provided text evidence, which directly answers the user's request for the exact first scene heading. The claim that this is the correct answer is fully supported by the retrieved script content. [model=Qwen/Qwen3.5-9B]",2671.16,False,
Qwen/Qwen3.5-9B,ea313eef484bb042ddb079771359c8e6,groundedness_json,json,trace,1.0,"The agent's claim that the first scene heading is 'INT. THE CASTLE - DAY' is directly supported by the provided text file content. No other factual claims were made in the response, so all assertions are grounded in the evidence. [model=Qwen/Qwen3.5-9B]",2671.16,False,
Qwen/Qwen3.5-9B,ea313eef484bb042ddb079771359c8e6,groundedness_bullet,bullet,trace,0.25,"The agent correctly identifies the location 'INT. THE CASTLE - DAY' as the first scene heading, which is directly supported by the provided search result text. However, the agent fails to ground the claim that this is the 'official script' or that the episode is 'Heaven Sent', as the evidence explicitly states the document is a 'Blue Draft dated 24/08/15', not the official version. This contradiction regarding the document's status significantly undermines the factual grounding of the response. [model=Qwen/Qwen3.5-9B]",3355.19,False,
Qwen/Qwen3.5-9B,eb42da715add1437eced9e494b0f62f7,groundedness_line,line,trace,0.0,"The agent claims the answer is 2 but provides no evidence from the file to support this count, as the tool results show no data was retrieved. The response is completely ungrounded because it asserts a specific fact without any verification or source data. [model=Qwen/Qwen3.5-9B]",3355.19,False,
Qwen/Qwen3.5-9B,eb42da715add1437eced9e494b0f62f7,groundedness_json,json,trace,0.0,"The agent claims the answer is 2, but the provided evidence shows no results from the file inspection tool, meaning there is no data to support this specific count. The factual claim is therefore unsupported and contradicts the available evidence which contains no information about the presentation's content. [model=Qwen/Qwen3.5-9B]",3355.19,False,
Qwen/Qwen3.5-9B,eb42da715add1437eced9e494b0f62f7,groundedness_bullet,bullet,trace,0.0,"The agent claims the answer is 2 without providing any evidence from the file inspection tools, which returned no results. This factual claim is completely unsupported by the available evidence and contradicts the requirement to verify the count from the PowerPoint file. [model=Qwen/Qwen3.5-9B]",3355.19,False,
Qwen/Qwen3.5-9B,ee9335fbe7329b273a8d922bd3f73b84,groundedness_line,line,trace,0.0,"The agent claims the answer is 'tricksy' despite explicitly stating in the provided file inspection that the full text of the article is unavailable and the specific quoted word could not be extracted. This creates a direct contradiction between the agent's final conclusion and the available evidence, which only confirms the inability to find the specific fact requested. [model=Qwen/Qwen3.5-9B]",2866.45,False,
Qwen/Qwen3.5-9B,ee9335fbe7329b273a8d922bd3f73b84,groundedness_json,json,trace,0.0,"The agent claims the answer is 'tricksy' without providing the specific textual evidence from the article required to verify that this word was quoted from two different authors in distaste. The available evidence explicitly states that the full text of the article is missing and the search for the word 'quoted' yielded no results on the provided page, making the agent's conclusion unsupported and likely hallucinated. [model=Qwen/Qwen3.5-9B]",2866.45,False,
Qwen/Qwen3.5-9B,ee9335fbe7329b273a8d922bd3f73b84,groundedness_bullet,bullet,trace,1.0,"The agent's final answer 'tricksy' is directly supported by the webpage title found in the search results ('Dragons are Tricksy'), which matches the query's requirement for a word quoted in distaste. Although the agent failed to extract the specific textual evidence from the PDF file due to a tool limitation, the web search result provided sufficient confirmation of the answer's existence and content. [model=Qwen/Qwen3.5-9B]",2866.45,False,
Qwen/Qwen3.5-9B,ee939c276d2bdab808593f5121c52faf,groundedness_line,line,trace,0.0,The agent claims the answer is 'Kleinpaul' despite the provided search results showing that the terms 'endopsychic myths' and 'neurologist' were not found on the visited page. The agent failed to locate the necessary information in the available evidence to support its final answer. [model=Qwen/Qwen3.5-9B],2866.45,False,
Qwen/Qwen3.5-9B,ee939c276d2bdab808593f5121c52faf,groundedness_json,json,trace,0.0,"The agent claims the answer is 'Kleinpaul', but the provided evidence explicitly states that the search string 'neurologist' was not found on the page, indicating the agent hallucinated the answer without verifying the required facts. The available evidence fails to support the specific factual claim made in the response. [model=Qwen/Qwen3.5-9B]",2904.22,False,
Qwen/Qwen3.5-9B,ee939c276d2bdab808593f5121c52faf,groundedness_bullet,bullet,trace,0.0,"The agent claims the answer is 'Kleinpaul' despite the provided evidence showing that the search results and page content do not contain the terms 'neurologist', 'endopsychic myths', or any relevant information to derive this fact. The factual claim is completely unsupported and contradicts the available evidence. [model=Qwen/Qwen3.5-9B]",2904.22,False,
Qwen/Qwen3.5-9B,ef0207e4427fe22aeb1c2105932b74d7,groundedness_line,line,trace,0.0,"The agent claims the writer is 'Annie Levin', but the provided evidence only confirms the word 'Jingoism' for the specified date without identifying any author or quote. The agent's conclusion is completely unsupported by the available text, which explicitly failed to find the quote or attribution on the page. [model=Qwen/Qwen3.5-9B]",2904.22,False,
Qwen/Qwen3.5-9B,ef0207e4427fe22aeb1c2105932b74d7,groundedness_json,json,trace,0.0,"The agent claims 'Annie Levin' is the quoted writer, but the provided evidence only confirms the word 'Jingoism' and shows failed searches for quotation marks, dashes, and the word 'quote' on the page. There is no textual evidence in the tool results to support the specific name 'Annie Levin', making the claim unsupported. [model=Qwen/Qwen3.5-9B]",2904.22,False,
Qwen/Qwen3.5-9B,ef0207e4427fe22aeb1c2105932b74d7,groundedness_bullet,bullet,trace,0.0,"The agent claims the answer is 'Annie Levin', but the provided evidence only confirms the word 'Jingoism' for June 27, 2022, and explicitly states that search strings for quotation marks, em-dashes, and the word 'quote' were not found on the page. The agent's final answer is not grounded in the available evidence, which failed to retrieve the specific attribution requested. [model=Qwen/Qwen3.5-9B]",3349.09,False,
Qwen/Qwen3.5-9B,f04b425c107f7b972209528a46c407d9,groundedness_line,line,trace,0.0,"The agent claims the answer is 2 but provides no evidence from the required file, as all tool results are empty. The response fails to ground its specific numerical claim in the available data, making the factual assertion unsupported. [model=Qwen/Qwen3.5-9B]",3349.09,False,
Qwen/Qwen3.5-9B,f04b425c107f7b972209528a46c407d9,groundedness_json,json,trace,0.0,"The agent claims the answer is 2 without providing any reasoning or referencing the required attached file, which the tool results indicate was not successfully accessed. Since the core factual claim (the numerical answer) cannot be verified against the missing evidence and ignores the explicit instruction to analyze the provided layout, the claim is unsupported. [model=Qwen/Qwen3.5-9B]",3349.09,False,
Qwen/Qwen3.5-9B,f04b425c107f7b972209528a46c407d9,groundedness_bullet,bullet,trace,0.0,"The agent claims the answer is 2 but provides no evidence from the referenced file to support this calculation, as all tool results were empty. The response fails to identify any facts given, look up, or derive, making the specific numerical claim completely unsupported by the available evidence. [model=Qwen/Qwen3.5-9B]",3349.09,False,
Qwen/Qwen3.5-9B,f2de3b74884dc2312bb0fbf7c9867a9c,groundedness_line,line,trace,0.0,The agent's claim that the answer is 'Unable to determine' is unsupported because the provided evidence explicitly lists the DOI of the book required to locate the specific endnote and verify the access date. The agent failed to utilize the available tool or the provided source information to derive the necessary facts. [model=Qwen/Qwen3.5-9B],2457.67,False,
Qwen/Qwen3.5-9B,f2de3b74884dc2312bb0fbf7c9867a9c,groundedness_json,json,trace,1.0,"The agent explicitly states it cannot determine the answer, which is a grounded admission of the tool's failure rather than a fabricated fact. Since the agent did not make any unsupported positive claims, there are no contradictions to penalize, only a lack of evidence for the required information. [model=Qwen/Qwen3.5-9B]",2457.67,False,
Qwen/Qwen3.5-9B,f2de3b74884dc2312bb0fbf7c9867a9c,groundedness_bullet,bullet,trace,0.0,The agent's claim that the answer is 'Unable to determine' is unsupported because the provided evidence contains no tool results or data from the specified book DOI. The agent failed to attempt the required lookup or verification steps despite having access to relevant tools. [model=Qwen/Qwen3.5-9B],2457.67,False,
Qwen/Qwen3.5-9B,f39aec9b8a61fd2aaed5849cc00bc165,groundedness_line,line,trace,0.0,"The response provides a specific name ('Marek') as the final answer without any supporting evidence from the provided tool results, which contain no data. The necessary facts regarding the actor who played Ray in the Polish version of Everybody Loves Raymond and their role in Magda M. are completely absent from the available evidence. [model=Qwen/Qwen3.5-9B]",2457.67,False,
Qwen/Qwen3.5-9B,f39aec9b8a61fd2aaed5849cc00bc165,groundedness_json,json,trace,0.0,"The agent claims 'Marek' as the answer without any supporting evidence, while the available tool results show no data. The response is entirely fabricated as the necessary facts to solve the query were not provided or retrieved. [model=Qwen/Qwen3.5-9B]",2834.08,False,
Qwen/Qwen3.5-9B,f39aec9b8a61fd2aaed5849cc00bc165,groundedness_bullet,bullet,trace,0.0,"The response claims the answer is 'Marek' without providing any evidence, search results, or reasoning to support this specific fact. Since the available evidence contains no tool results or data linking the actor who played Ray in the Polish version of Everybody Loves Raymond to the film Magda M., the claim is completely unsupported. [model=Qwen/Qwen3.5-9B]",2834.08,False,
Qwen/Qwen3.5-9B,f510c80d120dc75e4259704184ee802d,groundedness_line,line,trace,0.0,"The response claims a specific logical statement is the outlier without providing the necessary truth tables or logical derivations to verify this claim against the provided list of statements. The available evidence contains no verification steps, truth values, or logical analysis to support the conclusion that the selected statement is not equivalent to the others. [model=Qwen/Qwen3.5-9B]",2834.08,False,
Qwen/Qwen3.5-9B,f510c80d120dc75e4259704184ee802d,groundedness_json,json,trace,0.0,"The agent provided a specific factual claim identifying '(¬A → B) ↔ (A ∨ ¬B)' as the non-equivalent statement without deriving it from the provided logical expressions or using any available tools. Since the evidence contains no results and the agent made no reasoning steps to support this conclusion, the claim is unsupported and contradicts the requirement to derive the answer from the task. [model=Qwen/Qwen3.5-9B]",2834.08,False,
Qwen/Qwen3.5-9B,f510c80d120dc75e4259704184ee802d,groundedness_bullet,bullet,trace,0.0,"The agent's response claims a specific logical statement is the outlier, but it fails to provide the necessary truth tables or logical derivations to support this conclusion. The available evidence contains no verification steps or truth value calculations, making the factual claim of which statement is non-equivalent completely unsupported. [model=Qwen/Qwen3.5-9B]",3008.97,False,
Qwen/Qwen3.5-9B,f5a297c9b9bc74ca0b1060b1c4c99c0f,groundedness_line,line,trace,0.0,"The agent claims the answer is 1987, but the provided evidence only contains Google Docs help documentation and search result snippets that do not include the actual historical stock price data or the specific year the stock closed above $50. The agent failed to extract the necessary factual data from the available tools to support its conclusion. [model=Qwen/Qwen3.5-9B]",3008.97,False,
Qwen/Qwen3.5-9B,f5a297c9b9bc74ca0b1060b1c4c99c0f,groundedness_json,json,trace,0.0,"The agent claims the answer is 1987, but the provided evidence only shows search result snippets that do not contain the specific year or stock price data required to verify this claim. The agent failed to extract the necessary fact from the available evidence, making the response unsupported. [model=Qwen/Qwen3.5-9B]",3008.97,False,
Qwen/Qwen3.5-9B,f5a297c9b9bc74ca0b1060b1c4c99c0f,groundedness_bullet,bullet,trace,0.0,"The agent claims the answer is 1987 based on a search for Google Finance documentation, but the provided evidence only contains help pages about using Google Docs tools, not actual historical stock price data. The agent failed to retrieve the specific historical prices needed to verify when the stock first closed above $50, making the factual claim unsupported by the available evidence. [model=Qwen/Qwen3.5-9B]",3008.97,False,
Qwen/Qwen3.5-9B,f75d18151ad96809e922a80ebe2a171e,groundedness_line,line,trace,0.0,"The agent claims the answer is 'citation count' without providing any evidence from the task or tools to support this specific fact. The available evidence shows no results from the 'final_answer' tool, making the claim completely unsupported by the provided context. [model=Qwen/Qwen3.5-9B]",2856.12,False,
Qwen/Qwen3.5-9B,f75d18151ad96809e922a80ebe2a171e,groundedness_json,json,trace,0.0,"The agent claims 'citation count' as the answer without any supporting evidence, while the available tool results are empty. This constitutes a fabricated fact that directly contradicts the lack of evidence, as the agent cannot verify the feature causing the largest bubble size. [model=Qwen/Qwen3.5-9B]",2856.12,False,
Qwen/Qwen3.5-9B,f75d18151ad96809e922a80ebe2a171e,groundedness_bullet,bullet,trace,0.0,"The agent claims the answer is 'citation count' without providing any evidence from the task or tools to support this specific fact. The available tool results show no data, yet the agent presents a definitive answer as if it were grounded in the 'DeepFruits fruit detection graph' mentioned in the prompt. [model=Qwen/Qwen3.5-9B]",2856.12,False,
Qwen/Qwen3.5-9B,f84e4dfe98f92d8d39a1e00115cd77df,groundedness_line,line,trace,0.0,"The agent's final answer of '0' is unsupported because the evidence shows the Wikipedia page for 'Untitled Goose Game' has 41 revisions in its history, and the game's release date is September 2019, meaning there were revisions prior to that date. The agent failed to correctly count the revisions before the release date as requested in the task. [model=Qwen/Qwen3.5-9B]",2856.12,False,
Qwen/Qwen3.5-9B,f84e4dfe98f92d8d39a1e00115cd77df,groundedness_json,json,trace,0.0,"The agent response 'FINAL ANSWER: 0' is a fabricated fact not supported by the provided evidence, which shows the Wikipedia page had 41 revisions before the game's 2019 release date. The agent failed to correctly count the revisions or answer the specific question asked in the task. [model=Qwen/Qwen3.5-9B]",3109.28,False,
Qwen/Qwen3.5-9B,f84e4dfe98f92d8d39a1e00115cd77df,groundedness_bullet,bullet,trace,0.0,"The agent's final answer of '0' is unsupported because the evidence shows the agent found 41 revisions in the history log and identified a release date of September 2019, yet it failed to count the revisions prior to that date. The claim that the count is zero directly contradicts the available revision history data which clearly lists multiple edits before the release date. [model=Qwen/Qwen3.5-9B]",3109.28,False,
Qwen/Qwen3.5-9B,fa31e4af04a2469c88d6e8845e8aac69,groundedness_line,line,trace,0.0,"The response provides a specific number (2) without showing any derivation from the task's complex family tree and dietary constraints, which requires calculating the exact count of adults and children to determine the correct bag count. The provided evidence contains no calculation steps or intermediate facts to support this final answer, making the claim unsupported. [model=Qwen/Qwen3.5-9B]",3109.28,False,
Qwen/Qwen3.5-9B,fa31e4af04a2469c88d6e8845e8aac69,groundedness_json,json,trace,0.0,"The agent's response of '2' bags is a calculated value derived from complex constraints (e.g., cousin dietary restrictions, specific attendee counts) detailed in the user query, rather than a direct fact stated in the provided evidence. Since the evidence contains no tool results or data to support this specific calculation, the claim is unsupported by the available evidence. [model=Qwen/Qwen3.5-9B]",3109.28,False,
Qwen/Qwen3.5-9B,fa31e4af04a2469c88d6e8845e8aac69,groundedness_bullet,bullet,trace,0.0,"The agent's final answer of 2 bags is unsupported because it fails to account for the specific number of attendees (adults and children) derived from the family tree details provided in the task, nor does it consider the constraint that second cousins do not eat carbs. The calculation required to determine the correct number of bags relies entirely on deriving the total potato consumption from the text, which the agent did not perform or show. [model=Qwen/Qwen3.5-9B]",2952.86,False,
Qwen/Qwen3.5-9B,fb3333ca30eb8af56d4f31839ca9e317,groundedness_line,line,trace,0.0,"The response provides a specific numerical answer (540) without citing the required population data from the specified Wikipedia page or Nature.com article, nor does it show the derivation of the difference based on the 'two penguins per breeding pair' constraint. The provided evidence contains no population figures or source content to support this claim, making the answer completely ungrounded. [model=Qwen/Qwen3.5-9B]",2952.86,False,
Qwen/Qwen3.5-9B,fb3333ca30eb8af56d4f31839ca9e317,groundedness_json,json,trace,0.0,"The agent response provides a specific numerical answer (540) without any supporting evidence, while the available tool results contain no data to verify this claim. The response fails to address the task's requirement to list facts given, to look up, or to derive, making the factual claim completely unsupported by the provided evidence. [model=Qwen/Qwen3.5-9B]",2952.86,False,
Qwen/Qwen3.5-9B,fb3333ca30eb8af56d4f31839ca9e317,groundedness_bullet,bullet,trace,0.0,"The agent provided a specific numerical answer (540) without citing any evidence, despite the task requiring data from a Wikipedia page and a Nature.com article. The available evidence contains no tool results or source data to support this calculation, making the claim completely unsupported. [model=Qwen/Qwen3.5-9B]",2952.86,False,
Qwen/Qwen3.5-9B,fcdcb46c7df316b571138b53bd3c822a,groundedness_line,line,trace,0.0,"The response claims the answer is 12, but the provided evidence contains no data regarding arXiv articles, Lattice QCD, or January 2020 statistics. The 'final_answer' tool returned no results, leaving the specific factual claim completely unsupported by the available evidence. [model=Qwen/Qwen3.5-9B]",4320.35,False,
Qwen/Qwen3.5-9B,fcdcb46c7df316b571138b53bd3c822a,groundedness_json,json,trace,0.0,"The agent claims a specific count of 12 articles, but the provided evidence contains no data or results to support this number. The claim is completely unsupported and contradicts the available evidence, which offers no factual basis for the answer. [model=Qwen/Qwen3.5-9B]",4320.35,False,
Qwen/Qwen3.5-9B,fcdcb46c7df316b571138b53bd3c822a,groundedness_bullet,bullet,trace,0.0,"The response claims a specific count of 12 articles, but the provided evidence contains no search results or data to support this number. The claim is completely unsupported and contradicts the lack of available evidence. [model=Qwen/Qwen3.5-9B]",4320.35,False,
