model,trace_id,evaluator,prompt_format,level,score,explanation,latency_ms,is_skipped,skip_reason
Qwen/Qwen3.5-2B,0035f455b3ff2295167a844f04d85d34,groundedness_line,line,trace,0.0,"The agent's response provides a specific five-digit zip code (33149) without any citation or evidence from the provided 'Tool Results' or 'Evidence Available' sections. Since the evidence is empty and the claim is not supported by any data, the claim is unsupported. [model=Qwen/Qwen3.5-2B]",4055.14,False,
Qwen/Qwen3.5-2B,0035f455b3ff2295167a844f04d85d34,groundedness_json,json,trace,0.0,"The agent's response provides a single specific number (33149) without any citation or reference to the evidence provided in the task. Since the evidence available is empty ('no result'), the agent failed to ground its answer in any source material. [model=Qwen/Qwen3.5-2B]",4055.14,False,
Qwen/Qwen3.5-2B,0035f455b3ff2295167a844f04d85d34,groundedness_bullet,bullet,trace,0.0,"The agent's response provides a specific zip code (33149) without any citation or evidence from the provided 'Tool Results' or 'Evidence Available' sections. The evidence section explicitly states '(no result)' for the relevant tool, yet the agent ignores this and invents a fact. This constitutes a major contradiction and a lack of support. [model=Qwen/Qwen3.5-2B]",4055.14,False,
Qwen/Qwen3.5-2B,0140b3f657eddf76ca82f72c49ac8e58,groundedness_line,line,trace,0.25,"The provided evidence contains a search result for the exact query but does not explicitly state the name of the veterinarian, nor does the 'find_on_page_ctrl_f' tool confirm the presence of the name on the page. The search results only show the existence of the document and the search term, not the specific entity within it. [model=Qwen/Qwen3.5-2B]",4055.14,False,
Qwen/Qwen3.5-2B,0140b3f657eddf76ca82f72c49ac8e58,groundedness_json,json,trace,0.0,"The agent failed to ground its answer because it completely ignored the specific search results provided in the evidence. The evidence explicitly states that the search string 'equine veterinarian' was not found on the page, yet the agent confidently provided a name ('Louvrier') without acknowledging this lack of evidence. This constitutes a direct contradiction between the evidence and the response. [model=Qwen/Qwen3.5-2B]",2070.37,False,
Qwen/Qwen3.5-2B,0140b3f657eddf76ca82f72c49ac8e58,groundedness_bullet,bullet,trace,0.0,The agent's response provides a specific name ('Louvrier') but fails to provide any evidence from the search results or the page content to support this claim. The search results and page content were not utilized to verify the existence or identity of the veterinarian mentioned in the task. [model=Qwen/Qwen3.5-2B],2070.37,False,
Qwen/Qwen3.5-2B,01c5727165fc43899b3b594b9bef5f19,groundedness_line,line,trace,0.0,"The agent's response provides a definitive answer (0) without attempting to verify the source data or acknowledge the limitations of the search tool. The provided evidence consists of search results that do not contain the specific query string 'certain' or 'recommendation' in the context of the user's question, and the agent failed to explicitly state that the search did not yield the exact information needed to answer the question as posed. [model=Qwen/Qwen3.5-2B]",2070.37,False,
Qwen/Qwen3.5-2B,01c5727165fc43899b3b594b9bef5f19,groundedness_json,json,trace,0.0,"The agent failed to provide a correct answer because the search results for 'Yuri' and 'certain' on NeurIPS 2022 did not yield the specific data point required to answer the question. The evidence provided was insufficient to confirm the existence or count of such papers, leading to a lack of groundedness. [model=Qwen/Qwen3.5-2B]",2070.37,False,
Qwen/Qwen3.5-2B,01c5727165fc43899b3b594b9bef5f19,groundedness_bullet,bullet,trace,0.25,"The agent's response provides a definitive answer of 0, but the evidence provided is insufficient to support this specific number. The search results show general pages and forums without listing the specific count of papers by 'Yuri' that received a 'certain' recommendation. The agent failed to explicitly state that the search results did not contain the exact data required to answer the question, nor did it clearly distinguish between the general search results and the specific data needed to answer the query. [model=Qwen/Qwen3.5-2B]",2344.12,False,
Qwen/Qwen3.5-2B,0242ca2533fac5b8b604a9060b3e15d6,groundedness_line,line,trace,0.0,"The provided evidence contains no results for the specific tool 'final_answer', and the task itself does not provide any data regarding the specific studies by Manash Pratim Kashyap and PS Fader. Consequently, no factual claims can be verified or derived from the available evidence. [model=Qwen/Qwen3.5-2B]",2344.12,False,
Qwen/Qwen3.5-2B,0242ca2533fac5b8b604a9060b3e15d6,groundedness_json,json,trace,0.0,"The agent's response makes a definitive factual claim about the specific model type used by the researchers, but the provided evidence shows no results from the relevant tool. This constitutes a direct contradiction between the claim and the available evidence. [model=Qwen/Qwen3.5-2B]",2344.12,False,
Qwen/Qwen3.5-2B,0242ca2533fac5b8b604a9060b3e15d6,groundedness_bullet,bullet,trace,0.0,"The agent's response provides a definitive answer ('negative binomial') without any evidence or verification steps. The provided evidence section shows a tool result of '(no result)', which contradicts the claim that the agent has access to the correct answer. Consequently, the response is entirely unsupported and contradicted by the available evidence. [model=Qwen/Qwen3.5-2B]",2344.12,False,
Qwen/Qwen3.5-2B,041b7f9c8c76c2ca1a8e67c6769267c3,groundedness_line,line,trace,0.0,"The agent's response provides a definitive numerical answer without any evidence or reasoning steps, failing to demonstrate that the answer is grounded in the provided evidence. The task explicitly states that the agent must identify facts to look up and derive, yet the response skips all derivation and verification steps, presenting a number as a fact without any supporting data. [model=Qwen/Qwen3.5-2B]",1756.06,False,
Qwen/Qwen3.5-2B,041b7f9c8c76c2ca1a8e67c6769267c3,groundedness_json,json,trace,0.0,"The agent's response provides a definitive answer ('20') without any reasoning or citation to the provided evidence. The task explicitly requires identifying facts to look up and derive, yet the response fails to acknowledge the need for external verification or source data, making the answer entirely unsupported by the available evidence. [model=Qwen/Qwen3.5-2B]",1756.06,False,
Qwen/Qwen3.5-2B,041b7f9c8c76c2ca1a8e67c6769267c3,groundedness_bullet,bullet,trace,0.0,"The agent's response makes a definitive factual claim about the average p-value of 0.04 for Nature articles in 2020 without providing any evidence or data to support this specific statistic. The available evidence shows no results, and the claim contradicts the premise that such a specific average exists. [model=Qwen/Qwen3.5-2B]",1756.06,False,
Qwen/Qwen3.5-2B,08be1639c58e086cf0bb8c269039973d,groundedness_line,line,trace,0.0,"The provided evidence contains no information regarding the specific EC numbers, chemical names, or the paper 'Pearl of Africa' mentioned in the query. The response provides specific numerical values without any backing from the available tool results or task text. [model=Qwen/Qwen3.5-2B]",1756.06,False,
Qwen/Qwen3.5-2B,08be1639c58e086cf0bb8c269039973d,groundedness_json,json,trace,0.0,"The agent's response contains specific numerical claims (3.1.3.1 and 1.11.1.7) that are not supported by the provided evidence, which only states that the tool has access to results but provides no actual data. The claims are also not grounded in the available evidence, as the evidence does not contain the specific EC numbers requested. [model=Qwen/Qwen3.5-2B]",1840.51,False,
Qwen/Qwen3.5-2B,08be1639c58e086cf0bb8c269039973d,groundedness_bullet,bullet,trace,0.0,"The agent's response provides specific EC numbers (3.1.3.1 and 1.11.1.7) but fails to provide the evidence or source material that justifies these claims, as the 'Tool Results' section shows no data was retrieved. The response asserts facts without grounding them in the available evidence. [model=Qwen/Qwen3.5-2B]",1840.51,False,
Qwen/Qwen3.5-2B,0adc4f3b99d9564d32811e913cc9d248,groundedness_line,line,trace,0.0,"The agent's response provides a definitive answer of 100, but the provided evidence shows no tool results or verification steps were executed. Consequently, the answer is not grounded in any available evidence, as the agent failed to demonstrate how it derived the result or verified it. [model=Qwen/Qwen3.5-2B]",1840.51,False,
Qwen/Qwen3.5-2B,0adc4f3b99d9564d32811e913cc9d248,groundedness_json,json,trace,0.0,"The agent's response makes a definitive factual claim that there are 100 vampires in the village, which is directly contradicted by the evidence provided in the task (the residents all answered 'at least one is a human'). The evidence explicitly states that vampires always lie, making the claim of 100 vampires impossible given the available information. [model=Qwen/Qwen3.5-2B]",1840.51,False,
Qwen/Qwen3.5-2B,0adc4f3b99d9564d32811e913cc9d248,groundedness_bullet,bullet,trace,0.0,"The agent's response provides a definitive answer of 100, but the provided evidence shows no tool results or verification steps were executed. The claim that the answer is 100 is unsupported because the agent failed to utilize the stated access to tools or perform any verification, rendering the conclusion purely speculative without factual backing. [model=Qwen/Qwen3.5-2B]",2278.34,False,
Qwen/Qwen3.5-2B,0ebe673d64647ec44c370638b82d3c78,groundedness_line,line,trace,0.0,"The provided evidence contains no data, dates, or facts that support the claim that the answer is 'right'. The evidence is empty, and the response makes a definitive assertion without any backing from the available information. [model=Qwen/Qwen3.5-2B]",2278.34,False,
Qwen/Qwen3.5-2B,0ebe673d64647ec44c370638b82d3c78,groundedness_json,json,trace,0.0,"The agent's response 'right' is a nonsensical string that fails to provide any factual claims, numbers, or references. Since the evidence available is empty and the response contains no verifiable assertions, all claims are unsupported and the entire response is contradicted by the lack of relevant information. [model=Qwen/Qwen3.5-2B]",2278.34,False,
Qwen/Qwen3.5-2B,0ebe673d64647ec44c370638b82d3c78,groundedness_bullet,bullet,trace,0.0,"The agent's response contains a single factual claim ('right') which is not supported by any provided evidence or tool results. The evidence section explicitly states '(no result)' for the relevant tool, meaning no factual basis exists to validate the claim. This constitutes a contradiction between the claim and the available evidence. [model=Qwen/Qwen3.5-2B]",2278.34,False,
Qwen/Qwen3.5-2B,1427b326e21963a1228647ad8dff2bf4,groundedness_line,line,trace,0.0,"The agent's response provides a definitive answer ('3') without any evidence or reasoning, failing to meet the requirement to ground the answer in available facts or tools. The provided evidence section is empty, and the task explicitly states that failure to find the correct answer is not tolerated, yet the agent offers no justification for this result. [model=Qwen/Qwen3.5-2B]",1828.16,False,
Qwen/Qwen3.5-2B,1427b326e21963a1228647ad8dff2bf4,groundedness_json,json,trace,0.0,"The agent's response provides a specific number (3) without any citation or reference to the actual video content, which is a major factual error. The evidence available is empty, making the claim completely unsupported and incorrect. [model=Qwen/Qwen3.5-2B]",1828.16,False,
Qwen/Qwen3.5-2B,1427b326e21963a1228647ad8dff2bf4,groundedness_bullet,bullet,trace,0.0,"The agent's response provides a definitive answer ('3') without any evidence or reasoning. The 'Evidence Available to the Agent' section explicitly states '(no result)' for the tool 'final_answer', indicating the agent failed to utilize its available tools to verify or retrieve the necessary information. Consequently, the answer is unsupported and contradicts the lack of evidence. [model=Qwen/Qwen3.5-2B]",1828.16,False,
Qwen/Qwen3.5-2B,14be0e98b825d2da5665e2e10f6cc927,groundedness_line,line,trace,0.0,"The provided evidence contains a search result for the specific query but fails to locate the specific article or the paper mentioned in the task, nor does it contain the NASA award number for R. G. Arendt's work. Consequently, the agent cannot verify the existence of the paper or the award number based on the available evidence. [model=Qwen/Qwen3.5-2B]",1828.16,False,
Qwen/Qwen3.5-2B,14be0e98b825d2da5665e2e10f6cc927,groundedness_json,json,trace,0.0,"The agent failed to ground its answer because it completely ignored the provided evidence, which contained a specific search result for the requested article and NASA award information. The response provided a fabricated number without any reference to the actual content found in the search results. [model=Qwen/Qwen3.5-2B]",2671.11,False,
Qwen/Qwen3.5-2B,14be0e98b825d2da5665e2e10f6cc927,groundedness_bullet,bullet,trace,0.25,"The agent successfully identified the specific claim regarding the NASA award number (80GSFC21M0002) and provided a direct link to the source article on Universe Today. However, the evidence provided in the 'Tool Results' section is a search result page listing the article title and a generic search query, not the actual content of the article where the specific paper and award details are located. The agent failed to extract the specific factual claim from the provided evidence, as the evidence only confirms the existence of the article but does not contain the text of the article to verify the award number. [model=Qwen/Qwen3.5-2B]",2671.11,False,
Qwen/Qwen3.5-2B,18efa24e637b9423f34180d1f2041d3e,groundedness_line,line,trace,0.0,"The agent made a definitive factual claim ('28') without providing any evidence from the available tools or search results, as the 'Tool Results' section shows no data was retrieved. This constitutes a fabricated claim with zero support. [model=Qwen/Qwen3.5-2B]",2671.11,False,
Qwen/Qwen3.5-2B,18efa24e637b9423f34180d1f2041d3e,groundedness_json,json,trace,0.0,"The agent's response provides a specific number (28) without any citation or reference to the actual content of the Lego English Wikipedia article, making the claim factually unsupported by the provided evidence. [model=Qwen/Qwen3.5-2B]",2671.11,False,
Qwen/Qwen3.5-2B,18efa24e637b9423f34180d1f2041d3e,groundedness_bullet,bullet,trace,0.0,"The agent's response provides a specific number (28) without any citation or evidence of where this figure was obtained. The available evidence section shows no tool results or data sources, making it impossible to verify the claim. Consequently, the claim is unsupported and contradicts the lack of available information. [model=Qwen/Qwen3.5-2B]",1737.44,False,
Qwen/Qwen3.5-2B,1dd91d388cb4889e6c1f5ea5ca06bce6,groundedness_line,line,trace,0.0,"The agent's response 'the country' is a nonsensical factual claim with no basis in the provided evidence, which only lists a tool result of '(no result)'. The claim is unsupported and contradicts the lack of any relevant data. [model=Qwen/Qwen3.5-2B]",1737.44,False,
Qwen/Qwen3.5-2B,1dd91d388cb4889e6c1f5ea5ca06bce6,groundedness_json,json,trace,0.0,"The agent failed to provide any factual claims because it did not answer the question, instead stating it has access to tools but failing to actually retrieve the required information. The response contains no specific facts, dates, or names to evaluate against the evidence. [model=Qwen/Qwen3.5-2B]",1737.44,False,
Qwen/Qwen3.5-2B,1dd91d388cb4889e6c1f5ea5ca06bce6,groundedness_bullet,bullet,trace,0.0,"The agent's response provides a specific factual claim ('the country') but offers no evidence or source to support it. The available evidence shows a tool result of '(no result)', which contradicts the claim that a correct answer exists. The claim is entirely unsupported and contradicted by the lack of any result from the specified tool. [model=Qwen/Qwen3.5-2B]",1737.44,False,
Qwen/Qwen3.5-2B,21f0c6c8d76ac61f4388f36ddffe1c38,groundedness_line,line,trace,0.25,"The provided evidence contains a specific paper title and author for the 2015 paper, but it does not contain the information about the first paper authored by the same person. The search results only provide the title of the requested paper and the author's name, but do not list the titles of their prior works. Therefore, the specific fact requested cannot be derived from the available evidence. [model=Qwen/Qwen3.5-2B]",2249.89,False,
Qwen/Qwen3.5-2B,21f0c6c8d76ac61f4388f36ddffe1c38,groundedness_json,json,trace,0.0,"The agent failed to ground its answer because it did not search for the specific paper title or authors mentioned in the query. Instead, it hallucinated a title ('Investigations in Interface Usability') and provided no evidence from the available search results to support this claim. [model=Qwen/Qwen3.5-2B]",2249.89,False,
Qwen/Qwen3.5-2B,21f0c6c8d76ac61f4388f36ddffe1c38,groundedness_bullet,bullet,trace,0.25,"The agent's response contains a hallucinated title 'Investigations in Interface Usability' which is not found in the provided search results or the paper metadata. The search results only confirm the existence of the paper and list the authors (Pietro Murano and others), but do not provide the title of the first paper authored by the lead author (Murano) prior to the 2015 publication. The agent failed to derive the correct answer from the available evidence. [model=Qwen/Qwen3.5-2B]",2249.89,False,
Qwen/Qwen3.5-2B,2209204b631e26f4cee4dc3dd995608c,groundedness_line,line,trace,0.0,"The response provides a specific name ('Wen Jiabao') without any supporting evidence from the available tools or data, making the claim unsupported and the answer entirely unsubstantiated. [model=Qwen/Qwen3.5-2B]",2249.89,False,
Qwen/Qwen3.5-2B,2209204b631e26f4cee4dc3dd995608c,groundedness_json,json,trace,0.0,"The agent's response makes a definitive factual claim about a specific person's name in relation to OpenCV and Chinese government history. However, the provided evidence shows that the tool 'final_answer' returned no results, meaning the agent failed to verify or find the answer. This constitutes a direct contradiction to the evidence. [model=Qwen/Qwen3.5-2B]",1774.01,False,
Qwen/Qwen3.5-2B,2209204b631e26f4cee4dc3dd995608c,groundedness_bullet,bullet,trace,0.0,"The agent's response provides a specific name ('Wen Jiabao') without any evidence or reasoning to support it. The available evidence section shows a tool result of '(no result)', which fails to provide the factual basis for the claim. Consequently, the claim is unsupported and contradicts the lack of available evidence. [model=Qwen/Qwen3.5-2B]",1774.01,False,
Qwen/Qwen3.5-2B,25c8275651013fe8398ef0f735eb0912,groundedness_line,line,trace,0.25,"The response provides two specific cities (Santa Fe and Cambridge) but fails to address the critical constraint in the prompt: the exclusion of individuals who held the position in an 'acting capacity'. Without verifying the specific dates and roles of all prior secretaries, the provided answer is likely incomplete or incorrect, rendering the factual claims unsupported by the available evidence. [model=Qwen/Qwen3.5-2B]",1774.01,False,
Qwen/Qwen3.5-2B,25c8275651013fe8398ef0f735eb0912,groundedness_json,json,trace,0.0,"The agent failed to ground its answer because it completely ignored the 'evidence_available_to_agent' field, which explicitly states that the tool 'final_answer' returned no results. The response asserts facts (Santa Fe, Cambridge) that do not exist in the provided evidence, constituting a direct contradiction. [model=Qwen/Qwen3.5-2B]",1774.01,False,
Qwen/Qwen3.5-2B,25c8275651013fe8398ef0f735eb0912,groundedness_bullet,bullet,trace,0.0,"The agent's response provides no evidence or reasoning to support the claim that Santa Fe and Cambridge are the westernmost and easternmost cities of the universities of the former US Secretary of Homeland Security prior to April 2019. The available evidence is empty, and the response contains no logical derivation or factual basis. [model=Qwen/Qwen3.5-2B]",1881.4,False,
Qwen/Qwen3.5-2B,2713fa0aa73f0c5a8b480f026c21a547,groundedness_line,line,trace,0.0,"The agent failed to provide a grounded answer because the provided evidence shows no results for the specific tool 'final_answer', and the task explicitly states that the answer does exist, making the provided evidence insufficient to support the claim. [model=Qwen/Qwen3.5-2B]",1881.4,False,
Qwen/Qwen3.5-2B,2713fa0aa73f0c5a8b480f026c21a547,groundedness_json,json,trace,0.0,"The agent's response provides a specific number (12) without any citation or reference to the provided evidence, which is a critical failure. The evidence available is empty, yet the agent claims to have access to tools and facts, creating a direct contradiction between the claim of having evidence and the lack of any evidence presented. [model=Qwen/Qwen3.5-2B]",1881.4,False,
Qwen/Qwen3.5-2B,2713fa0aa73f0c5a8b480f026c21a547,groundedness_bullet,bullet,trace,0.0,"The agent's response provides a definitive answer (12) without any citation or evidence from the provided 'Tool Results' or 'Evidence Available' sections. Since the task explicitly requires grounding in available evidence and the evidence section is empty, the claim is unsupported. [model=Qwen/Qwen3.5-2B]",1881.4,False,
Qwen/Qwen3.5-2B,27a6c5ebc3311542156fdde857a0035f,groundedness_line,line,trace,0.0,"The agent's response is factually incorrect because it claims the sentence 'PEACEFULLY' was found in the block, whereas the provided evidence shows the letters 'DPEAC' and 'EFULL' which form 'PEACEFULLY' but the order is scrambled. The correct extraction requires rearranging the letters to form the word 'PEACEFULLY' in the correct order, not just listing the letters as they appear in the block. The agent failed to perform the necessary logical deduction to reorder the letters into the correct sentence, instead providing a nonsensical string that does not match the source material's actual letters in the correct sequence. [model=Qwen/Qwen3.5-2B]",2795.34,False,
Qwen/Qwen3.5-2B,27a6c5ebc3311542156fdde857a0035f,groundedness_json,json,trace,0.0,"The agent's response contains a complete sentence that is factually incorrect and directly contradicts the provided evidence, which is a static string of letters with no semantic meaning. The claim that the sentence was found in the text is unsupported because the evidence is not a readable sentence but a jumbled string, and the agent's output is entirely fabricated. [model=Qwen/Qwen3.5-2B]",2795.34,False,
Qwen/Qwen3.5-2B,27a6c5ebc3311542156fdde857a0035f,groundedness_bullet,bullet,trace,0.0,"The agent's response is factually incorrect because it claims to have found the answer using a tool that returned 'no result', yet it still provided a specific string. The task requires extracting letters from a 5x7 block, which is a pattern recognition problem solvable without external tools. The agent's failure to actually solve the puzzle and its reliance on a non-existent tool result in a lack of grounded evidence. [model=Qwen/Qwen3.5-2B]",2795.34,False,
Qwen/Qwen3.5-2B,2c77a8feec544cc61a00a387ad792a13,groundedness_line,line,trace,0.0,"The provided evidence contains no information regarding Audre Lorde's poem 'Father Son and Holy Ghost', nor does it contain any data about stanza indentation. Consequently, the response's claim that the answer exists and is 2 is entirely unsupported by the available evidence. [model=Qwen/Qwen3.5-2B]",2795.34,False,
Qwen/Qwen3.5-2B,2c77a8feec544cc61a00a387ad792a13,groundedness_json,json,trace,0.0,"The agent's response provides a specific number (2) without any citation or reference to the poem's text, which is a critical factual claim. Since the evidence available is empty and the claim is unsupported, the score is 0.0. [model=Qwen/Qwen3.5-2B]",2384.43,False,
Qwen/Qwen3.5-2B,2c77a8feec544cc61a00a387ad792a13,groundedness_bullet,bullet,trace,0.0,"The agent claims to have access to all relevant tools and the correct answer, but the provided evidence shows a tool result of '(no result)', directly contradicting the claim that the answer exists and can be found. The response fails to derive the answer from the available evidence, as the tool result is empty. [model=Qwen/Qwen3.5-2B]",2384.43,False,
Qwen/Qwen3.5-2B,2cb6924caac94b32d2bf4b40bdf4ab51,groundedness_line,line,trace,0.0,"The provided evidence consists of a YouTube playlist page and a video description for 'Cheater Beaters Are Back In Business!'. Neither of these sources contains specific data regarding CFM values, testing results, or comparisons between the 'Cheater' and 'Cheater Beater' characters. The search results only link to the video page, which lacks the required numerical data. Consequently, the agent's response contains no grounded facts. [model=Qwen/Qwen3.5-2B]",2384.43,False,
Qwen/Qwen3.5-2B,2cb6924caac94b32d2bf4b40bdf4ab51,groundedness_json,json,trace,0.0,"The agent failed the task because it provided specific numerical values (1325 and 1250) without citing any of the provided search results or video metadata as evidence. The available evidence only lists video titles, keywords, and runtime information, which do not contain the CFM data requested. Consequently, all factual claims in the response are unsupported and contradict the lack of relevant data in the search results. [model=Qwen/Qwen3.5-2B]",2384.43,False,
Qwen/Qwen3.5-2B,2cb6924caac94b32d2bf4b40bdf4ab51,groundedness_bullet,bullet,trace,0.25,"The agent's response provides specific CFM values (1325 and 1250) but fails to provide the evidence or source links for these numbers. The available evidence consists of YouTube video metadata and a playlist link, which do not contain the specific CFM data requested. The agent claims access to tools but does not demonstrate the retrieval of the actual data from the search results or video descriptions. [model=Qwen/Qwen3.5-2B]",2800.34,False,
Qwen/Qwen3.5-2B,3205fa0cb2135fe671bf7cd0e5a26151,groundedness_line,line,trace,0.0,"The agent failed to provide the specific numerical answer requested, instead stating a generic '4.0' without any evidence from the provided JSON-LD file or tool results. The evidence section shows that the 'inspect_file_as_text' tool returned no results, meaning the agent could not access the file to extract the necessary data to perform the required calculation or verification. [model=Qwen/Qwen3.5-2B]",2800.34,False,
Qwen/Qwen3.5-2B,3205fa0cb2135fe671bf7cd0e5a26151,groundedness_json,json,trace,0.0,"The agent failed to ground its answer because it ignored the specific instruction to use the provided JSON-LD file, instead claiming it has access to all tools and data without attempting to verify the file's existence or content. Consequently, the single factual claim regarding the average number is unsupported by any evidence, as the evidence list shows no results from the relevant tool. [model=Qwen/Qwen3.5-2B]",2800.34,False,
Qwen/Qwen3.5-2B,3205fa0cb2135fe671bf7cd0e5a26151,groundedness_bullet,bullet,trace,0.0,"The agent claims to have access to all relevant tools and the specific file 'data/gaia/validation/bec74516-02fc-48dc-b202-55e78d0e17cf.jsonld' to solve the task, but the provided evidence explicitly states that the 'inspect_file_as_text' tool returned no results. This directly contradicts the agent's assertion that it has access to the file and can read it, rendering the entire premise of the task impossible to verify or answer based on the provided evidence. [model=Qwen/Qwen3.5-2B]",2800.34,False,
Qwen/Qwen3.5-2B,3215fc75e81bdb73706a4fb37b66427f,groundedness_line,line,trace,0.25,"The provided evidence consists solely of a search result snippet for the paper title but does not contain the specific numerical data regarding the fish bag volume mentioned in the query. Consequently, the response's factual claim is unsupported by the available evidence. [model=Qwen/Qwen3.5-2B]",1805.45,False,
Qwen/Qwen3.5-2B,3215fc75e81bdb73706a4fb37b66427f,groundedness_json,json,trace,0.0,"The agent failed to ground its answer because it provided a specific numerical value (0.1777) without citing the source or evidence that supports this figure. The provided evidence only shows search results for the paper title and volume keywords, but does not contain the specific calculation or data point the agent claims to know. [model=Qwen/Qwen3.5-2B]",1805.45,False,
Qwen/Qwen3.5-2B,3215fc75e81bdb73706a4fb37b66427f,groundedness_bullet,bullet,trace,0.0,"The agent provided a specific numerical answer (0.1777) without citing the source of this value. The provided evidence only shows a search result for the paper title but does not contain the specific data point regarding the fish bag volume, making the answer ungrounded. [model=Qwen/Qwen3.5-2B]",1805.45,False,
Qwen/Qwen3.5-2B,331aece579d942bb4c345a86c86efb83,groundedness_line,line,trace,0.0,"The agent failed to provide the specific factual evidence required to determine the minimum number of clicks, as the provided 'Tool Results' show no data for the Wikipedia pages or the specific navigation paths between them. The response contains a definitive number without any backing from the available evidence. [model=Qwen/Qwen3.5-2B]",1805.45,False,
Qwen/Qwen3.5-2B,331aece579d942bb4c345a86c86efb83,groundedness_json,json,trace,0.0,"The agent's response provides a specific numerical answer (3) without any citation or reference to the provided evidence. Since the task requires identifying facts to look up and the evidence field is empty, the response fails to demonstrate any grounding in the available information. [model=Qwen/Qwen3.5-2B]",2282.43,False,
Qwen/Qwen3.5-2B,331aece579d942bb4c345a86c86efb83,groundedness_bullet,bullet,trace,0.0,"The agent's response provides a specific numerical answer (3) without any supporting evidence or citation to the actual Wikipedia pages or search results available on July 3, 2023. The task explicitly requires using the pages as they appeared on that specific date, but the agent failed to demonstrate any access to or verification of the relevant Wikipedia data, rendering the answer factually unsupported. [model=Qwen/Qwen3.5-2B]",2282.43,False,
Qwen/Qwen3.5-2B,33cedc57294f33839f1acc3ee5182788,groundedness_line,line,trace,0.25,"The provided evidence contains a search result for the correct article title but fails to extract the specific numerical value regarding the age of the beads. The 'inspect_file_as_text' tool yielded no results, and the 'visit_page' tool resulted in a 403 error, preventing access to the full text of the abstract. Consequently, the specific claim about the age cannot be verified against the available evidence. [model=Qwen/Qwen3.5-2B]",2282.43,False,
Qwen/Qwen3.5-2B,33cedc57294f33839f1acc3ee5182788,groundedness_json,json,trace,0.0,"The agent provides a specific numerical answer (142) without citing the source material or the specific research article mentioned in the query. The evidence available shows search results for the exact query but fails to retrieve the specific abstract content or the exact number of years from the 2021 Science Advances paper. Consequently, the answer is unsupported and contradicts the lack of direct evidence in the provided search results. [model=Qwen/Qwen3.5-2B]",2282.43,False,
Qwen/Qwen3.5-2B,33cedc57294f33839f1acc3ee5182788,groundedness_bullet,bullet,trace,0.25,"The agent correctly identified the specific object (Museum number 2012,5015.17) and the source (Science Advances, 2021). However, the search results provided by the agent were mixed: one result appeared to match the query but failed to load, while another result was a different paper (Bizmoune Cave) with a different title. The agent failed to accurately extract the specific numerical value from the correct Science Advances article, likely due to the error page or incorrect interpretation of the search results, leading to an unsupported final answer. [model=Qwen/Qwen3.5-2B]",3154.09,False,
Qwen/Qwen3.5-2B,3637c5845140adbf29c565923c20e94d,groundedness_line,line,trace,0.0,"The agent's response provides a specific numerical value (7.5) without any citation or evidence from the provided 'Tool Results' or 'Evidence Available to the Agent'. Since the task explicitly states that failure to find the correct answer is not tolerated, the absence of any supporting evidence renders the claim unsupported. [model=Qwen/Qwen3.5-2B]",3154.09,False,
Qwen/Qwen3.5-2B,3637c5845140adbf29c565923c20e94d,groundedness_json,json,trace,0.0,"The agent's response provides a specific numerical answer (7.5) without any citation or reference to the provided evidence, which is a critical failure. The task explicitly requires identifying facts to look up and deriving answers, yet the response fails to acknowledge the need for external verification or source data, directly contradicting the instruction to find the correct answer. Consequently, the score is 0.0. [model=Qwen/Qwen3.5-2B]",3154.09,False,
Qwen/Qwen3.5-2B,3637c5845140adbf29c565923c20e94d,groundedness_bullet,bullet,trace,0.0,"The agent's response provides a specific numerical value (7.5) without any citation or evidence from the provided 'Tool Results' or 'Evidence Available' sections. Since the task explicitly states the agent must use available tools and the provided evidence shows no results, the claim is entirely unsupported and contradicts the lack of data. [model=Qwen/Qwen3.5-2B]",3154.09,False,
Qwen/Qwen3.5-2B,387546b0d3e81503bd8d392c6f1b6b25,groundedness_line,line,trace,0.0,"The agent failed to provide a correct answer as required by the task. The provided evidence consists of search results and dataset metadata that do not contain the specific information needed to determine what 'R' stands for in the context of the Legume Wikipedia policies. The search results only confirm the existence of the query but do not reveal the specific acronym or policy details. Consequently, no specific factual claims can be supported by the available evidence. [model=Qwen/Qwen3.5-2B]",2630.23,False,
Qwen/Qwen3.5-2B,387546b0d3e81503bd8d392c6f1b6b25,groundedness_json,json,trace,0.0,"The agent's response 'research' is a general action rather than a specific factual claim, making it difficult to evaluate against the evidence. The provided evidence contains search results and dataset metadata but does not explicitly state what 'R' stands for in the context of the three core policies violated in Legume Wikipedia logs before December 2022. Consequently, the response fails to provide the specific factual answer required by the task. [model=Qwen/Qwen3.5-2B]",2630.23,False,
Qwen/Qwen3.5-2B,387546b0d3e81503bd8d392c6f1b6b25,groundedness_bullet,bullet,trace,0.0,"The agent's response contains a hallucinated 'FINAL ANSWER' of 'research' which is not a factual claim supported by evidence. The provided evidence consists of search results and dataset pages that do not contain the specific answer to the question about what 'R' stands for in the context of the Legume Wikipedia policies. The search results are generic and do not provide the specific acronym definition requested. Consequently, the agent failed to derive the correct answer from the available evidence. [model=Qwen/Qwen3.5-2B]",2630.23,False,
Qwen/Qwen3.5-2B,396b6aa1ab86eb2e20d27582eb5eebd9,groundedness_line,line,trace,0.0,The provided evidence contains a search result for the exact query but fails to locate the specific book or the relevant citation within the JSTOR and Academia.edu pages due to access errors or lack of relevant text. The search results do not explicitly name the horror movie cited by Valentina Re. [model=Qwen/Qwen3.5-2B],2630.23,False,
Qwen/Qwen3.5-2B,396b6aa1ab86eb2e20d27582eb5eebd9,groundedness_json,json,trace,0.0,"The agent failed to ground its answer because it did not utilize the provided evidence to verify the claim. The search results for 'Valentina Re' and 'metalepsis' did not yield the specific horror movie cited in the task, and the provided evidence was either irrelevant or failed to find the necessary information. Consequently, the response is unsupported by the available data. [model=Qwen/Qwen3.5-2B]",2177.59,False,
Qwen/Qwen3.5-2B,396b6aa1ab86eb2e20d27582eb5eebd9,groundedness_bullet,bullet,trace,0.0,"The agent's response cites a specific book title and a specific movie title without providing the actual text of the book or the specific citation within it. The search results and page content found do not contain the specific information requested about Valentina Re's contribution or the exact horror movie cited in that context. Therefore, the answer is not grounded in the available evidence. [model=Qwen/Qwen3.5-2B]",2177.59,False,
Qwen/Qwen3.5-2B,3acaa3150977e199eddb95c64f2ada2e,groundedness_line,line,trace,0.0,"The provided evidence consists solely of a single search result snippet from Wikipedia regarding 'Aves in the 10th edition of Systema Naturae' which mentions an increase to 554 species, but it does not contain the specific video URL or the exact date of the video referenced in the query. Consequently, the specific video and the exact number of bird species shown simultaneously cannot be verified or derived from the available evidence. [model=Qwen/Qwen3.5-2B]",2177.59,False,
Qwen/Qwen3.5-2B,3acaa3150977e199eddb95c64f2ada2e,groundedness_json,json,trace,0.0,"The agent's response provides a specific number (27) without any citation or reference to the search results, which are the only available evidence. This makes the claim completely unsupported and contradicts the lack of any actual data in the provided evidence. [model=Qwen/Qwen3.5-2B]",2177.59,False,
Qwen/Qwen3.5-2B,3acaa3150977e199eddb95c64f2ada2e,groundedness_bullet,bullet,trace,0.0,"The agent provides a definitive answer ('27') without attempting to verify the source or the existence of the video content referenced in the query. The provided evidence consists of a search result snippet that does not contain the specific number requested, and the agent fails to acknowledge the lack of direct evidence for the claim. [model=Qwen/Qwen3.5-2B]",1919.79,False,
Qwen/Qwen3.5-2B,3f05ba33cd4ae18ccba6db9a5749c16f,groundedness_line,line,trace,0.0,"The agent failed to provide the requested list of vegetables because it only provided a single item (broccoli) without the necessary data to categorize the entire list. The provided evidence contains no information about the botanical classification of items like sweet potatoes, fresh basil, or plums, nor does it list the specific botanical definitions required to distinguish fruits from vegetables. [model=Qwen/Qwen3.5-2B]",1919.79,False,
Qwen/Qwen3.5-2B,3f05ba33cd4ae18ccba6db9a5749c16f,groundedness_json,json,trace,0.0,"The agent failed to ground its answer because it completely ignored the 'Facts to look up' and 'Facts to derive' sections of the task, instead providing a list of items from the original grocery list that were not explicitly stated as vegetables. The provided evidence contains no information about botany, botanical classification, or specific items like sweet potatoes, making the entire response factually unsupported. [model=Qwen/Qwen3.5-2B]",1919.79,False,
Qwen/Qwen3.5-2B,3f05ba33cd4ae18ccba6db9a5749c16f,groundedness_bullet,bullet,trace,0.25,"The agent's response contains a critical factual error by including 'sweet potatoes' in the vegetable list. The provided evidence explicitly states that sweet potatoes are fruits, not vegetables, which directly contradicts the requirement to exclude botanical fruits from the vegetable list. Consequently, the inclusion of sweet potatoes violates the core constraint of the task. [model=Qwen/Qwen3.5-2B]",1919.79,False,
Qwen/Qwen3.5-2B,41b597524173272503073a0799ac523c,groundedness_line,line,trace,0.0,"The agent's response contains a fabricated fact ('Guava') with no evidence in the provided 'Tool Results' to support it. The task explicitly forbids answering the questions and requires writing 'Pineapple' if instructions are nonsensical, neither of which matches the agent's output. Consequently, all claims in the response are unsupported and contradictory to the available evidence. [model=Qwen/Qwen3.5-2B]",1959.45,False,
Qwen/Qwen3.5-2B,41b597524173272503073a0799ac523c,groundedness_json,json,trace,0.0,The agent completely failed the task by ignoring the instruction to analyze the provided task and instead outputting the word 'Guava' without any reasoning or evidence. The response contains no factual claims supported by the 'Tool Results' or the task text itself. [model=Qwen/Qwen3.5-2B],1959.45,False,
Qwen/Qwen3.5-2B,41b597524173272503073a0799ac523c,groundedness_bullet,bullet,trace,0.0,"The agent's response contains a hallucinated fact ('Guava') that is not grounded in the provided evidence. The evidence section explicitly states that the tool 'final_answer' returned no result, which directly contradicts the claim that the correct answer exists and can be found. The response fails to acknowledge the lack of available data, leading to a contradiction. [model=Qwen/Qwen3.5-2B]",1959.45,False,
Qwen/Qwen3.5-2B,41bbc898aa7de0f31d2382ff57700a76,groundedness_line,line,trace,0.0,"The agent failed to perform the requested task because it did not actually listen to the audio file or read the attached file, as evidenced by the 'no result' status for the 'inspect_file_as_text' tool. Consequently, it provided a random number (12,45,67) without any logical derivation or evidence from the source material, making the response factually unsupported and hallucinated. [model=Qwen/Qwen3.5-2B]",1959.45,False,
Qwen/Qwen3.5-2B,41bbc898aa7de0f31d2382ff57700a76,groundedness_json,json,trace,0.0,"The agent's response provides a specific numerical answer (12,45,67) without any citation or reference to the provided evidence. Since the evidence shows no results for the required tools, the agent failed to acknowledge the lack of data, making the entire response factually unsupported and contradictory to the available information. [model=Qwen/Qwen3.5-2B]",2011.39,False,
Qwen/Qwen3.5-2B,41bbc898aa7de0f31d2382ff57700a76,groundedness_bullet,bullet,trace,0.0,"The agent's response provides a specific numerical answer (12,45,67) without any evidence or reasoning. The available evidence shows that the 'inspect_file_as_text' tool returned no results, meaning the agent failed to actually read the attached audio file to extract the requested information. Consequently, the provided answer is completely unsupported and contradicts the lack of evidence found in the task's constraints. [model=Qwen/Qwen3.5-2B]",2011.39,False,
Qwen/Qwen3.5-2B,4514626d62ed350ee7878c03f51bbe68,groundedness_line,line,trace,0.0,"The provided evidence contains no results for the tool 'final_answer', and the task explicitly states that the agent has access to all relevant tools to find the correct answer. Consequently, the response's claim that the answer exists is unsupported by the available evidence, and the claim that the tool found the answer is contradicted by the lack of results. [model=Qwen/Qwen3.5-2B]",2011.39,False,
Qwen/Qwen3.5-2B,4514626d62ed350ee7878c03f51bbe68,groundedness_json,json,trace,0.0,"The agent's response provides a specific numerical answer (3) without any citation or reference to the provided evidence. Since the evidence field is empty and the task requires grounding in available facts, the response fails to meet the groundedness criterion. [model=Qwen/Qwen3.5-2B]",2011.39,False,
Qwen/Qwen3.5-2B,4514626d62ed350ee7878c03f51bbe68,groundedness_bullet,bullet,trace,0.0,"The agent claims to have access to all relevant tools and find the correct answer, but the provided evidence shows a tool named 'final_answer' with no result. The response fails to derive the answer from the given polynomial and initial condition, instead asserting a non-existent result. This constitutes a major contradiction and a lack of grounding in the provided evidence. [model=Qwen/Qwen3.5-2B]",1796.83,False,
Qwen/Qwen3.5-2B,4a8d094e92433f1ba1da21f602c417d9,groundedness_line,line,trace,0.0,"The agent failed to provide the specific article title or author from the Nature journal's Scientific Reports conference proceedings from 2012, nor did it identify the specific nano-compound mentioned in the article without using the forbidden prefix 'nano'. The provided evidence shows no tool results or specific data points to verify the existence or content of such a specific paper. [model=Qwen/Qwen3.5-2B]",1796.83,False,
Qwen/Qwen3.5-2B,4a8d094e92433f1ba1da21f602c417d9,groundedness_json,json,trace,0.0,"The agent's response 'diamond' is a hallucination with no factual basis in the provided evidence, which only states that the answer exists but does not provide the specific compound. This results in a score of 0.0. [model=Qwen/Qwen3.5-2B]",1796.83,False,
Qwen/Qwen3.5-2B,4a8d094e92433f1ba1da21f602c417d9,groundedness_bullet,bullet,trace,0.0,"The agent's response provides a definitive answer ('diamond') without any citation or evidence from the provided 'Tool Results'. The available evidence is empty, meaning no facts were found to support the claim, rendering the answer factually unsupported. [model=Qwen/Qwen3.5-2B]",1796.83,False,
Qwen/Qwen3.5-2B,4ae16319f0de44a7d1e84595b41ae08d,groundedness_line,line,trace,0.0,"The provided evidence contains no results for the 'final_answer' tool, and the task explicitly states that the answer does exist, making the provided evidence insufficient to support the claim. The response fails to derive any facts from the available evidence, as the evidence is empty. [model=Qwen/Qwen3.5-2B]",2020.76,False,
Qwen/Qwen3.5-2B,4ae16319f0de44a7d1e84595b41ae08d,groundedness_json,json,trace,0.0,"The agent's response provides a specific numerical answer (30) without any citation or reference to the source material. The evidence available to the agent is empty, meaning the answer is not grounded in any provided facts or data. [model=Qwen/Qwen3.5-2B]",2020.76,False,
Qwen/Qwen3.5-2B,4ae16319f0de44a7d1e84595b41ae08d,groundedness_bullet,bullet,trace,0.0,"The agent's response provides a specific numerical answer (30) without any citation or evidence from the 'Evidence Available to the Agent' section, which lists a tool result of '(no result)'. This indicates a complete lack of grounding in the provided evidence. [model=Qwen/Qwen3.5-2B]",2020.76,False,
Qwen/Qwen3.5-2B,4c79c8ba0cf1e8fcb1c408d53016c560,groundedness_line,line,trace,0.0,"The agent failed to provide the requested integer difference because it did not perform the necessary steps to retrieve data from the official 2020 census source (data.census.gov) as explicitly required by the task instructions. The response contains no evidence of data retrieval or calculation, making the claim entirely unsupported. [model=Qwen/Qwen3.5-2B]",2020.76,False,
Qwen/Qwen3.5-2B,4c79c8ba0cf1e8fcb1c408d53016c560,groundedness_json,json,trace,0.0,"The agent's response provides a specific integer (736008) without any citation or reference to the evidence, violating the requirement to report the integer difference based on official data. The evidence field is empty, and the response contains no factual claims supported by the provided evidence. [model=Qwen/Qwen3.5-2B]",1605.35,False,
Qwen/Qwen3.5-2B,4c79c8ba0cf1e8fcb1c408d53016c560,groundedness_bullet,bullet,trace,0.0,"The agent's response provides a specific integer (736008) without citing any source data, tool results, or evidence from the task or external databases. The claim is unsupported because the agent explicitly states it has access to tools and data but fails to demonstrate the actual retrieval or verification of the required census data. [model=Qwen/Qwen3.5-2B]",1605.35,False,
Qwen/Qwen3.5-2B,512475a321c616e45337da3575f6a185,groundedness_line,line,trace,0.0,"The agent failed to provide the anagram because the required audio file was not successfully accessed or processed by the available tools, as indicated by the 'no result' status for the 'inspect_file_as_text' tool. Consequently, the response contains no factual claims derived from the evidence, rendering the score 0.0. [model=Qwen/Qwen3.5-2B]",1605.35,False,
Qwen/Qwen3.5-2B,512475a321c616e45337da3575f6a185,groundedness_json,json,trace,0.0,"The agent's response 'silent' is a single word that does not constitute a factual claim requiring evidence verification. The provided evidence shows the tool failed to find results for the file, but the agent did not explicitly state this failure or cite the lack of evidence. Consequently, the response contains no grounded factual claims to evaluate against the evidence. [model=Qwen/Qwen3.5-2B]",1605.35,False,
Qwen/Qwen3.5-2B,512475a321c616e45337da3575f6a185,groundedness_bullet,bullet,trace,0.0,"The agent's response provides a specific answer ('silent') without any supporting evidence or derivation steps. The available evidence shows that the tool 'inspect_file_as_text' returned no results, and the tool 'final_answer' also returned no results. Since the agent failed to utilize the provided tools or derive any facts from the task description, all its claims are unsupported and lack grounding. [model=Qwen/Qwen3.5-2B]",1903.15,False,
Qwen/Qwen3.5-2B,53dba4241b22d5039c9c119871c7c8b4,groundedness_line,line,trace,0.0,"The agent failed to ground its answer in the provided evidence, as the 'Tool Results' section explicitly states '(no result)' for the relevant tool, and the response contains no verifiable data or citations to support the claim of the island's population. [model=Qwen/Qwen3.5-2B]",1903.15,False,
Qwen/Qwen3.5-2B,53dba4241b22d5039c9c119871c7c8b4,groundedness_json,json,trace,0.0,"The agent's response provides a specific number (56000) without any citation or reference to the evidence, violating the requirement to ground claims in available sources. The evidence field shows no results for the tool, yet the agent asserts a fact as if it were derived from a source. [model=Qwen/Qwen3.5-2B]",1903.15,False,
Qwen/Qwen3.5-2B,53dba4241b22d5039c9c119871c7c8b4,groundedness_bullet,bullet,trace,0.0,"The agent's response provides a specific numerical answer (56000) without any citation or evidence of where this data was obtained. The provided evidence section shows a tool result with no output, meaning the agent made up the number entirely. This constitutes a fabricated claim with no grounding in the available evidence. [model=Qwen/Qwen3.5-2B]",1903.15,False,
Qwen/Qwen3.5-2B,59365b27641e501d105b0e8f5e7c5af7,groundedness_line,line,trace,0.0,"The agent failed to provide a correct answer because the provided evidence consists only of a search result snippet and a navigation tree, neither of which contains the specific data required to count the studio albums published between 2000 and 2009. The evidence does not list the albums or their publication dates, nor does it provide a method to filter the discography by the requested date range. [model=Qwen/Qwen3.5-2B]",2409.74,False,
Qwen/Qwen3.5-2B,59365b27641e501d105b0e8f5e7c5af7,groundedness_json,json,trace,0.0,"The agent failed to provide a correct answer because it arbitrarily assigned a value of '1' without verifying the actual count of studio albums published by Mercedes Sosa between 2000 and 2009. The provided evidence only shows a search result for the Wikipedia page, not the specific data required to answer the question. [model=Qwen/Qwen3.5-2B]",2409.74,False,
Qwen/Qwen3.5-2B,59365b27641e501d105b0e8f5e7c5af7,groundedness_bullet,bullet,trace,0.0,"The agent's response provides a definitive answer of 1, but the provided evidence is insufficient to support this specific number. The search results only list 'Mercedes' as a single entry for the year 1987, and the Wikipedia page structure shown does not contain a chronological list of albums from 2000 to 2009. Without a direct list of albums for the specified decade, the claim is not grounded in the available evidence. [model=Qwen/Qwen3.5-2B]",2409.74,False,
Qwen/Qwen3.5-2B,5a6c51d59f870513c68745e2e0f9269f,groundedness_line,line,trace,0.25,"The provided evidence confirms the existence of a 2014 dissertation by Federico Lauria and a search result for a work titled 'The Logic of the Liver' by Lauria, but it does not contain the specific chapter numbers of the paintings referenced in footnote 397, nor does it provide the chapter numbers of the paintings themselves. The agent failed to locate the specific bibliographic details or chapter structure required to calculate the difference. [model=Qwen/Qwen3.5-2B]",2409.74,False,
Qwen/Qwen3.5-2B,5a6c51d59f870513c68745e2e0f9269f,groundedness_json,json,trace,0.0,"The agent failed to ground its answer because it relied on hallucinated search results and a non-existent file inspection rather than the actual content of the dissertation. The provided evidence only confirms the existence of the search query and a generic HTML file, but does not contain the specific chapter numbers or the titles referenced in the task. [model=Qwen/Qwen3.5-2B]",2469.08,False,
Qwen/Qwen3.5-2B,5a6c51d59f870513c68745e2e0f9269f,groundedness_bullet,bullet,trace,0.25,"The agent claims to have access to all relevant tools and found the correct answer (6), but the provided evidence only shows a search result for the dissertation title and a file inspection that failed to locate the specific footnote or the chapter structure details required to solve the problem. The evidence does not support the existence of the answer or the specific chapter numbers referenced. [model=Qwen/Qwen3.5-2B]",2469.08,False,
Qwen/Qwen3.5-2B,5b5a35053775cbf29701c171e6675853,groundedness_line,line,trace,0.0,"The provided evidence contains a transcript of the video but does not contain the specific dialogue or answer to the question 'Isn't that hot?'. The transcript only shows general comments about coffee quality, making the specific answer ungrounded in the available text. [model=Qwen/Qwen3.5-2B]",2469.08,False,
Qwen/Qwen3.5-2B,5b5a35053775cbf29701c171e6675853,groundedness_json,json,trace,0.0,"The agent failed to ground its response because it completely ignored the provided evidence, which contained a transcript of the video where Teal'c says 'I was just thinking that' and 'does??'. The response 'extremely' is a hallucination with no factual basis in the available text. Additionally, the agent failed to identify the specific claim that Teal'c made, instead providing a generic answer. [model=Qwen/Qwen3.5-2B]",2469.08,False,
Qwen/Qwen3.5-2B,5b5a35053775cbf29701c171e6675853,groundedness_bullet,bullet,trace,0.0,"The agent failed to provide a correct answer as required by the task, instead outputting 'extremely' without any evidence or reasoning. The provided evidence is a YouTube metadata page which contains no transcript or dialogue from Teal'c, making it impossible to verify or derive the specific answer to the user's question. [model=Qwen/Qwen3.5-2B]",2883.95,False,
Qwen/Qwen3.5-2B,5bbd1534b199c57861f55b58be9949a0,groundedness_line,line,trace,0.25,"The provided evidence contains a search result for the exact query but does not explicitly state the specific phrase removed, nor does it confirm the date of the removal relative to the year 2008 in a way that allows derivation of the exact phrase without further investigation not present in the evidence. The evidence shows the existence of the event and a search result, but fails to provide the specific phrase or the exact date of the edit in the snippet, making the specific factual claim unsupported. [model=Qwen/Qwen3.5-2B]",2883.95,False,
Qwen/Qwen3.5-2B,5bbd1534b199c57861f55b58be9949a0,groundedness_json,json,trace,0.0,"The agent's response contains a fabricated fact ('Here be dragons') that is not supported by the provided evidence. The evidence only shows search results for the specific question about a joke removal, not the joke itself. The agent failed to ground its answer in the available data. [model=Qwen/Qwen3.5-2B]",2883.95,False,
Qwen/Qwen3.5-2B,5bbd1534b199c57861f55b58be9949a0,groundedness_bullet,bullet,trace,0.25,"The agent successfully identified the specific date (February 29, 2007) and the joke ('I'm not a dragon') from the provided search results and Wikipedia page diff, which directly supports the answer. However, the response fails to explicitly state the exact phrase 'I'm not a dragon' as the final answer, instead providing a generic placeholder 'Here be dragons' which contradicts the evidence found in the search results and page diff. [model=Qwen/Qwen3.5-2B]",2883.95,False,
Qwen/Qwen3.5-2B,5dc4cf8d5175f2782f46265456998d39,groundedness_line,line,trace,0.0,"The agent failed to ground its answer in the provided evidence, as the 'Tool Results' section explicitly states '(no result)' for the requested tool, meaning no data was available to perform the calculation. The response provides a specific number without any citation or reference to the source of that number. [model=Qwen/Qwen3.5-2B]",1809.08,False,
Qwen/Qwen3.5-2B,5dc4cf8d5175f2782f46265456998d39,groundedness_json,json,trace,0.0,"The agent's response provides a specific numerical value (133.7) without any citation or reference to the source material. The evidence provided is empty, meaning the agent made up the number entirely from its own knowledge rather than deriving it from the task or external data. [model=Qwen/Qwen3.5-2B]",1809.08,False,
Qwen/Qwen3.5-2B,5dc4cf8d5175f2782f46265456998d39,groundedness_bullet,bullet,trace,0.0,"The agent's response provides a specific numerical answer (133.7) without any citation or evidence of where this data was obtained. The task explicitly states that the agent must use available tools to find the correct answer, yet the response contains no evidence of tool usage or data retrieval. Consequently, the answer is not grounded in any available evidence. [model=Qwen/Qwen3.5-2B]",1809.08,False,
Qwen/Qwen3.5-2B,5e5dc94e090341c564d582f551a0cddb,groundedness_line,line,trace,0.0,"The provided evidence contains no results for the 'final_answer' tool, meaning the agent made no factual claims that could be verified against the available data. Consequently, no claims are supported or contradicted by the evidence, resulting in a score of 0.0. [model=Qwen/Qwen3.5-2B]",1809.08,False,
Qwen/Qwen3.5-2B,5e5dc94e090341c564d582f551a0cddb,groundedness_json,json,trace,0.0,"The agent's response provides a specific numerical answer (6) without any citation or reference to the provided evidence. Since the evidence field is empty and the task requires grounding in available facts, the response fails to meet the groundedness criterion. [model=Qwen/Qwen3.5-2B]",1884.79,False,
Qwen/Qwen3.5-2B,5e5dc94e090341c564d582f551a0cddb,groundedness_bullet,bullet,trace,0.0,"The agent's response provides a definitive numerical answer (6) without any supporting evidence or logical derivation from the task prompt. The 'Evidence Available' section explicitly states '(no result)' for the tool 'final_answer', indicating the agent has not actually retrieved or verified the data it claims to know. Consequently, the answer is entirely fabricated and lacks any grounding in the provided evidence. [model=Qwen/Qwen3.5-2B]",1884.79,False,
Qwen/Qwen3.5-2B,5ec1cd43eb8ae4094e93a4892ff0f06f,groundedness_line,line,trace,0.0,"The agent failed to provide the correct answer because the task explicitly states that the answer exists and requires a specific list of albums, yet the provided evidence shows no relevant results from the 'final_answer' tool. The response contains a single item ('Harbinger') with no supporting evidence or derivation logic, making it unsupported and likely incorrect. [model=Qwen/Qwen3.5-2B]",1884.79,False,
Qwen/Qwen3.5-2B,5ec1cd43eb8ae4094e93a4892ff0f06f,groundedness_json,json,trace,0.0,"The agent failed to ground its answer because it completely ignored the 'I know for a fact' instruction, which explicitly states the agent has access to all relevant tools and that the answer exists. The response provides no evidence or reasoning, violating the requirement to identify and support specific facts. [model=Qwen/Qwen3.5-2B]",1884.79,False,
Qwen/Qwen3.5-2B,5ec1cd43eb8ae4094e93a4892ff0f06f,groundedness_bullet,bullet,trace,0.0,"The agent's response provides a specific album title ('Harbinger') without any supporting evidence or citation. The available evidence in the task is limited to the premise that 'Fiona Apple and Paula Cole released albums prior to 1999', which does not contain the specific data required to verify which of these albums did not receive a letter grade from Robert Christgau. Consequently, the claim is entirely unsupported by the provided information. [model=Qwen/Qwen3.5-2B]",2857.87,False,
Qwen/Qwen3.5-2B,5f3a0a7fc572f49630c069e4e5a64ae3,groundedness_line,line,trace,0.25,"The response provides a specific answer but fails to list the 'Facts to look up' or 'Facts to derive' as required by the task structure. It also does not explicitly state where to find the evidence for the claim, only providing the search results and page content without clearly mapping the derived facts to the source locations. [model=Qwen/Qwen3.5-2B]",2857.87,False,
Qwen/Qwen3.5-2B,5f3a0a7fc572f49630c069e4e5a64ae3,groundedness_json,json,trace,0.0,The agent's response is factually incorrect because the search results do not mention a specific military unit for the book held by the author of the photograph. The provided evidence only confirms the existence of the book and the museum record but fails to identify the author or their military affiliation. [model=Qwen/Qwen3.5-2B],2857.87,False,
Qwen/Qwen3.5-2B,5f3a0a7fc572f49630c069e4e5a64ae3,groundedness_bullet,bullet,trace,0.25,"The agent correctly identified the specific artifact (Whitney Museum accession 2022.128) and the search query ('book held') as the primary source of truth. However, the agent failed to explicitly state that the 'author' of the book is the subject of the photograph, which is a critical missing link to answer the question about the military unit. The evidence provided (the page title and search results) does not explicitly link the book's author to the person in the photo, making the derivation of the author's military unit speculative rather than grounded in the provided text. [model=Qwen/Qwen3.5-2B]",2857.87,False,
Qwen/Qwen3.5-2B,62df2a06b647ca730391602dbf62f843,groundedness_line,line,trace,0.0,"The provided evidence is empty, containing no tool results or data to verify the specific counts of Twitter citations for Wikipedia pages in August 2023. Consequently, all factual claims in the response are unsupported by the available evidence. [model=Qwen/Qwen3.5-2B]",2251.2,False,
Qwen/Qwen3.5-2B,62df2a06b647ca730391602dbf62f843,groundedness_json,json,trace,0.0,"The agent failed completely because the task explicitly states that the answer exists and requires verification, yet the agent provided a fabricated list of numbers without any actual evidence or logical derivation from the provided text. The response contains no factual claims supported by the evidence, rendering the score 0.0. [model=Qwen/Qwen3.5-2B]",2251.2,False,
Qwen/Qwen3.5-2B,62df2a06b647ca730391602dbf62f843,groundedness_bullet,bullet,trace,0.0,"The agent provided a complete JSON object with 31 key-value pairs, but the task asks for a count of citations per day for August 2023, not a full dataset of all Wikipedia pages. The response appears to be a hallucinated or fabricated output containing arbitrary numbers without any logical derivation or evidence from the task or available tools, as no specific Wikipedia data was provided to verify these figures. [model=Qwen/Qwen3.5-2B]",2251.2,False,
Qwen/Qwen3.5-2B,63ac9e03bf750e58eecbc5b148d8d215,groundedness_line,line,trace,0.0,"The agent's response provides a definitive numerical answer without any evidence from the provided text or tools, making the claim unsupported. The task text contains no information about a 'final_answer' tool or any external data sources, rendering the evidence section empty and the answer entirely fabricated. [model=Qwen/Qwen3.5-2B]",2251.2,False,
Qwen/Qwen3.5-2B,63ac9e03bf750e58eecbc5b148d8d215,groundedness_json,json,trace,0.0,"The agent's response provides a specific numerical answer (10000) without any citation or reference to the provided evidence. The evidence available to the agent is empty, meaning no facts were actually used to derive the answer. Consequently, the response contains no grounded claims supported by the evidence. [model=Qwen/Qwen3.5-2B]",2380.66,False,
Qwen/Qwen3.5-2B,63ac9e03bf750e58eecbc5b148d8d215,groundedness_bullet,bullet,trace,0.0,"The agent's response provides a definitive numerical answer ($10,000) without presenting any specific evidence, data points, or logical derivations from the provided text. The evidence section is empty, and the response relies entirely on the agent's internal knowledge of the game show 'Heist' rather than the constraints and rules described in the prompt. [model=Qwen/Qwen3.5-2B]",2380.66,False,
Qwen/Qwen3.5-2B,672d36d8ecc4816738433c75136eb99d,groundedness_line,line,trace,0.0,"The agent failed to provide the specific page count for the 2023 IPCC report, instead providing an arbitrary number (8) with no evidence from the available tools or search results. The 'inspect_file_as_text' tool returned no results, and the 'final_answer' tool also failed to retrieve the correct data, leaving the claim unsupported. [model=Qwen/Qwen3.5-2B]",2380.66,False,
Qwen/Qwen3.5-2B,672d36d8ecc4816738433c75136eb99d,groundedness_json,json,trace,0.0,"The agent's response provides a specific number (8) without any citation or reference to the actual text of the IPCC report, making the claim factually unsupported by the provided evidence. [model=Qwen/Qwen3.5-2B]",2380.66,False,
Qwen/Qwen3.5-2B,672d36d8ecc4816738433c75136eb99d,groundedness_bullet,bullet,trace,0.0,"The agent's response provides a specific number (8) without any citation or evidence of where this information was obtained. The available evidence shows that the tool 'inspect_file_as_text' returned no results, and the tool 'final_answer' returned no results, meaning the agent failed to utilize the provided tools to verify the claim. Consequently, the claim is unsupported and contradicts the lack of evidence. [model=Qwen/Qwen3.5-2B]",2453.54,False,
Qwen/Qwen3.5-2B,6cc6dc35a28bbed6cfd873756094bc16,groundedness_line,line,trace,0.0,"The response provides a specific numerical answer (2.4) without any supporting evidence from the provided search results or the task description. The available evidence shows no mention of a 'National Geographic short on YouTube #9' or its length on the Monterey Bay Aquarium website, making the answer unsupported and the reasoning flawed. [model=Qwen/Qwen3.5-2B]",2453.54,False,
Qwen/Qwen3.5-2B,6cc6dc35a28bbed6cfd873756094bc16,groundedness_json,json,trace,0.0,"The agent failed to ground its answer because it ignored the explicit instruction to provide only the number and failed to verify the existence of the specific claim against the provided evidence. The evidence search results show no mention of a 'National Geographic short on YouTube #9' or its length, leading to a contradiction. The agent's response contains a fabricated number (2.4) with no basis in the available text. [model=Qwen/Qwen3.5-2B]",2453.54,False,
Qwen/Qwen3.5-2B,6cc6dc35a28bbed6cfd873756094bc16,groundedness_bullet,bullet,trace,0.0,"The agent provides a definitive answer ('2.4') without attempting to verify the existence or content of the specific 'National Geographic short on YouTube #9' mentioned in the query. The provided evidence from the search results and the Monterey Bay Aquarium website does not contain any information regarding a specific short film with a length of 2.4 meters, nor does it mention a 'National Geographic' short on YouTube. The evidence is completely irrelevant to the specific question asked. [model=Qwen/Qwen3.5-2B]",2453.54,False,
Qwen/Qwen3.5-2B,6d5b91f06e5a7377d4798be65fe46e97,groundedness_line,line,trace,0.0,"The agent provided a definitive numerical answer (607) without any evidence from the provided 'Tool Results' or 'Evidence Available' section, as no data was found in the available evidence to support this claim. The response fails to follow the instruction to list facts to look up or derive, and the lack of any supporting evidence renders the answer unsupported. [model=Qwen/Qwen3.5-2B]",1844.14,False,
Qwen/Qwen3.5-2B,6d5b91f06e5a7377d4798be65fe46e97,groundedness_json,json,trace,0.0,"The agent's response provides a specific numerical answer (607) without any citation or reference to the provided evidence. Since the evidence is empty and the task requires grounding in available sources, the response fails to meet the groundedness criterion. [model=Qwen/Qwen3.5-2B]",1844.14,False,
Qwen/Qwen3.5-2B,6d5b91f06e5a7377d4798be65fe46e97,groundedness_bullet,bullet,trace,0.0,"The agent's response provides a specific numerical value (607) without any citation or evidence of how this number was derived from the provided symbols. The available evidence section shows no tool results or data to support this conversion, making the claim factually unsupported. [model=Qwen/Qwen3.5-2B]",1844.14,False,
Qwen/Qwen3.5-2B,6e64c2e543327a7c2f2ce3d26ced94d1,groundedness_line,line,trace,0.0,"The agent's response provides a numerical answer (2) without any supporting evidence or reasoning. The provided evidence is empty, meaning no facts are grounded in any source material, and the answer is presented as a definitive fact without verification steps. [model=Qwen/Qwen3.5-2B]",1844.14,False,
Qwen/Qwen3.5-2B,6e64c2e543327a7c2f2ce3d26ced94d1,groundedness_json,json,trace,0.0,"The agent's response contains a definitive numerical answer ('2') without providing any specific evidence or reasoning to support it. The available evidence is empty, meaning the answer is not grounded in any source material. [model=Qwen/Qwen3.5-2B]",2095.1,False,
Qwen/Qwen3.5-2B,6e64c2e543327a7c2f2ce3d26ced94d1,groundedness_bullet,bullet,trace,0.0,"The agent's response provides a numerical answer (2) without providing the specific evidence or reasoning required to justify this value. The 'Evidence Available to the Agent' section shows no tool results or data, and the 'Facts to look up' section is empty, indicating a complete lack of grounding in any available information. The claim that the answer is 2 is unsupported by any provided evidence. [model=Qwen/Qwen3.5-2B]",2095.1,False,
Qwen/Qwen3.5-2B,6f0ede30602ae3fe2ced3f9fabb008a6,groundedness_line,line,trace,0.0,"The agent failed to provide the specific architectural firm name requested in the query. The provided evidence shows no results for the 'final_answer' tool, and the response 'Skidmore' is not supported by any of the available tool results or external knowledge presented in the task context. [model=Qwen/Qwen3.5-2B]",2095.1,False,
Qwen/Qwen3.5-2B,6f0ede30602ae3fe2ced3f9fabb008a6,groundedness_json,json,trace,0.0,"The agent's response 'Skidmore' is a hallucination with no factual basis in the provided evidence. The evidence explicitly states that the tool 'final_answer' returned no result, meaning the correct answer does not exist. The agent failed to acknowledge this constraint and provided a fabricated name. [model=Qwen/Qwen3.5-2B]",2095.1,False,
Qwen/Qwen3.5-2B,6f0ede30602ae3fe2ced3f9fabb008a6,groundedness_bullet,bullet,trace,0.0,"The agent's response provides a specific name ('Skidmore') without any supporting evidence or verification steps, as the provided evidence section shows no results from the 'final_answer' tool. This constitutes a complete lack of grounding in the available evidence. [model=Qwen/Qwen3.5-2B]",2002.52,False,
Qwen/Qwen3.5-2B,72877db591837666d500b459fb3cf29d,groundedness_line,line,trace,0.0,"The agent's response makes a definitive factual claim ('picnic is in polybius plaza') without providing any evidence from the available tools or the task text. The 'Evidence Available' section shows no tool results, and the task text contains no information about Polybius Plaza, making the claim unsupported and unsupported by the provided evidence. [model=Qwen/Qwen3.5-2B]",2002.52,False,
Qwen/Qwen3.5-2B,72877db591837666d500b459fb3cf29d,groundedness_json,json,trace,0.0,"The agent makes a definitive factual claim about the location of a picnic without any evidence from the provided text. The evidence available is a tool result indicating no result, which fails to support the claim. The claim is also contradicted by the nature of the task, which asks the agent to find the answer, not to invent one. [model=Qwen/Qwen3.5-2B]",2002.52,False,
Qwen/Qwen3.5-2B,72877db591837666d500b459fb3cf29d,groundedness_bullet,bullet,trace,0.0,"The agent's response makes a definitive factual claim ('picnic is in polybius plaza') without providing any evidence or reasoning to support it. The available evidence section shows a tool result of '(no result)', indicating the agent failed to utilize the provided tool to verify or find the answer, leading to a completely unsupported and incorrect conclusion. [model=Qwen/Qwen3.5-2B]",2002.52,False,
Qwen/Qwen3.5-2B,75121379e11c550f3ca58e17c972266b,groundedness_line,line,trace,0.0,"The response provides a definitive answer without any evidence or reasoning, failing to meet the requirement to identify and ground facts from the task or available tools. The provided evidence is empty, making all claims unsupported. [model=Qwen/Qwen3.5-2B]",2161.12,False,
Qwen/Qwen3.5-2B,75121379e11c550f3ca58e17c972266b,groundedness_json,json,trace,0.0,"The agent's response lists five classes (Demon Hunter, Druid, Mage, Paladin, Priest) without any specific evidence from the provided task text. Since the task contains no information about class names or abilities, the claims are entirely unsupported and fabricated. [model=Qwen/Qwen3.5-2B]",2161.12,False,
Qwen/Qwen3.5-2B,75121379e11c550f3ca58e17c972266b,groundedness_bullet,bullet,trace,0.0,"The agent's response provides a definitive answer without any evidence or reasoning steps. The provided evidence section is empty, and the task contains no information about the specific classes or mechanics required to deduce the answer. Therefore, the answer is completely unsupported. [model=Qwen/Qwen3.5-2B]",2161.12,False,
Qwen/Qwen3.5-2B,772605f0794b0fa96bc942a8a7736571,groundedness_line,line,trace,0.25,"The agent's response provides a definitive answer of '0' without attempting to verify the data or acknowledge the limitation of the search tool, which violates the instruction to 'Run verification steps if that's needed' and 'make sure you find the correct answer'. The provided evidence only shows search results for the query but does not contain the specific count data requested, making the answer unsupported. [model=Qwen/Qwen3.5-2B]",2161.12,False,
Qwen/Qwen3.5-2B,772605f0794b0fa96bc942a8a7736571,groundedness_json,json,trace,0.0,"The agent's response provides a definitive answer of '0' without attempting to verify the data or acknowledge the limitation of the search results. This is a hallucination because the search results explicitly state that the specific count records for 2000-2020 do not exist in the database, yet the agent ignores this evidence. [model=Qwen/Qwen3.5-2B]",2567.41,False,
Qwen/Qwen3.5-2B,772605f0794b0fa96bc942a8a7736571,groundedness_bullet,bullet,trace,0.25,"The agent's response provides a definitive answer of '0' but fails to provide the specific evidence or data source required to justify this claim. The task explicitly requires the data to be obtained from the USGS Nonindigenous Aquatic Species database, yet the response cites a generic Google search result rather than the actual database records. This constitutes a failure to ground the answer in the specific evidence requested. [model=Qwen/Qwen3.5-2B]",2567.41,False,
Qwen/Qwen3.5-2B,7bf0addde339e4cac9dd3b772232a7e0,groundedness_line,line,trace,0.0,"The agent failed to provide the actual longest word from the provided board and the specific dictionary link requested. The response 'briniest' is a nonsense word not found in the 'words_alpha' dictionary, and the evidence shows no tool results were found to verify or retrieve the correct answer. [model=Qwen/Qwen3.5-2B]",2567.41,False,
Qwen/Qwen3.5-2B,7bf0addde339e4cac9dd3b772232a7e0,groundedness_json,json,trace,0.0,"The agent failed to provide a correct answer because it did not utilize the provided evidence (the Boggle board letters) to derive the word 'briniest'. Instead, it made a false claim about having access to all tools and found the correct answer, which contradicts the instruction to use the specific dictionary and board provided in the task. [model=Qwen/Qwen3.5-2B]",2567.41,False,
Qwen/Qwen3.5-2B,7bf0addde339e4cac9dd3b772232a7e0,groundedness_bullet,bullet,trace,0.0,"The agent's response contains a definitive factual claim ('briniest') that is not supported by any of the provided evidence (Tool Results). The evidence section explicitly states that the requested tools ('inspect_file_as_text' and 'final_answer') returned no results, which directly contradicts the agent's assertion that it has access to tools to find the correct answer. Consequently, the response fails to ground its answer in the available evidence. [model=Qwen/Qwen3.5-2B]",2413.91,False,
Qwen/Qwen3.5-2B,7c98d39b2699d41fa913f8fbe60c04ed,groundedness_line,line,trace,0.0,"The agent correctly identified that the task requires retrieving specific factual data from a copyrighted song, which is a request for information not grounded in the provided evidence. The response explicitly refused to provide the answer due to copyright restrictions, which is a valid safety guideline, but the task itself asks for a specific factual answer that does not exist in the provided evidence. Since the evidence does not contain the song's lyrics or metadata, no specific facts can be derived or verified from it. [model=Qwen/Qwen3.5-2B]",2413.91,False,
Qwen/Qwen3.5-2B,7c98d39b2699d41fa913f8fbe60c04ed,groundedness_json,json,trace,0.0,"The agent failed to provide the factual answer because it incorrectly refused to answer the question due to a hallucinated constraint about copyright, rather than acknowledging the tool's capability to find the answer. This response contains no grounded factual claims, as it explicitly denies the existence of the answer and refuses to provide any information. [model=Qwen/Qwen3.5-2B]",2413.91,False,
Qwen/Qwen3.5-2B,7c98d39b2699d41fa913f8fbe60c04ed,groundedness_bullet,bullet,trace,0.0,"The agent correctly identified that the task involves retrieving specific factual data from a copyrighted song, which requires external search tools. However, the agent failed to provide the actual answer, citing a refusal to provide location-based requests, which is irrelevant to the specific question about a song's lyrics. Consequently, the response contains no factual claims or derived information, resulting in a score of 0.0. [model=Qwen/Qwen3.5-2B]",2413.91,False,
Qwen/Qwen3.5-2B,7ee8e8df6e8cd101d9af8a4a4f6ceedb,groundedness_line,line,trace,0.0,"The agent's response provides a definitive answer (100) without any logical derivation or verification steps, as the provided evidence (Tool Results) is empty and offers no basis for the solution. The response fails to address the task because it ignores the available evidence entirely. [model=Qwen/Qwen3.5-2B]",2040.48,False,
Qwen/Qwen3.5-2B,7ee8e8df6e8cd101d9af8a4a4f6ceedb,groundedness_json,json,trace,0.0,"The agent's response provides a definitive answer (100) without any reasoning or evidence. The provided evidence is empty, meaning no facts are supported, and the answer is entirely unsupported. [model=Qwen/Qwen3.5-2B]",2040.48,False,
Qwen/Qwen3.5-2B,7ee8e8df6e8cd101d9af8a4a4f6ceedb,groundedness_bullet,bullet,trace,0.0,"The agent's answer of '100' is a generalization of the initial condition (balls 1-100) rather than a derived result from the game mechanics described. The provided evidence contains no information about the probability distribution of winning outcomes or the specific mechanics of the 'Pick That Ping-Pong' game, making it impossible to verify or derive a specific winning ball number. [model=Qwen/Qwen3.5-2B]",2040.48,False,
Qwen/Qwen3.5-2B,85c14ced5177cdad83f1f1f898a1c6c7,groundedness_line,line,trace,0.0,"The response provides a specific name ('Darwin') without any supporting evidence from the provided 'Tool Results' or any other available data. Since the only available evidence is empty, the claim is entirely unsupported. [model=Qwen/Qwen3.5-2B]",2040.48,False,
Qwen/Qwen3.5-2B,85c14ced5177cdad83f1f1f898a1c6c7,groundedness_json,json,trace,0.0,"The agent's response contains a specific factual claim ('Darwin') that is not supported by the provided evidence, which only states that the tool 'final_answer' returned no results. This constitutes a contradiction and a lack of support. [model=Qwen/Qwen3.5-2B]",2349.31,False,
Qwen/Qwen3.5-2B,85c14ced5177cdad83f1f1f898a1c6c7,groundedness_bullet,bullet,trace,0.0,"The agent's response provides a specific name ('Darwin') without any supporting evidence or citation. The 'Evidence Available to the Agent' section explicitly states that the tool 'final_answer' returned no results, yet the agent claims to have found the answer. This constitutes a direct contradiction between the stated capability to find the answer and the actual output of the tool, making the claim unsupported and the reasoning flawed. [model=Qwen/Qwen3.5-2B]",2349.31,False,
Qwen/Qwen3.5-2B,860f9d45f2e50bfecb190bb26eff1f32,groundedness_line,line,trace,0.0,"The provided evidence confirms the Wikipedia page exists and lists Carl Nebel's birth and death dates (1805-1855), but the response fails to identify the specific year written in the image, which is a critical missing piece of information not derivable from the search results or history pages provided. [model=Qwen/Qwen3.5-2B]",2349.31,False,
Qwen/Qwen3.5-2B,860f9d45f2e50bfecb190bb26eff1f32,groundedness_json,json,trace,0.0,"The agent failed to ground its answer because it completely ignored the specific citation reference link provided in the task. The task explicitly asked for the year from the 'latest version of Carl Nebel's Wikipedia page as of August 2023', yet the agent's response cites the year 1981 without any reference to the actual Wikipedia page or search results provided in the evidence. This demonstrates a complete failure to use the available evidence to verify the claim. [model=Qwen/Qwen3.5-2B]",2349.31,False,
Qwen/Qwen3.5-2B,860f9d45f2e50bfecb190bb26eff1f32,groundedness_bullet,bullet,trace,0.25,"The agent correctly identified the need to verify the date on the Wikipedia page via the first citation link. However, the provided evidence from the search results and page history is insufficient to confirm the specific year '1981' as the latest date, as the search results only show the birth year (1805) and the death year (1855), while the page history does not explicitly list the year '1981' as a modification or revision date. The claim of '1981' appears to be a hallucination or a misinterpretation of a different date not present in the provided evidence. [model=Qwen/Qwen3.5-2B]",4267.49,False,
Qwen/Qwen3.5-2B,876eb108c8650d4ada63a8d39aa1e96c,groundedness_line,line,trace,0.0,"The response provides a specific numerical answer (1.46) without any supporting evidence or reasoning. The available evidence only lists tool names and file paths, which do not support the calculation or the result. The task explicitly requires using the attached file, but the evidence does not contain the file content or the tool's output, making the answer unsupported. [model=Qwen/Qwen3.5-2B]",4267.49,False,
Qwen/Qwen3.5-2B,876eb108c8650d4ada63a8d39aa1e96c,groundedness_json,json,trace,0.0,"The agent failed to provide any evidence or reasoning, instead offering a definitive numerical answer without acknowledging the lack of data in the provided file. This violates the requirement to identify facts to look up and derive, and the response contains no factual claims supported by the evidence. [model=Qwen/Qwen3.5-2B]",4267.49,False,
Qwen/Qwen3.5-2B,876eb108c8650d4ada63a8d39aa1e96c,groundedness_bullet,bullet,trace,0.0,"The agent's response provides a specific numerical answer (1.46) without any supporting evidence, derivation steps, or citation of the source file mentioned in the task. The evidence section explicitly states that the 'inspect_file_as_text' tool returned no results, and the 'final_answer' tool returned no results, meaning the agent failed to utilize the provided tools or the attached file to verify or derive the answer. [model=Qwen/Qwen3.5-2B]",4267.49,False,
Qwen/Qwen3.5-2B,88c63c780aba1f23c3c5345aa340d7e2,groundedness_line,line,trace,0.0,"The provided evidence is empty, meaning no facts were available to verify the claims. Consequently, the response contains no grounded claims, resulting in a score of 0.0. [model=Qwen/Qwen3.5-2B]",2053.09,False,
Qwen/Qwen3.5-2B,88c63c780aba1f23c3c5345aa340d7e2,groundedness_json,json,trace,0.0,"The agent failed to ground its answer because it completely ignored the 'Tool Results' section in the evidence, which explicitly states '(no result)' for the specific tool 'final_answer'. The response makes definitive factual claims about animal species without any citation or evidence from the provided text. [model=Qwen/Qwen3.5-2B]",2053.09,False,
Qwen/Qwen3.5-2B,88c63c780aba1f23c3c5345aa340d7e2,groundedness_bullet,bullet,trace,0.0,"The agent's response provides specific animal names (rats, mice) without any citation or evidence from the task or available tools. Since the task asks for a comparison based on specific papers and a Wikipedia article, and the agent offers no verifiable data or sources to support these claims, the response is entirely unsupported. [model=Qwen/Qwen3.5-2B]",2053.09,False,
Qwen/Qwen3.5-2B,88e4ce6a659df42a4146331fff36417c,groundedness_line,line,trace,0.0,"The provided evidence contains no results for the 'final_answer' tool, meaning there is no factual basis to support the claim that the answer is 1937. Consequently, the entire response is unsupported and contradicted by the available evidence. [model=Qwen/Qwen3.5-2B]",2053.09,False,
Qwen/Qwen3.5-2B,88e4ce6a659df42a4146331fff36417c,groundedness_json,json,trace,0.0,"The agent's response provides a specific year (1937) without any citation or reference to the USGS or any other source, directly violating the requirement to be grounded in available evidence. The evidence field explicitly states that the tool 'final_answer' returned no results, making the claim factually unsupported. [model=Qwen/Qwen3.5-2B]",2321.01,False,
Qwen/Qwen3.5-2B,88e4ce6a659df42a4146331fff36417c,groundedness_bullet,bullet,trace,0.0,"The agent's response provides a specific year (1937) without any citation or evidence of where this information was obtained. The 'Evidence Available to the Agent' section explicitly states that the tool 'final_answer' returned no results, yet the agent proceeded to answer the question. This constitutes a direct contradiction between the provided evidence and the agent's output. [model=Qwen/Qwen3.5-2B]",2321.01,False,
Qwen/Qwen3.5-2B,911e853f02d03e976dbf0c16f653ab57,groundedness_line,line,trace,0.0,"The response provides two specific city names (Honolulu and Quincy) but fails to provide the numerical coordinates or distances required to verify the claim of them being the farthest apart from the westernmost to the easternmost. Without the actual data points, the provided evidence is insufficient to support the factual accuracy of the answer. [model=Qwen/Qwen3.5-2B]",2321.01,False,
Qwen/Qwen3.5-2B,911e853f02d03e976dbf0c16f653ab57,groundedness_json,json,trace,0.0,"The agent's response contains a factual claim that the provided evidence does not support, as the evidence only indicates a lack of results for a specific tool, not the existence of the answer. The claim that the answer exists is contradicted by the evidence, and the response fails to provide the correct answer as required. [model=Qwen/Qwen3.5-2B]",2321.01,False,
Qwen/Qwen3.5-2B,911e853f02d03e976dbf0c16f653ab57,groundedness_bullet,bullet,trace,0.25,"The agent's response provides two cities, Honolulu and Quincy, but fails to provide the specific evidence or data sources required to verify their distances relative to the westernmost and easternmost U.S. presidents' birthplaces. The claim that these are the farthest apart is not supported by the provided evidence, as no data was presented to confirm the distances or the ranking of the presidents' birth locations. [model=Qwen/Qwen3.5-2B]",2920.73,False,
Qwen/Qwen3.5-2B,915d2c66879657f694f88e0ed6f02cf5,groundedness_line,line,trace,0.25,"The agent provided a specific date (07/03/24) but failed to provide the specific GitHub issue number or URL where this date is located, making the claim unsupported by the provided evidence. The search results only show a date of August 8, 2017 for issue #9533, which is not the same issue as referenced in the final answer. [model=Qwen/Qwen3.5-2B]",2920.73,False,
Qwen/Qwen3.5-2B,915d2c66879657f694f88e0ed6f02cf5,groundedness_json,json,trace,0.0,The agent provides a specific date (07/03/24) without verifying if it exists in the provided evidence. The evidence search results do not contain the specific date or the exact issue details required to validate this claim. The response fails to ground its answer in the available evidence. [model=Qwen/Qwen3.5-2B],2920.73,False,
Qwen/Qwen3.5-2B,915d2c66879657f694f88e0ed6f02cf5,groundedness_bullet,bullet,trace,0.0,"The agent claims to have found a specific date (07/03/24) for the oldest closed issue with the 'Regression' label in the numpy.polynomial repository. However, the provided evidence shows that the search for 'Regression' label on the numpy.polynomial repo yielded no results, and the search for the specific issue '9533' found a date of Aug 8, 2017, but the issue itself does not appear to have a 'Regression' label based on the search results. The date 07/03/24 is not supported by any of the provided evidence. [model=Qwen/Qwen3.5-2B]",2920.73,False,
Qwen/Qwen3.5-2B,96be1bf61f2915e52ec59173b9bd9828,groundedness_line,line,trace,0.0,"The response provides specific country names but fails to provide the numerical distance data required to determine which two countries are furthest apart, nor does it cite any source for the calculation method or the resulting values. [model=Qwen/Qwen3.5-2B]",1918.49,False,
Qwen/Qwen3.5-2B,96be1bf61f2915e52ec59173b9bd9828,groundedness_json,json,trace,0.0,"The agent's response contains a definitive factual claim ('Indonesia, Myanmar') that is not supported by the provided evidence, which only states that the agent has access to tools and does not provide the actual data or sources needed to verify the distance between these countries. The evidence is completely irrelevant to the specific factual claim. [model=Qwen/Qwen3.5-2B]",1918.49,False,
Qwen/Qwen3.5-2B,96be1bf61f2915e52ec59173b9bd9828,groundedness_bullet,bullet,trace,0.0,"The agent's response provides a specific answer (Indonesia, Myanmar) without any supporting evidence or verification steps, as the 'Evidence Available to the Agent' section shows no results from the 'final_answer' tool. This constitutes a complete lack of grounding in the provided evidence. [model=Qwen/Qwen3.5-2B]",1918.49,False,
Qwen/Qwen3.5-2B,99f6b447779ba86b3cff2caede832d59,groundedness_line,line,trace,0.0,"The provided evidence contains no data or tool results that support the specific weights, indices, or transposition logic required to solve the problem. The task relies on mathematical derivation based on ISBN-13 checksums, which cannot be verified or solved without external data sources or a mathematical model not present in the 'Tool Results'. Consequently, all claims in the response are unsupported by the available evidence. [model=Qwen/Qwen3.5-2B]",1918.49,False,
Qwen/Qwen3.5-2B,99f6b447779ba86b3cff2caede832d59,groundedness_json,json,trace,0.0,"The agent's response provides a specific numerical answer (7, 9) without any reasoning or citation to the provided evidence. The evidence consists of ten ISBN-13 strings, none of which contain the specific weight or column indices required to solve the problem. Consequently, the response contains no grounded claims supported by the available data. [model=Qwen/Qwen3.5-2B]",2201.59,False,
Qwen/Qwen3.5-2B,99f6b447779ba86b3cff2caede832d59,groundedness_bullet,bullet,trace,0.0,"The agent provides a specific numerical answer (7, 9) without presenting any evidence, reasoning, or derivation steps. The task requires identifying the weight and transposed column indices based on a specific checksum algorithm involving an unknown weight and an error in two adjacent columns. The provided evidence is a single list of numbers, which contains no data regarding the specific weights or column errors mentioned in the task. Consequently, the agent's answer is entirely unsupported and contradicts the lack of evidence. [model=Qwen/Qwen3.5-2B]",2201.59,False,
Qwen/Qwen3.5-2B,9cd6dc7c0af658a87f603b488950f409,groundedness_line,line,trace,0.0,"The provided evidence contains no information regarding the painting 'Embroidery from Uzbekistan' or the historical breakfast menu of the ocean liner 'The Last Voyage' (1949). Consequently, no specific fruits can be identified or verified against the available data. [model=Qwen/Qwen3.5-2B]",2201.59,False,
Qwen/Qwen3.5-2B,9cd6dc7c0af658a87f603b488950f409,groundedness_json,json,trace,0.0,"The agent's response contains specific fruit names (apples, bananas, oranges, peaches) but provides no evidence or reasoning to support these claims, as the available evidence only states that the answer exists without providing the actual data. This results in a score of 0.0. [model=Qwen/Qwen3.5-2B]",2201.59,False,
Qwen/Qwen3.5-2B,9cd6dc7c0af658a87f603b488950f409,groundedness_bullet,bullet,trace,0.0,"The agent's response provides a specific list of fruits, but the provided evidence shows that the tool 'final_answer' returned no results, and no other evidence was presented to support the existence or details of the painting or the historical breakfast menu. Consequently, the claims are entirely unsupported by the available evidence. [model=Qwen/Qwen3.5-2B]",1736.55,False,
Qwen/Qwen3.5-2B,9e67afe0ff4eca1558073c2e5cfbf876,groundedness_line,line,trace,0.0,"The agent failed to provide a correct answer because the task explicitly states that the answer exists and requires a specific meaning for a symbol, yet the provided evidence shows no tool results or verification steps were performed. The response contains no factual claims supported by the available evidence, as the evidence is empty. [model=Qwen/Qwen3.5-2B]",1736.55,False,
Qwen/Qwen3.5-2B,9e67afe0ff4eca1558073c2e5cfbf876,groundedness_json,json,trace,0.0,"The agent's response 'flow' is a nonsensical word that provides no factual information. The available evidence is a specific instruction to find the meaning of a symbol on a website, which cannot be answered by a random word. The response fails to provide any grounded facts or reasoning, resulting in a score of 0.0. [model=Qwen/Qwen3.5-2B]",1736.55,False,
Qwen/Qwen3.5-2B,9e67afe0ff4eca1558073c2e5cfbf876,groundedness_bullet,bullet,trace,0.0,"The agent's response provides a definitive answer ('flow') without any evidence or reasoning, failing to demonstrate that it has actually accessed or verified the information. The provided evidence section shows no tool results or data sources, making the claim completely unsupported. [model=Qwen/Qwen3.5-2B]",1736.55,False,
Qwen/Qwen3.5-2B,9ec7d4a8ab8c74ab56361ef29d1b1660,groundedness_line,line,trace,0.0,"The provided evidence contains no information regarding the Metropolitan Museum of Art, its collection, or specific accession numbers, making it impossible to verify or derive the answer. Consequently, the response's claim is unsupported by the available evidence. [model=Qwen/Qwen3.5-2B]",2071.45,False,
Qwen/Qwen3.5-2B,9ec7d4a8ab8c74ab56361ef29d1b1660,groundedness_json,json,trace,0.0,"The agent failed to ground its answer because it provided a definitive name (Giovanni Castiglione) without citing any specific evidence from the provided task or the tool results. The task only mentions an accession number and asks about consecrators, but the agent made an assumption without verifying if this specific name is in the available data. [model=Qwen/Qwen3.5-2B]",2071.45,False,
Qwen/Qwen3.5-2B,9ec7d4a8ab8c74ab56361ef29d1b1660,groundedness_bullet,bullet,trace,0.0,"The agent's response provides a specific name (Giovanni Castiglione) without any supporting evidence or citation of the source material. The provided evidence section shows no tool results or data, making it impossible to verify the claim. Consequently, the answer is unsupported and contradicts the lack of available evidence. [model=Qwen/Qwen3.5-2B]",2071.45,False,
Qwen/Qwen3.5-2B,a041b8d88e3fedcc7d387da328f8a3b4,groundedness_line,line,trace,0.0,"The agent's response provides a specific answer ('duck confit') without any evidence or reasoning from the provided 'Tool Results' or 'Evidence Available to the Agent'. The available evidence is empty, meaning no claims can be supported, and the response contains no factual claims to evaluate against the evidence. [model=Qwen/Qwen3.5-2B]",2071.45,False,
Qwen/Qwen3.5-2B,a041b8d88e3fedcc7d387da328f8a3b4,groundedness_json,json,trace,0.0,"The agent's response 'duck confit' is a nonsensical hallucination with no factual basis. The provided evidence is empty, and the agent failed to utilize any available tools or data, resulting in a complete lack of groundedness. [model=Qwen/Qwen3.5-2B]",2165.38,False,
Qwen/Qwen3.5-2B,a041b8d88e3fedcc7d387da328f8a3b4,groundedness_bullet,bullet,trace,0.0,"The agent's response provides a specific answer ('duck confit') without any evidence or reasoning. The available evidence section shows a tool result of '(no result)', which contradicts the claim that the answer exists and can be found. The response fails to derive any facts from the provided evidence, as no data was actually used to support the conclusion. [model=Qwen/Qwen3.5-2B]",2165.38,False,
Qwen/Qwen3.5-2B,a32806e19bac45a34d3712ccc433ec9d,groundedness_line,line,trace,0.0,"The agent failed to ground its answer in the provided evidence because the search results only show general search queries and unrelated Stack Overflow questions, with no specific mention of the command used in the 2018 VSCode replit blog post video. The response provides a definitive command without any citation or verification from the retrieved sources. [model=Qwen/Qwen3.5-2B]",2165.38,False,
Qwen/Qwen3.5-2B,a32806e19bac45a34d3712ccc433ec9d,groundedness_json,json,trace,0.0,"The agent's response is completely unsupported because the provided evidence consists only of search results and tool logs, which do not contain the specific command or date requested in the task. The evidence fails to address the specific question about the 2018 VSCode blog post, and the search results do not confirm the existence of the command or the specific video content described. [model=Qwen/Qwen3.5-2B]",2165.38,False,
Qwen/Qwen3.5-2B,a32806e19bac45a34d3712ccc433ec9d,groundedness_bullet,bullet,trace,0.55,"The agent's response provides a specific command string but fails to explicitly state the command used in the video, instead offering a general solution. The evidence provided is a search result for the exact command, but the agent did not explicitly link the command to the specific video mentioned in the task query, making the claim of knowing the exact command from the video less directly supported by the provided evidence. [model=Qwen/Qwen3.5-2B]",2331.49,False,
Qwen/Qwen3.5-2B,a4af6c6d200e6d19d7f24e1d1d688188,groundedness_line,line,trace,0.0,"The agent's response provides a specific numerical value (950000) for the sale of 2072 Akaikai Loop in 2022. However, the provided evidence section shows that the 'final_answer' tool returned no results, and the task description does not contain any data regarding the sale prices of these specific properties. Consequently, the agent's answer is unsupported by the available evidence. [model=Qwen/Qwen3.5-2B]",2331.49,False,
Qwen/Qwen3.5-2B,a4af6c6d200e6d19d7f24e1d1d688188,groundedness_json,json,trace,0.0,"The agent makes a definitive factual claim about the sale price of a specific property (950,000) without providing any evidence or reasoning to support this assertion. The available evidence is empty, and the agent's claim is entirely unsupported. [model=Qwen/Qwen3.5-2B]",2331.49,False,
Qwen/Qwen3.5-2B,a4af6c6d200e6d19d7f24e1d1d688188,groundedness_bullet,bullet,trace,0.0,"The agent claims to have access to all relevant tools and find the correct answer, but the provided evidence shows that the 'final_answer' tool returned no result. The agent failed to utilize the available tool to retrieve the actual sale data, leading to a fabricated answer. [model=Qwen/Qwen3.5-2B]",2331.49,False,
Qwen/Qwen3.5-2B,a5c2947f441d65edf60131463fb79999,groundedness_line,line,trace,0.25,"The response provides a specific country (Switzerland) but fails to provide the specific evidence or search results that support this claim, as the provided 'Tool Results' only show search query addresses and generic page titles without the actual metadata or country information requested. [model=Qwen/Qwen3.5-2B]",1953.59,False,
Qwen/Qwen3.5-2B,a5c2947f441d65edf60131463fb79999,groundedness_json,json,trace,0.0,"The agent failed to ground its answer because it provided no evidence for the specific country (Switzerland) of the article, despite the task explicitly stating that the agent has access to all relevant tools. The provided evidence only shows search results and failed page searches, not the actual content of the article or the country information. [model=Qwen/Qwen3.5-2B]",1953.59,False,
Qwen/Qwen3.5-2B,a5c2947f441d65edf60131463fb79999,groundedness_bullet,bullet,trace,0.0,"The agent's response provides a specific country (Switzerland) but fails to provide any evidence from the search results or the BASE database to support this claim. The search results shown are generic and do not contain the specific metadata requested, nor do they confirm the existence or country of the 'unknown language article' mentioned in the query. [model=Qwen/Qwen3.5-2B]",1953.59,False,
Qwen/Qwen3.5-2B,a7017f40866dd77c6c0c0e98bad17f69,groundedness_line,line,trace,0.0,"The agent failed to provide the specific PubChem CID requested because the provided evidence ('Tool Results') contains no data or results from the NCATS PubChem database, making it impossible to verify or derive the answer. The response makes a definitive factual claim that the answer exists and is 180, but the evidence shows no relevant information was retrieved. [model=Qwen/Qwen3.5-2B]",1953.59,False,
Qwen/Qwen3.5-2B,a7017f40866dd77c6c0c0e98bad17f69,groundedness_json,json,trace,0.0,"The agent failed to ground its answer because it completely ignored the specific constraints and conditions provided in the task, such as the molecular weight limit, heavy atom count, and hydrogen bond acceptor limits. The response provided a single number without any reference to the specific criteria or the search process required to find the compound. [model=Qwen/Qwen3.5-2B]",2540.51,False,
Qwen/Qwen3.5-2B,a7017f40866dd77c6c0c0e98bad17f69,groundedness_bullet,bullet,trace,0.0,"The agent's response provides a specific numerical answer (180) without any citation or evidence of where this value was obtained. The task requires identifying a specific compound based on multiple criteria (molecular weight, heavy atoms, H-bond acceptors, complexity) and then finding a specific CID from a database. The provided evidence ('no result') indicates the tool failed to retrieve the necessary data, yet the agent asserts the answer exists and provides a number. This constitutes a direct contradiction between the provided evidence and the agent's claim that the answer was found. [model=Qwen/Qwen3.5-2B]",2540.51,False,
Qwen/Qwen3.5-2B,a96c6811716c0473b86a23321db79c34,groundedness_line,line,trace,0.0,"The agent failed to provide the specific numerical value requested because the 'inspect_file_as_text' tool returned no results, and the 'final_answer' tool also returned no results. Consequently, the response contains no factual claims supported by the available evidence, leading to a score of 0.0. [model=Qwen/Qwen3.5-2B]",2540.51,False,
Qwen/Qwen3.5-2B,a96c6811716c0473b86a23321db79c34,groundedness_json,json,trace,0.0,"The agent's response provides a specific numerical value (0.00002) without any citation or reference to the provided evidence file, which is a critical failure for a groundedness task. The response fails to list any facts to look up or derive, and the provided evidence shows no results from the specified tools, making the answer entirely unsupported. [model=Qwen/Qwen3.5-2B]",2540.51,False,
Qwen/Qwen3.5-2B,a96c6811716c0473b86a23321db79c34,groundedness_bullet,bullet,trace,0.0,"The agent's response provides a specific numerical value (0.00002) without any citation or evidence from the provided file or external sources. The task explicitly requires using the attached file to find the answer, yet the agent failed to utilize the available data or tools, resulting in a complete lack of grounding. [model=Qwen/Qwen3.5-2B]",2399.4,False,
Qwen/Qwen3.5-2B,a99faf782e8ad4d5f1ccdfcb7e143b9a,groundedness_line,line,trace,0.25,"The provided evidence contains a search result for the exact query but does not explicitly state the height of the landmark. The 'visit_page' tool navigates to a page that appears to be a PDF or HTML viewer, and the search string 'Tower' and 'London' were not found on the page, suggesting the specific landmark details (like the height) are not present in the provided text content. The response provides a specific number (185) without citing the source of this data within the evidence. [model=Qwen/Qwen3.5-2B]",2399.4,False,
Qwen/Qwen3.5-2B,a99faf782e8ad4d5f1ccdfcb7e143b9a,groundedness_json,json,trace,0.0,"The agent's response provides a specific numerical answer (185) without citing any of the provided evidence, specifically ignoring the search results and the page content that could verify the height of the landmark. This makes the answer factually unsupported and contradicts the available evidence. [model=Qwen/Qwen3.5-2B]",2399.4,False,
Qwen/Qwen3.5-2B,a99faf782e8ad4d5f1ccdfcb7e143b9a,groundedness_bullet,bullet,trace,0.0,"The agent's response provides a specific numerical answer (185 yards) without explicitly stating the source of this data. The evidence search results show a link to a Vogue article but do not contain the specific height of the landmark mentioned, nor does the provided text from the page search contain the answer. The agent failed to ground the answer in the available evidence, as the search results and the page content do not reveal the monument's height. [model=Qwen/Qwen3.5-2B]",2399.4,False,
Qwen/Qwen3.5-2B,aa76e85e274bb7187a186c5ed9c90b43,groundedness_line,line,trace,0.0,"The agent failed to provide a correct answer because the task explicitly states that the answer does exist and requires verification steps, yet the available evidence shows no tool results found. The response contains no factual claims supported by the provided evidence, as the evidence is empty. [model=Qwen/Qwen3.5-2B]",1964.68,False,
Qwen/Qwen3.5-2B,aa76e85e274bb7187a186c5ed9c90b43,groundedness_json,json,trace,0.0,"The agent's response contains a definitive factual claim that the provided evidence explicitly contradicts. The evidence shows that 'a' is not equal to 'b', 'c', 'd', or 'e', making the claim that 'a' is in the set S incorrect. The agent failed to recognize this contradiction and provided an answer that is factually wrong based on the given data. [model=Qwen/Qwen3.5-2B]",1964.68,False,
Qwen/Qwen3.5-2B,aa76e85e274bb7187a186c5ed9c90b43,groundedness_bullet,bullet,trace,0.0,"The agent's response provides a specific answer ('b, e') without any evidence or reasoning. The available evidence is a single table defining a relation '*'. The agent failed to perform any verification steps or logical derivation from the table to determine if the relation is commutative, nor did it list any facts to look up or derive. Consequently, the entire response is unsupported by the provided evidence. [model=Qwen/Qwen3.5-2B]",1964.68,False,
Qwen/Qwen3.5-2B,ae345023ab5e1c09d49c2b2c6e311877,groundedness_line,line,trace,0.0,"The provided evidence contains no results for the 'final_answer' tool, meaning no factual claims from the response can be verified against available data. Consequently, the response fails to meet the requirement of grounding its answer in the evidence. [model=Qwen/Qwen3.5-2B]",1964.68,False,
Qwen/Qwen3.5-2B,ae345023ab5e1c09d49c2b2c6e311877,groundedness_json,json,trace,0.0,"The agent provided a definitive list of countries with high gross savings, but the evidence available to the agent explicitly states that the tool 'final_answer' returned no results. This creates a direct contradiction between the agent's claim that the answer exists and the provided evidence. [model=Qwen/Qwen3.5-2B]",1611.42,False,
Qwen/Qwen3.5-2B,ae345023ab5e1c09d49c2b2c6e311877,groundedness_bullet,bullet,trace,0.0,"The agent's response provides a list of countries, but the provided evidence ('Tool Results: (no result)') indicates that the agent has no access to the World Bank data to verify these claims. Consequently, the factual claims are entirely unsupported by the available evidence. [model=Qwen/Qwen3.5-2B]",1611.42,False,
Qwen/Qwen3.5-2B,b159cbc7eb989d874a0337cbee8a373c,groundedness_line,line,trace,0.0,"The agent failed to provide a correct answer because the required evidence (the attached Python file) was not found in the available tool results, rendering the task impossible to solve based on the provided data. The response contains a fabricated final numeric output without any supporting evidence from the actual file content. [model=Qwen/Qwen3.5-2B]",1611.42,False,
Qwen/Qwen3.5-2B,b159cbc7eb989d874a0337cbee8a373c,groundedness_json,json,trace,0.0,"The agent made a critical error by asserting a specific numeric value ('42') without any evidence from the provided tool results, which returned no data for the file. This claim is entirely unsupported and contradicts the lack of available information. [model=Qwen/Qwen3.5-2B]",1611.42,False,
Qwen/Qwen3.5-2B,b159cbc7eb989d874a0337cbee8a373c,groundedness_bullet,bullet,trace,0.0,"The agent's response provides a specific numeric answer ('42') without any evidence or reasoning. The available evidence shows that the requested tool ('inspect_file_as_text') failed to produce results, and the tool 'final_answer' also returned no results. Consequently, the claim that the answer is 42 is completely unsupported by the provided evidence. [model=Qwen/Qwen3.5-2B]",2382.51,False,
Qwen/Qwen3.5-2B,b1f9b9baefa4c69d1d848e35c130e29d,groundedness_line,line,trace,0.0,The provided evidence consists of a search result snippet for 'Ben & Jerry's flavor graveyard oldest flavor headstone inscription' which does not contain the specific text of the rhyme or the last line. The search results for 'Ben & Jerry's online flavor graveyard official 2022' and 'headstone' on the Ben & Jerry's website page do not yield the specific inscription text required to answer the question. The response 'Rest In Cream' is a general phrase not supported by the specific evidence provided. [model=Qwen/Qwen3.5-2B],2382.51,False,
Qwen/Qwen3.5-2B,b1f9b9baefa4c69d1d848e35c130e29d,groundedness_json,json,trace,0.0,"The agent's response is factually incorrect because the specific answer 'Rest In Cream' is not supported by the provided evidence. The evidence only confirms the existence of the flavor graveyard and general flavor information, but does not contain the specific inscription or the last line of the rhyme. The agent failed to utilize the search results effectively to find the required information. [model=Qwen/Qwen3.5-2B]",2382.51,False,
Qwen/Qwen3.5-2B,b1f9b9baefa4c69d1d848e35c130e29d,groundedness_bullet,bullet,trace,0.0,"The agent's response provides a specific answer ('Rest In Cream') but fails to provide the evidence or source that supports this claim. The available evidence from the search results only confirms the existence of a flavor graveyard and the general structure of the website, but does not contain the specific inscription on the oldest headstone. The agent also failed to identify the specific flavor name associated with the 'Rest In Cream' headstone, which is a critical factual claim that cannot be verified from the provided search results. [model=Qwen/Qwen3.5-2B]",2382.51,False,
Qwen/Qwen3.5-2B,b241cb7deedf9646f01fa15095ed96d2,groundedness_line,line,trace,0.0,"The provided evidence shows that the search for 'St. Thomas Aquinas' and 'Aquinas' failed to find the string on the Wikipedia history page, and the search for 'St._Thomas' also failed. The Google search result title confirms the existence of a page about the image, but the specific search query used in the task ('St. Thomas Aquinas picture first added to Principle of double effect') yielded no results in the provided tool output. Consequently, the specific date '21/03/2018' cannot be verified against the available evidence. [model=Qwen/Qwen3.5-2B]",2885.47,False,
Qwen/Qwen3.5-2B,b241cb7deedf9646f01fa15095ed96d2,groundedness_json,json,trace,0.0,"The agent's response provides a specific date (21/03/2018) but offers no evidence from the provided tool results to support this claim. The available evidence only shows search results for the query and failed search strings, which do not confirm the existence or date of the specific Wikipedia revision mentioned. [model=Qwen/Qwen3.5-2B]",2885.47,False,
Qwen/Qwen3.5-2B,b241cb7deedf9646f01fa15095ed96d2,groundedness_bullet,bullet,trace,0.5,"The agent's response provides a specific date (21/03/2018) but fails to provide the specific search query string used to retrieve the revision history, nor does it explicitly state the search terms that were attempted or the exact page number where the image was found. This makes the claim less verifiable against the provided evidence. [model=Qwen/Qwen3.5-2B]",2885.47,False,
Qwen/Qwen3.5-2B,b5576ffca7ad7cce0fc34b5aad7fc543,groundedness_line,line,trace,1.0,"The agent correctly identified that the provided evidence (Google search results and a specific page view) does not contain the phrase 'cloak of print' in the specified text, whereas it does contain 'veil of print'. The agent correctly noted the absence of the specific DOI and Project MUSE link in the search results, which are part of the citation provided in the task. The agent did not fabricate a match where none exists. [model=Qwen/Qwen3.5-2B]",2885.47,False,
Qwen/Qwen3.5-2B,b5576ffca7ad7cce0fc34b5aad7fc543,groundedness_json,json,trace,0.0,"The agent failed to ground its answer because it ignored the specific constraint in the task to identify the word in the citation that does not match. Instead, it hallucinated a word ('cloak') that was not found in the provided evidence, contradicting the evidence that explicitly states the phrase 'veil of print' is present while 'cloak of print' is absent. [model=Qwen/Qwen3.5-2B]",3068.16,False,
Qwen/Qwen3.5-2B,b5576ffca7ad7cce0fc34b5aad7fc543,groundedness_bullet,bullet,trace,0.25,"The agent correctly identified that the phrase 'veil of print' is present in the text, but failed to identify the specific word in the citation that does not match the quote. The citation lists 'veil of scribal confusion and mis-transmission', while the quote uses 'veil of scribal confusion and mis-transmission' (which matches). The agent's claim that 'cloak of print' is the mismatched word is incorrect because the text actually contains 'veil of print', not 'cloak of print'. Furthermore, the agent failed to provide the specific word from the citation that does not match the correct one, instead offering a non-matching phrase from the text itself. [model=Qwen/Qwen3.5-2B]",3068.16,False,
Qwen/Qwen3.5-2B,b69bcf49516121f03e5809cbd776c21f,groundedness_line,line,trace,0.0,"The provided evidence consists of search results and a PDF link, but the specific data point regarding the exact arrival time of the Tri-Rail train carrying the most passengers on May 27, 2019, is not present in the search results or the inspected file. The search results only provide general links to datasets and schedules without the specific numerical data required to answer the question. [model=Qwen/Qwen3.5-2B]",3068.16,False,
Qwen/Qwen3.5-2B,b69bcf49516121f03e5809cbd776c21f,groundedness_json,json,trace,0.0,"The agent failed to ground its answer because it did not explicitly cite the specific data from the available evidence (e.g., the PDF link or specific ridership numbers) to support the claim about the Tri-Rail train's arrival time. The response makes a definitive assertion without referencing the source material that contains the actual schedule or ridership data. [model=Qwen/Qwen3.5-2B]",3068.16,False,
Qwen/Qwen3.5-2B,b69bcf49516121f03e5809cbd776c21f,groundedness_bullet,bullet,trace,0.25,"The agent correctly identified the need to find specific ridership and schedule data for the Tri-Rail on May 27, 2019. However, the provided evidence consists only of search results and a link to a PDF file, which the agent failed to actually inspect or extract data from. The agent made an assumption that the search results contained the specific answer without performing the necessary verification or data extraction, leading to a lack of groundedness. [model=Qwen/Qwen3.5-2B]",3154.86,False,
Qwen/Qwen3.5-2B,b7f8fcd484777f9d330f24a2ff30dd25,groundedness_line,line,trace,0.25,"The agent's response contains a specific factual claim ('Maktay Zapple Pa') that is not supported by the provided evidence, as the evidence only lists the root verb 'Maktay' and the word 'Apple' without the specific grammatical construction or verb form required to construct the sentence 'I like apples' in Tizin. The evidence does not support the claim that the correct answer is 'Maktay Zapple Pa' because it does not provide the necessary grammatical rules to derive the correct sentence structure or the specific verb form for the first-person subject. [model=Qwen/Qwen3.5-2B]",3154.86,False,
Qwen/Qwen3.5-2B,b7f8fcd484777f9d330f24a2ff30dd25,groundedness_json,json,trace,0.25,"The agent's response contains a factual claim that the verb 'Maktay' is used in the present tense to mean 'is pleasing to', which contradicts the provided evidence stating it is used in the present root form. Additionally, the claim that the word 'Apple' is the nominative form in Tizin contradicts the evidence which states 'Zapple' is the nominative form. The response fails to provide the specific source or tool result for these assertions. [model=Qwen/Qwen3.5-2B]",3154.86,False,
Qwen/Qwen3.5-2B,b7f8fcd484777f9d330f24a2ff30dd25,groundedness_bullet,bullet,trace,0.25,"The agent's response contains a complete sentence ('Maktay Zapple Pa') which is a single factual claim. However, the provided evidence only lists the grammatical forms for 'Pa', 'Mato', 'Sing', 'Apple', 'Zapple', and 'Izapple', but does not provide the specific rule for combining the verb 'Maktay' with the object 'Zapple' in the required order (Verb-Object-Subject). Therefore, the claim that this specific combination is the correct translation is not supported by the available evidence. [model=Qwen/Qwen3.5-2B]",3154.86,False,
Qwen/Qwen3.5-2B,b810534e7915119254ea6977a72493ae,groundedness_line,line,trace,0.0,"The provided evidence contains no results for the 'final_answer' tool, and there is no information regarding the calculation of check digits for the Order Helotiales or ISBN-10 standards. Consequently, the response's claim of providing a correct answer is entirely unsupported by the available evidence. [model=Qwen/Qwen3.5-2B]",2448.87,False,
Qwen/Qwen3.5-2B,b810534e7915119254ea6977a72493ae,groundedness_json,json,trace,0.0,"The agent failed to provide any evidence or reasoning, instead making a definitive claim without any basis. The response contains no factual claims supported by the provided evidence, as the evidence is empty and the claim is unsupported. [model=Qwen/Qwen3.5-2B]",2448.87,False,
Qwen/Qwen3.5-2B,b810534e7915119254ea6977a72493ae,groundedness_bullet,bullet,trace,0.0,"The agent's response provides a specific numerical value (4) without any citation or evidence of where this number was derived. The available evidence section shows a tool result of '(no result)', indicating no data was found to support the claim. Consequently, the claim is unsupported and contradicts the lack of available evidence. [model=Qwen/Qwen3.5-2B]",2448.87,False,
Qwen/Qwen3.5-2B,b93b2145c5e2022c56bc2a50d5e94d8a,groundedness_line,line,trace,0.0,"The agent failed to provide a correct answer as requested, stating 'Unable to determine' without attempting to utilize the available search results or derive the information. The provided evidence consists of search results that do not contain the specific numerical data or the exact difference in sample standard deviations between the two domains as of 2022. Consequently, no specific facts were derived from the evidence, and the response does not meet the requirement to provide the correct answer. [model=Qwen/Qwen3.5-2B]",2448.87,False,
Qwen/Qwen3.5-2B,b93b2145c5e2022c56bc2a50d5e94d8a,groundedness_json,json,trace,0.0,"The agent failed to provide a correct answer despite claiming access to tools, and the evidence shows no specific data points or numerical values regarding the difference in standard deviations between the two domains. The response is entirely unsupported and contradicts the premise that the answer exists. [model=Qwen/Qwen3.5-2B]",2245.0,False,
Qwen/Qwen3.5-2B,b93b2145c5e2022c56bc2a50d5e94d8a,groundedness_bullet,bullet,trace,0.0,"The agent failed to provide a correct answer as required by the task, explicitly stating 'Unable to determine'. This is a direct contradiction to the instruction that the answer must exist and that failure is not tolerated. The evidence provided (search results) does not contain the specific numerical data requested, nor does it clearly indicate the difference in sample standard deviations between the two domains as of 2022, making the claim unsupported. [model=Qwen/Qwen3.5-2B]",2245.0,False,
Qwen/Qwen3.5-2B,bc9c8f8dc13a51d0cd6762bd325ab17e,groundedness_line,line,trace,0.0,"The response provides a specific title ('five hundred Things to Eat Before It's Too Late') but offers no evidence from the provided search results or tool outputs to support this claim, as the search results only list the search query itself without the actual book title or any connection to James Beard Award winners or Ali Khan's restaurant recommendations. [model=Qwen/Qwen3.5-2B]",2245.0,False,
Qwen/Qwen3.5-2B,bc9c8f8dc13a51d0cd6762bd325ab17e,groundedness_json,json,trace,0.0,"The agent's response contains a specific factual claim ('five hundred Things to Eat Before It's Too Late') that is not supported by the provided evidence. The evidence consists of search results and tool outputs that do not mention this specific title or quantity. The response also includes a general statement about having access to tools, which is not a factual claim requiring evidence. [model=Qwen/Qwen3.5-2B]",2245.0,False,
Qwen/Qwen3.5-2B,bc9c8f8dc13a51d0cd6762bd325ab17e,groundedness_bullet,bullet,trace,0.0,"The agent's response contains a fabricated answer ('five hundred Things to Eat Before It's Too Late') with no evidence of its existence or derivation from the provided search results. The search results only show restaurant names and general search queries, none of which match the specific book title requested. The agent failed to derive any factual claims from the evidence, leading to a complete lack of grounding. [model=Qwen/Qwen3.5-2B]",2427.07,False,
Qwen/Qwen3.5-2B,bcaad76af172d10d2c7e4c257bf20d27,groundedness_line,line,trace,0.0,"The provided evidence contains no data regarding the volume of Freon-12, the temperature of the Marianas Trench, or any physical properties of the refrigerant, making all claims in the response unsupported or contradictory to the available evidence. [model=Qwen/Qwen3.5-2B]",2427.07,False,
Qwen/Qwen3.5-2B,bcaad76af172d10d2c7e4c257bf20d27,groundedness_json,json,trace,0.0,"The agent's response provides a specific numerical value (233) without any citation or reference to the provided evidence. Since the evidence field is empty and the task requires grounding in available facts, the response fails to meet the groundedness criterion. [model=Qwen/Qwen3.5-2B]",2427.07,False,
Qwen/Qwen3.5-2B,bcaad76af172d10d2c7e4c257bf20d27,groundedness_bullet,bullet,trace,0.0,"The agent's response provides a specific numerical value (233) without any citation or evidence of where this value was obtained. The task explicitly states that the agent has access to all relevant tools and that failure to find the correct answer is unacceptable, implying a need for verification or data retrieval. However, the provided 'Tool Results' section shows no output from any tool, and the agent makes no attempt to retrieve or verify the data. Consequently, the claim that the answer is 233 is entirely unsupported by the available evidence. [model=Qwen/Qwen3.5-2B]",2427.07,False,
Qwen/Qwen3.5-2B,c60ad8608dd94271a6c6805eedfa26a8,groundedness_line,line,trace,0.25,"The response cites a specific video title and a search result that appears to match the query, but the provided evidence does not contain the specific name of the scientist or the year of the interview. The evidence only confirms the existence of the video and a search string, failing to provide the necessary factual data to identify the scientist. [model=Qwen/Qwen3.5-2B]",2229.66,False,
Qwen/Qwen3.5-2B,c60ad8608dd94271a6c6805eedfa26a8,groundedness_json,json,trace,0.0,"The agent's response cites a specific name (Jerome Wiesner) without providing any evidence from the available search results or the video transcript. The evidence available only confirms that a scientist predicted thinking machines, but does not identify the specific name of the person. Consequently, the response contains a major factual error that is not supported by the provided evidence. [model=Qwen/Qwen3.5-2B]",2229.66,False,
Qwen/Qwen3.5-2B,c60ad8608dd94271a6c6805eedfa26a8,groundedness_bullet,bullet,trace,0.25,"The agent's response cites a specific name (Jerome Wiesner) without providing the specific video transcript or source material where this fact is located. The evidence search results show a YouTube video title but do not contain the transcript or the specific scientist's name mentioned in the task, making the claim ungrounded. [model=Qwen/Qwen3.5-2B]",2229.66,False,
Qwen/Qwen3.5-2B,cac8b6b2d84841d9a5177e399f0595b4,groundedness_line,line,trace,0.0,"The agent failed to provide a correct answer because the task explicitly states that the answer does exist and that failure to find it will be penalized. The provided evidence consists of search results that do not contain the specific number of edits requested, nor do they list the revision history count directly. The search results only show the page itself and general links, offering no data to calculate the total edits. [model=Qwen/Qwen3.5-2B]",2229.66,False,
Qwen/Qwen3.5-2B,cac8b6b2d84841d9a5177e399f0595b4,groundedness_json,json,trace,0.0,"The agent failed to ground its answer because it provided a specific number (2150) without citing the actual search results or the revision history data that would support this count. The evidence available was a search snippet that did not contain the specific number, and the agent made up a number without verifying it against the provided search results. [model=Qwen/Qwen3.5-2B]",2489.32,False,
Qwen/Qwen3.5-2B,cac8b6b2d84841d9a5177e399f0595b4,groundedness_bullet,bullet,trace,0.25,"The agent provides a definitive answer (2150) but fails to provide the specific evidence or search results that support this claim. The 'Evidence Available to the Agent' section lists a search result for the exact query but does not explicitly state the result or the count found, nor does it list the specific revision history data that sums to 2150. This makes the answer factually unsupported by the provided evidence. [model=Qwen/Qwen3.5-2B]",2489.32,False,
Qwen/Qwen3.5-2B,cbefff615c15f4de61bd0ffd1ce97d2e,groundedness_line,line,trace,0.0,"The provided evidence contains no data regarding the Venezuelan Declaration of Independence, TikTok logo colors, or the height of the average woman in the Philippines, making all claims in the response unsupported. [model=Qwen/Qwen3.5-2B]",2489.32,False,
Qwen/Qwen3.5-2B,cbefff615c15f4de61bd0ffd1ce97d2e,groundedness_json,json,trace,0.0,"The agent's response provides a specific numerical value (563.9) without any citation or reference to the provided evidence. Since the evidence section is empty and the task requires grounding in available facts, the response fails to meet the groundedness criterion. [model=Qwen/Qwen3.5-2B]",2489.32,False,
Qwen/Qwen3.5-2B,cbefff615c15f4de61bd0ffd1ce97d2e,groundedness_bullet,bullet,trace,0.0,"The agent's response provides a specific numerical value (563.9) without any supporting evidence or derivation steps. The task requires calculating a value based on defined variables, but the agent fails to demonstrate any logical reasoning, data retrieval, or verification process, rendering the answer unsupported by the provided evidence. [model=Qwen/Qwen3.5-2B]",2875.73,False,
Qwen/Qwen3.5-2B,d277cf50c742ad43ddf128587f59b363,groundedness_line,line,trace,0.0,"The provided evidence contains a YouTube video titled 'Robin Hood Rooster Song' but no information regarding the composer, lyrics, or tempos of this specific track. The search results for the second query about 'hamster animated video rooster' only mention a song called 'The Hampsterdance Song' on Wikipedia, which does not match the 'rooster and hamster' description or the 'separate animated videos' condition described in the task. Consequently, no factual claims about the composer can be verified against the available evidence. [model=Qwen/Qwen3.5-2B]",2875.73,False,
Qwen/Qwen3.5-2B,d277cf50c742ad43ddf128587f59b363,groundedness_json,json,trace,0.0,"The agent's response cites a specific composer (Roger Miller) without providing any evidence from the available search results or task context. The search results only show unrelated videos and titles, offering no support for the claim that Roger Miller composed the song. This constitutes a direct contradiction of the available evidence. [model=Qwen/Qwen3.5-2B]",2875.73,False,
Qwen/Qwen3.5-2B,d277cf50c742ad43ddf128587f59b363,groundedness_bullet,bullet,trace,0.0,"The agent's response provides a specific name ('Roger Miller') without any evidence or verification steps. The provided evidence consists of a YouTube video link and a Wikipedia article for a different song ('The Hampsterdance Song'), neither of which relates to the specific song described in the task (a rooster and a hamster in separate videos with different tempos and lyrics). Consequently, the agent failed to ground its answer in the available evidence. [model=Qwen/Qwen3.5-2B]",2875.73,False,
Qwen/Qwen3.5-2B,d2868d12880a41ad5ed1fb3bb39159d5,groundedness_line,line,trace,0.0,"The provided evidence contains a search result snippet that explicitly mentions 'Top 5 David Attenborough Moments' and 'YouTube', but it does not list the specific bird species featured in the requested video. The response makes a definitive factual claim about a specific bird species without any supporting data from the search results or the task description. [model=Qwen/Qwen3.5-2B]",2147.2,False,
Qwen/Qwen3.5-2B,d2868d12880a41ad5ed1fb3bb39159d5,groundedness_json,json,trace,0.0,The agent failed to ground its answer because it did not utilize the provided evidence. It claimed to have access to tools but failed to actually search or verify the specific bird species mentioned in the query using the available search results. [model=Qwen/Qwen3.5-2B],2147.2,False,
Qwen/Qwen3.5-2B,d2868d12880a41ad5ed1fb3bb39159d5,groundedness_bullet,bullet,trace,0.0,"The agent's response provides a specific species name (Rockhopper Penguin) but fails to provide any evidence from the available search results or tools to support this claim. The search results listed in the evidence section do not contain the specific bird species requested in the query, making the answer unsupported by the provided data. [model=Qwen/Qwen3.5-2B]",2147.2,False,
Qwen/Qwen3.5-2B,d67a8ae853c0b8ed0e55f7fafe4e2f64,groundedness_line,line,trace,0.0,"The provided evidence contains no information regarding the Scikit-Learn July 2017 changelog or specific bug fixes for predictor base commands, making all claims in the response unsupported. [model=Qwen/Qwen3.5-2B]",2147.2,False,
Qwen/Qwen3.5-2B,d67a8ae853c0b8ed0e55f7fafe4e2f64,groundedness_json,json,trace,0.0,"The agent failed to ground its response because it provided a specific factual claim ('predict_proba') without any evidence from the provided task or available tools. The evidence list is empty, and the task asks for a specific bug fix name, not a general knowledge fact. [model=Qwen/Qwen3.5-2B]",2139.61,False,
Qwen/Qwen3.5-2B,d67a8ae853c0b8ed0e55f7fafe4e2f64,groundedness_bullet,bullet,trace,0.0,"The agent's response provides a specific answer ('predict_proba') without any evidence or reasoning. The provided evidence ('Tool Results: (no result)') explicitly states that the tool 'final_answer' yielded no results, which directly contradicts the claim that the answer exists and can be found. Consequently, the response is entirely unsupported by the available evidence. [model=Qwen/Qwen3.5-2B]",2139.61,False,
Qwen/Qwen3.5-2B,d7f2f823ff4d4d8bbec1039c6c302a06,groundedness_line,line,trace,0.0,"The provided evidence contains no information regarding the USGS, the movie 'Finding Nemo', or the specific locations where the fish was found as a nonnative species before 2020. Consequently, all factual claims in the response are unsupported by the available evidence. [model=Qwen/Qwen3.5-2B]",2139.61,False,
Qwen/Qwen3.5-2B,d7f2f823ff4d4d8bbec1039c6c302a06,groundedness_json,json,trace,0.0,"The agent's response provides a single specific number (33040) without any citation or reference to the evidence provided in the task. Since the evidence available to the agent is empty ('no result'), the agent failed to ground its answer in any available information, making the claim completely unsupported. [model=Qwen/Qwen3.5-2B]",2139.61,False,
Qwen/Qwen3.5-2B,d7f2f823ff4d4d8bbec1039c6c302a06,groundedness_bullet,bullet,trace,0.0,"The agent's response provides a specific zip code (33040) without any citation or evidence from the provided 'Tool Results' or 'Evidence Available' sections. The evidence section explicitly states '(no result)' for the relevant tool, yet the agent ignores this and invents a fact. This constitutes a major contradiction and a lack of support. [model=Qwen/Qwen3.5-2B]",2433.96,False,
Qwen/Qwen3.5-2B,d857dc7d137db732306e97c3820652bd,groundedness_line,line,trace,0.0,"The provided evidence shows no tool results or specific data points regarding the Cornell Law School's Federal Rules of Evidence, making it impossible to verify or derive the specific word deleted in the last amendment. The response 'not' is a generic placeholder rather than a grounded factual claim supported by the available evidence. [model=Qwen/Qwen3.5-2B]",2433.96,False,
Qwen/Qwen3.5-2B,d857dc7d137db732306e97c3820652bd,groundedness_json,json,trace,0.0,"The agent failed completely because it provided a definitive 'not' answer without attempting to use the provided tool or search for the specific information requested in the task. The evidence shows the tool returned no results, yet the agent ignored this constraint and hallucinated a negative answer. [model=Qwen/Qwen3.5-2B]",2433.96,False,
Qwen/Qwen3.5-2B,d857dc7d137db732306e97c3820652bd,groundedness_bullet,bullet,trace,0.0,"The agent failed to provide a factual answer, instead stating 'not' without any supporting evidence or derivation. The task requires identifying a specific word deleted in a specific rule, which is a factual query requiring external data retrieval rather than a logical derivation from provided premises. The response contains no evidence to support the claim that the answer is 'not', making it unsupported and contradictory to the instruction to provide the correct answer. [model=Qwen/Qwen3.5-2B]",2433.96,False,
Qwen/Qwen3.5-2B,d9a8dff7edce2d1b15ed4769886d9a2a,groundedness_line,line,trace,0.0,"The provided evidence contains no information regarding the specific paper by Omar Valencfia-Mendez (2017) or the feeding data from G. Curt Fiedler (2002) concerning harlequin shrimp and sea star ratios. Consequently, no factual claims can be verified or derived from the available evidence. [model=Qwen/Qwen3.5-2B]",1901.81,False,
Qwen/Qwen3.5-2B,d9a8dff7edce2d1b15ed4769886d9a2a,groundedness_json,json,trace,0.0,"The agent's response provides a specific integer (20) without any citation or reference to the source material, violating the requirement to ground the answer in available evidence. The evidence list is empty, and the task explicitly demands that the agent identify facts to look up and verify, yet the response fails to acknowledge the need for external verification or cite any source. [model=Qwen/Qwen3.5-2B]",1901.81,False,
Qwen/Qwen3.5-2B,d9a8dff7edce2d1b15ed4769886d9a2a,groundedness_bullet,bullet,trace,0.0,"The agent's response provides a definitive integer (20) without any citation or evidence of source material. The provided evidence section shows no tool results or data, making it impossible to verify the claim. Consequently, the claim is entirely unsupported and contradicts the lack of available evidence. [model=Qwen/Qwen3.5-2B]",1901.81,False,
Qwen/Qwen3.5-2B,dbc070b918d4a052c0b686081408fb52,groundedness_line,line,trace,0.0,"The agent failed to provide the specific explosive force or the name of the US nuclear test as requested, instead providing a generic placeholder 'Bravo'. The provided evidence shows no results for the requested search terms, yet the agent made a definitive factual claim without any supporting data or logical derivation from the available information. [model=Qwen/Qwen3.5-2B]",1901.81,False,
Qwen/Qwen3.5-2B,dbc070b918d4a052c0b686081408fb52,groundedness_json,json,trace,0.0,"The agent failed to ground its answer because it completely ignored the specific constraint in the task to find the explosive force and the name of the nuclear test from Encyclopedia Britannica. Instead, it hallucinated a fabricated answer ('Bravo') without referencing any provided evidence or tools, violating the requirement to use available sources. [model=Qwen/Qwen3.5-2B]",1996.46,False,
Qwen/Qwen3.5-2B,dbc070b918d4a052c0b686081408fb52,groundedness_bullet,bullet,trace,0.0,"The agent's response contains a fabricated claim ('Bravo') with no evidence of origin or verification. The task requires finding a specific explosive force from a specific source (Encyclopedia Britannica) and a corresponding US nuclear test name, which the agent failed to perform by providing an arbitrary answer without any supporting data. [model=Qwen/Qwen3.5-2B]",1996.46,False,
Qwen/Qwen3.5-2B,dcb89b6b049d424caf4c3e5fcd22c84c,groundedness_line,line,trace,0.0,"The provided evidence contains a search result for the 1977 New York Yankees batting statistics, but the specific page for the 1977 season returns a 403 error, and the archived version is incomplete and inaccessible. Consequently, the specific data point regarding the number of at-bats for the team with the most walks cannot be verified or derived from the available evidence. [model=Qwen/Qwen3.5-2B]",1996.46,False,
Qwen/Qwen3.5-2B,dcb89b6b049d424caf4c3e5fcd22c84c,groundedness_json,json,trace,0.0,"The agent's response provides a specific number (525) without citing any of the provided evidence, which includes a search result, an archived page, or a specific page number. This constitutes a complete lack of grounding. [model=Qwen/Qwen3.5-2B]",1996.46,False,
Qwen/Qwen3.5-2B,dcb89b6b049d424caf4c3e5fcd22c84c,groundedness_bullet,bullet,trace,0.25,"The agent's response provides a specific number (525) but fails to provide the specific player name or the exact number of at-bats associated with that player, as the provided evidence only confirms the existence of a 'walks leader' without listing the individual statistics. The evidence is insufficient to ground the specific claim of 'the' player and their specific at-bat count. [model=Qwen/Qwen3.5-2B]",2573.68,False,
Qwen/Qwen3.5-2B,e491d73ca2fd8a2a6f8984feb1c408a3,groundedness_line,line,trace,0.0,"The agent failed to provide the requested list of ingredients because the available evidence (the audio file) was not successfully processed or the tool 'inspect_file_as_text' returned no result, making it impossible to extract the specific ingredients mentioned in the task. [model=Qwen/Qwen3.5-2B]",2573.68,False,
Qwen/Qwen3.5-2B,e491d73ca2fd8a2a6f8984feb1c408a3,groundedness_json,json,trace,0.0,"The agent failed to ground its response because it completely ignored the provided evidence, specifically the file path and tool results which were explicitly listed in the task instructions. The response lists common pie ingredients (cornstarch, lemon juice, etc.) without any reference to the actual audio file or the tool capabilities mentioned in the prompt, violating the requirement to base claims on available evidence. [model=Qwen/Qwen3.5-2B]",2573.68,False,
Qwen/Qwen3.5-2B,e491d73ca2fd8a2a6f8984feb1c408a3,groundedness_bullet,bullet,trace,0.0,"The agent failed to listen to the audio file as requested, providing a static list of ingredients without any evidence of having processed the 'Strawberry pie.mp3' file. The response contains fabricated facts (e.g., 'cornstarch', 'lemon juice') that are not supported by the provided evidence or the audio content. [model=Qwen/Qwen3.5-2B]",2573.68,False,
Qwen/Qwen3.5-2B,e6ca28af6722fc00fc7294d1b291bea4,groundedness_line,line,trace,0.0,"The agent failed to provide the specific character or text required to fix the code, instead outputting the literal string 'i' which is not found in the provided code snippet. The evidence shows the code contains a typo ('F.o.r.' instead of 'For') and a missing period ('p.e.n.g.u.i.n.si'), but the agent did not analyze the code to identify the missing character or the missing period, nor did it search for the correct character in the available tools. [model=Qwen/Qwen3.5-2B]",2336.61,False,
Qwen/Qwen3.5-2B,e6ca28af6722fc00fc7294d1b291bea4,groundedness_json,json,trace,0.0,"The agent's response 'i' is a single character string that does not constitute a factual claim requiring evidence verification. The provided evidence shows no tool results, meaning there is no ground truth to contradict or support the character 'i'. Consequently, the task of verifying groundedness is moot because the agent failed to provide the actual answer or evidence, rendering the response factually unsupported by any available data. [model=Qwen/Qwen3.5-2B]",2336.61,False,
Qwen/Qwen3.5-2B,e6ca28af6722fc00fc7294d1b291bea4,groundedness_bullet,bullet,trace,0.25,"The agent's response provides a single character 'i' to complete the string 'For penguins'. However, the provided evidence shows that the tool 'final_answer' returned no result, and the input string contains a typo ('F.o.r.' instead of 'For'), which suggests the character 'i' is not the correct solution. The response fails to address the error in the input or the lack of a tool result, making the claim unsupported by the available evidence. [model=Qwen/Qwen3.5-2B]",2336.61,False,
Qwen/Qwen3.5-2B,e7d5dd0d36db95a40a4fbe258edd0aba,groundedness_line,line,trace,1.0,"The agent correctly identified the need to retrieve specific data from Box Office Mojo's 2020 domestic box office list, which was successfully accessed via the provided search and page visit tools. The final answer of 10 is derived directly from the available evidence found in the search results and page navigation logs, as the task explicitly states the existence of the correct answer and the availability of tools to find it. [model=Qwen/Qwen3.5-2B]",2336.61,False,
Qwen/Qwen3.5-2B,e7d5dd0d36db95a40a4fbe258edd0aba,groundedness_json,json,trace,0.0,"The agent's response provides a definitive numerical answer without any reasoning or evidence citation. The provided evidence consists only of search results and tool logs, which do not contain the specific data required to answer the question about the overlap between top 10 worldwide and top 10 domestic movies in 2020. Consequently, the response fails to ground its claim in the available evidence. [model=Qwen/Qwen3.5-2B]",2354.95,False,
Qwen/Qwen3.5-2B,e7d5dd0d36db95a40a4fbe258edd0aba,groundedness_bullet,bullet,trace,0.0,"The agent's response provides a definitive numerical answer (10) without any supporting evidence or verification steps. The provided evidence consists of search results and navigation logs that do not contain the specific data required to determine the overlap between the top 10 worldwide and top 10 domestic movies for the year 2020. Consequently, the answer is not grounded in the available evidence. [model=Qwen/Qwen3.5-2B]",2354.95,False,
Qwen/Qwen3.5-2B,ea313eef484bb042ddb079771359c8e6,groundedness_line,line,trace,0.5,"The agent correctly identified the specific script scene heading 'INT. THE CASTLE - DAY' as the required answer. However, the provided evidence only confirms the existence of this heading in the Blue Draft dated 24/08/15 and does not explicitly state the full name of the location (e.g., 'The Shifting Maw' or 'The Maze') nor does it provide the exact phrasing used in the final script. The evidence supports the format of the heading but fails to ground the specific name of the location. [model=Qwen/Qwen3.5-2B]",2354.95,False,
Qwen/Qwen3.5-2B,ea313eef484bb042ddb079771359c8e6,groundedness_json,json,trace,0.0,"The agent failed to provide the specific location name requested in the script, instead offering a generic scene heading. The provided evidence only confirms the existence of the 'ever-shifting maze' and the 'INT. THE CASTLE - DAY' heading, but does not explicitly state the name of the location. Consequently, the agent's response is unsupported and contradicts the specific requirement to name the location. [model=Qwen/Qwen3.5-2B]",2354.95,False,
Qwen/Qwen3.5-2B,ea313eef484bb042ddb079771359c8e6,groundedness_bullet,bullet,trace,0.25,"The agent correctly identified the specific scene heading 'INT. THE CASTLE - DAY' as the answer, which is a direct quote from the provided script evidence. However, the response failed to explicitly list the 'Facts to look up' or 'Facts to derive' as required by the task structure, and the evaluation criteria specifically demands these sections be present in the output format. [model=Qwen/Qwen3.5-2B]",2742.77,False,
Qwen/Qwen3.5-2B,eb42da715add1437eced9e494b0f62f7,groundedness_line,line,trace,0.0,"The agent failed to perform the required task of analyzing the provided file. The response contains no evidence, as the 'Evidence Available to the Agent' section lists only tool names ('inspect_file_as_text', 'final_answer') with no actual results or content from the file 'a3fbeb63-0e8c-4a11-bff6-0e3b484c3e9c.pptx'. Consequently, all factual claims in the response are unsupported by the available evidence. [model=Qwen/Qwen3.5-2B]",2742.77,False,
Qwen/Qwen3.5-2B,eb42da715add1437eced9e494b0f62f7,groundedness_json,json,trace,0.0,"The agent failed to ground its answer because it ignored the specific instruction to use the provided file and instead claimed it has access to all tools without verifying the file's existence or content. The evidence shows the file was not found, yet the agent provided a definitive number. [model=Qwen/Qwen3.5-2B]",2742.77,False,
Qwen/Qwen3.5-2B,eb42da715add1437eced9e494b0f62f7,groundedness_bullet,bullet,trace,0.0,"The agent failed to utilize the provided file, as the 'inspect_file_as_text' tool returned no results, meaning no evidence was available to verify the claim. The response asserts a specific number (2) without any citation or derivation from the missing file, making the claim unsupported and contradictory to the lack of data. [model=Qwen/Qwen3.5-2B]",2742.77,False,
Qwen/Qwen3.5-2B,ee9335fbe7329b273a8d922bd3f73b84,groundedness_line,line,trace,0.25,"The provided evidence contains a search result for the exact query but fails to identify the specific word quoted from two different authors in distaste for dragon depictions. The search results only mention 'Dragons Are Tricksy' as a title or theme, not the specific word requested. The provided file is incomplete and does not contain the full text of the article to verify the claim. Consequently, the agent cannot verify the existence of the specific word or the authors involved. [model=Qwen/Qwen3.5-2B]",2347.72,False,
Qwen/Qwen3.5-2B,ee9335fbe7329b273a8d922bd3f73b84,groundedness_json,json,trace,0.0,"The agent failed to ground its answer because it completely ignored the 'no result' status of the web search tool and the file inspection tool, which explicitly stated that the specific article and passage were not found. The agent hallucinated that it could find the answer, contradicting the available evidence. [model=Qwen/Qwen3.5-2B]",2347.72,False,
Qwen/Qwen3.5-2B,ee9335fbe7329b273a8d922bd3f73b84,groundedness_bullet,bullet,trace,0.25,"The agent correctly identified the specific article title and journal from the search results, but failed to derive the specific word from the provided evidence because the file inspection tool explicitly stated it did not contain the full text of the article. The search results only provided URLs and snippets, not the specific word requested. [model=Qwen/Qwen3.5-2B]",2347.72,False,
Qwen/Qwen3.5-2B,ee939c276d2bdab808593f5121c52faf,groundedness_line,line,trace,0.0,"The provided evidence consists of a single search result for the specific DOI and title, which does not contain the author's name or details about 'endopsychic myths' in Chapter 2. The search results are irrelevant to the query, and no other evidence was provided to verify the claim. [model=Qwen/Qwen3.5-2B]",2347.72,False,
Qwen/Qwen3.5-2B,ee939c276d2bdab808593f5121c52faf,groundedness_json,json,trace,0.0,"The agent failed to ground its answer because it relied on a hallucinated search result from an external tool rather than the provided evidence. The search string 'endopsychic myths' was not found on the page, and the tool did not provide the specific author name requested. Consequently, the claim that Kleinpaul influenced the neurologist is unsupported by the available evidence. [model=Qwen/Qwen3.5-2B]",2610.12,False,
Qwen/Qwen3.5-2B,ee939c276d2bdab808593f5121c52faf,groundedness_bullet,bullet,trace,0.25,"The agent's response provides a specific author name ('Kleinpaul') but fails to provide the specific DOI or book title associated with the claim, nor does it cite the source of the information regarding the neurologist or the specific chapter content. The provided evidence is a generic search result that does not confirm the existence of the book or the specific details requested. [model=Qwen/Qwen3.5-2B]",2610.12,False,
Qwen/Qwen3.5-2B,ef0207e4427fe22aeb1c2105932b74d7,groundedness_line,line,trace,1.0,"The agent correctly identified the specific factual claim (the writer's name) and the specific date in the task. The evidence provided via the 'web_search' and 'visit_page' tools confirms the existence of the page for June 27, 2022, and the search results explicitly list 'Jingoism' as the Word of the Day for that date. The 'find_on_page_ctrl_f' tool confirms the presence of quotation marks on the page, validating the nature of the claim. The agent successfully derived the answer from the available evidence. [model=Qwen/Qwen3.5-2B]",2610.12,False,
Qwen/Qwen3.5-2B,ef0207e4427fe22aeb1c2105932b74d7,groundedness_json,json,trace,0.0,"The agent failed to ground its answer because it did not actually search the provided evidence or verify the specific claim about the Merriam-Webster Word of the Day. The response asserts a fact without citing the search results or the specific page content that would confirm the attribution, violating the requirement to base the answer on available evidence. [model=Qwen/Qwen3.5-2B]",2610.12,False,
Qwen/Qwen3.5-2B,f04b425c107f7b972209528a46c407d9,groundedness_line,line,trace,0.0,"The agent's response provides a numerical answer (2) without any supporting evidence or reasoning. The available evidence consists of empty tool result logs, which contain no data to validate the calculation or the existence of the answer. Consequently, the response fails to ground its factual claim in any provided information. [model=Qwen/Qwen3.5-2B]",4047.14,False,
Qwen/Qwen3.5-2B,f04b425c107f7b972209528a46c407d9,groundedness_json,json,trace,0.0,"The agent's response provides a numerical answer but fails to address the core requirement of the task, which is to identify and list specific facts, sources, and derivations needed to solve the problem. The response does not contain any factual claims that can be verified against the provided evidence, as the evidence is empty and the task requires deriving facts from the file. Consequently, the response is entirely unsupported by the evidence. [model=Qwen/Qwen3.5-2B]",4047.14,False,
Qwen/Qwen3.5-2B,f04b425c107f7b972209528a46c407d9,groundedness_bullet,bullet,trace,0.0,"The agent claims to have access to a file named 'data/gaia/validation/389793a7-ca17-4e82-81cb-2b3a2391b4b9.txt' but the 'inspect_file_as_text' tool results show no result, meaning the evidence is unavailable. The agent provides a numerical answer without deriving it from the missing evidence, and the tool results explicitly state no result was found, contradicting the claim that the file contains the necessary data. [model=Qwen/Qwen3.5-2B]",4047.14,False,
Qwen/Qwen3.5-2B,ef0207e4427fe22aeb1c2105932b74d7,groundedness_bullet,bullet,trace,0.25,"The agent's response contains a hallucinated fact ('Annie Levin') that is not supported by the provided evidence. The evidence shows a search result for 'Merriam-Webster Word of the Day June 27 2022 quotation attribution' but does not explicitly name 'Annie Levin' in the snippet or title. The search results provided are generic search results, not the specific attribution found on the actual page, and the agent failed to verify the specific attribution on the page itself, leading to a false positive. [model=Qwen/Qwen3.5-2B]",34511.38,False,
Qwen/Qwen3.5-2B,f2de3b74884dc2312bb0fbf7c9867a9c,groundedness_line,line,trace,0.0,The agent failed to provide a correct answer despite the task explicitly stating that the correct answer exists and that the agent has access to all relevant tools. The response 'Unable to determine' is a direct contradiction to the task's premise and the available evidence (Tool Results: (no result)). [model=Qwen/Qwen3.5-2B],1987.02,False,
Qwen/Qwen3.5-2B,f2de3b74884dc2312bb0fbf7c9867a9c,groundedness_json,json,trace,0.0,"The agent failed to provide a factual answer despite the prompt explicitly stating that the correct answer exists and that the agent has access to all relevant tools. The response 'Unable to determine' directly contradicts the premise that the answer is known and accessible. Furthermore, the evidence section shows no tool results, yet the agent failed to utilize the stated capability to find the answer. [model=Qwen/Qwen3.5-2B]",1987.02,False,
Qwen/Qwen3.5-2B,f2de3b74884dc2312bb0fbf7c9867a9c,groundedness_bullet,bullet,trace,0.0,The agent failed to provide a correct answer despite the task explicitly stating that the correct answer exists and that the agent has access to all relevant tools. The response states 'Unable to determine' without attempting to use the specified tool or derive the answer from the provided evidence. This constitutes a failure to find the correct answer as required by the task constraints. [model=Qwen/Qwen3.5-2B],1987.02,False,
Qwen/Qwen3.5-2B,f39aec9b8a61fd2aaed5849cc00bc165,groundedness_line,line,trace,0.0,"The agent failed to provide the correct answer because the provided evidence ('Tool Results: (no result)') indicates that the necessary data or tool to verify the specific fact about the actor's role in 'Magda M.' is unavailable. Consequently, the response contains no grounded factual claims supported by the available evidence, resulting in a score of 0.0. [model=Qwen/Qwen3.5-2B]",1987.02,False,
Qwen/Qwen3.5-2B,f39aec9b8a61fd2aaed5849cc00bc165,groundedness_json,json,trace,0.0,"The agent's response provides a specific name ('Marek') without any citation or reference to the evidence provided in the task. Since the evidence available to the agent is empty ('no result'), the agent's claim is entirely unsupported and contradicts the lack of available data. [model=Qwen/Qwen3.5-2B]",1860.27,False,
Qwen/Qwen3.5-2B,f39aec9b8a61fd2aaed5849cc00bc165,groundedness_bullet,bullet,trace,0.0,"The agent's response provides a specific name ('Marek') without any supporting evidence or verification steps, as the provided evidence section shows no results from the 'final_answer' tool. This constitutes a complete lack of grounding in the available evidence. [model=Qwen/Qwen3.5-2B]",1860.27,False,
Qwen/Qwen3.5-2B,f510c80d120dc75e4259704184ee802d,groundedness_line,line,trace,0.0,"The agent failed to provide the correct answer because the provided evidence ('Tool Results: (no result)') explicitly states that no result was found, directly contradicting the claim that the correct answer exists. The agent also failed to derive the specific logical equivalence from the provided truth table values, as no numerical or symbolic data was available to perform the derivation. [model=Qwen/Qwen3.5-2B]",1860.27,False,
Qwen/Qwen3.5-2B,f510c80d120dc75e4259704184ee802d,groundedness_json,json,trace,0.0,"The agent's response contains a specific factual claim that it asserts is the correct answer to the logical problem. However, the provided evidence shows that the tool 'final_answer' returned no result, meaning the agent failed to find the correct answer or verify it. This constitutes a direct contradiction between the claim and the available evidence. [model=Qwen/Qwen3.5-2B]",1860.27,False,
Qwen/Qwen3.5-2B,f510c80d120dc75e4259704184ee802d,groundedness_bullet,bullet,trace,0.0,"The agent's response fails because it presents a specific logical equivalence as a definitive fact without providing any evidence or derivation steps to support it. The provided text contains a list of logical equivalences, but the agent does not demonstrate that the chosen statement is mathematically valid or that it matches the others in the list. It simply asserts the answer without grounding it in the provided information. [model=Qwen/Qwen3.5-2B]",2210.89,False,
Qwen/Qwen3.5-2B,f5a297c9b9bc74ca0b1060b1c4c99c0f,groundedness_line,line,trace,0.0,"The agent failed to provide a correct answer because the provided evidence consists of search results and documentation pages that do not explicitly state the year Apple's stock first exceeded $50. The search results only show the existence of the data and the methodology for calculating it, but do not contain the specific historical fact required to answer the query. [model=Qwen/Qwen3.5-2B]",2210.89,False,
Qwen/Qwen3.5-2B,f5a297c9b9bc74ca0b1060b1c4c99c0f,groundedness_json,json,trace,0.0,"The agent's response provides a specific year (1987) but fails to provide any evidence from the available search results or documentation to support this claim. The evidence available consists only of search titles and tool addresses, which do not contain the specific data point required to verify the answer. Consequently, the response is entirely unsupported and contradicts the lack of verifiable information in the provided evidence. [model=Qwen/Qwen3.5-2B]",2210.89,False,
Qwen/Qwen3.5-2B,f5a297c9b9bc74ca0b1060b1c4c99c0f,groundedness_bullet,bullet,trace,0.25,"The agent's response provides a specific year (1987) but fails to provide the specific date or month when Apple's stock first exceeded $50, nor does it cite the specific source or data point from Google Finance that confirms this threshold was met in that exact year. The evidence provided is generic search results and documentation pages that do not contain the precise historical data point required to verify the 'first year' claim. [model=Qwen/Qwen3.5-2B]",2210.89,False,
Qwen/Qwen3.5-2B,f75d18151ad96809e922a80ebe2a171e,groundedness_line,line,trace,0.0,"The provided evidence contains no information regarding the DeepFruits fruit detection graph, Connected Papers, or specific bubble sizes from 2016. The response claims to have access to all relevant tools but fails to provide any actual data or reasoning to support the answer 'citation count', which is not a factual claim about the graph's features. [model=Qwen/Qwen3.5-2B]",2404.6,False,
Qwen/Qwen3.5-2B,f75d18151ad96809e922a80ebe2a171e,groundedness_json,json,trace,0.0,"The agent failed completely because the task explicitly states that the answer exists and requires finding the correct answer, yet the agent provided a nonsensical placeholder ('citation count') without attempting to solve the problem or cite any evidence. This is a direct contradiction to the instruction that the answer must exist and that verification steps must be taken. [model=Qwen/Qwen3.5-2B]",2404.6,False,
Qwen/Qwen3.5-2B,f75d18151ad96809e922a80ebe2a171e,groundedness_bullet,bullet,trace,0.0,"The agent's response provides a specific answer ('citation count') without any supporting evidence or logical derivation from the task description. The provided evidence ('Tool Results: (no result)') explicitly states that the tool failed to find the answer, making the agent's claim of having the correct answer factually incorrect and unsupported by the available data. [model=Qwen/Qwen3.5-2B]",2404.6,False,
Qwen/Qwen3.5-2B,f84e4dfe98f92d8d39a1e00115cd77df,groundedness_line,line,trace,0.25,"The agent correctly identified the specific game (Untitled Goose Game) and the award (BAFTA 2019) as the core facts. However, the response failed to derive the specific revision count requested, instead providing a generic '0' without any logical reasoning or evidence from the provided search results to support this number. The evidence shows the page exists and has history, but does not explicitly state the total revision count before the release date. [model=Qwen/Qwen3.5-2B]",2404.6,False,
Qwen/Qwen3.5-2B,f84e4dfe98f92d8d39a1e00115cd77df,groundedness_json,json,trace,0.0,"The agent failed to provide the specific revision count requested because it hallucinated the answer as '0' without citing the actual revision history data found in the search results or the Wikipedia page history. The evidence shows the page has been modified since February 2025, but the agent did not extract the specific number of revisions prior to the release date. [model=Qwen/Qwen3.5-2B]",2734.54,False,
Qwen/Qwen3.5-2B,f84e4dfe98f92d8d39a1e00115cd77df,groundedness_bullet,bullet,trace,0.25,"The agent correctly identified the game as 'Untitled Goose Game' and the year as 2019. However, the specific claim regarding the number of revisions before the release date is unsupported by the provided evidence. The search results and Wikipedia history snippets do not explicitly state the exact revision count prior to the release month, nor do they provide a definitive number that can be derived from the available data. The evidence only confirms the game's existence and the year of the award, but not the specific revision count required for the question. [model=Qwen/Qwen3.5-2B]",2734.54,False,
Qwen/Qwen3.5-2B,fa31e4af04a2469c88d6e8845e8aac69,groundedness_line,line,trace,0.0,"The agent's response provides a definitive numerical answer without any supporting evidence or logical derivation steps. The provided evidence is empty, meaning no facts from the task can be verified or supported by any available data. Consequently, the entire response is unsupported and contradicts the lack of evidence. [model=Qwen/Qwen3.5-2B]",2734.54,False,
Qwen/Qwen3.5-2B,fa31e4af04a2469c88d6e8845e8aac69,groundedness_json,json,trace,0.0,"The agent's response provides a specific number (2) without any supporting evidence or reasoning, directly contradicting the instruction to provide a thorough reasoning and list facts to look up or derive. The claim that the answer is 2 is unsupported and contradicts the evidence that the tool returned no results. [model=Qwen/Qwen3.5-2B]",2734.54,False,
Qwen/Qwen3.5-2B,fa31e4af04a2469c88d6e8845e8aac69,groundedness_bullet,bullet,trace,0.0,"The agent's answer of 2 is unsupported because the provided evidence does not contain the necessary data to calculate the total number of bags. The task specifies that the average potato is half a pound and sold in 5-pound bags, but it does not state the total weight of the potatoes required for the reunion, nor does it specify the exact number of bags available or the specific weight of the bags. Without knowing the total weight of the potatoes needed, the calculation cannot be performed. [model=Qwen/Qwen3.5-2B]",2510.55,False,
Qwen/Qwen3.5-2B,fb3333ca30eb8af56d4f31839ca9e317,groundedness_line,line,trace,0.0,"The agent failed to provide the requested survey structure as instructed, instead providing a single final answer without the required sections for facts given, facts to look up, or facts to derive. Furthermore, the provided evidence ('Tool Results: (no result)') contains no data to support the claim that the absolute difference is 540, making the answer unsupported and the reasoning flawed. [model=Qwen/Qwen3.5-2B]",2510.55,False,
Qwen/Qwen3.5-2B,fb3333ca30eb8af56d4f31839ca9e317,groundedness_json,json,trace,0.0,"The agent failed to provide the correct answer because the evidence explicitly states that the tool 'final_answer' returned no result, yet the agent confidently asserted a specific numerical value. This constitutes a direct contradiction between the available evidence and the agent's claim. [model=Qwen/Qwen3.5-2B]",2510.55,False,
Qwen/Qwen3.5-2B,fb3333ca30eb8af56d4f31839ca9e317,groundedness_bullet,bullet,trace,0.0,"The agent's response provides a specific numerical answer (540) without any citation or evidence of where this value was obtained. The task explicitly requires the agent to identify facts to look up and derive, yet the response fails to list any sources, tools, or derived facts, making the answer entirely unsupported by the provided evidence. [model=Qwen/Qwen3.5-2B]",2510.55,False,
Qwen/Qwen3.5-2B,fcdcb46c7df316b571138b53bd3c822a,groundedness_line,line,trace,0.0,"The provided evidence contains no results for the 'final_answer' tool, and the task explicitly states that the agent has access to all relevant tools to find the correct answer. Since the tool result is empty and the agent claims to have access to tools that would yield the answer, the response is unsupported by the available evidence. [model=Qwen/Qwen3.5-2B]",3291.31,False,
Qwen/Qwen3.5-2B,fcdcb46c7df316b571138b53bd3c822a,groundedness_json,json,trace,0.0,"The agent's response provides a specific number (12) without any citation or reference to the actual data sources, tools, or search results mentioned in the evidence. This makes the claim completely unsupported and contradicted by the lack of evidence. [model=Qwen/Qwen3.5-2B]",3291.31,False,
Qwen/Qwen3.5-2B,fcdcb46c7df316b571138b53bd3c822a,groundedness_bullet,bullet,trace,0.0,"The agent's response provides a definitive number (12) without any citation or evidence of where this data was obtained. The 'Evidence Available to the Agent' section explicitly states '(no result)' for the tool 'final_answer', indicating the agent failed to retrieve the actual data from the specified tool. Consequently, the claim is entirely unsupported and contradicts the available evidence. [model=Qwen/Qwen3.5-2B]",3291.31,False,
