model,trace_id,evaluator,level,score,explanation,latency_ms,is_skipped,skip_reason
microsoft/Phi-4-mini-instruct,0035f455b3ff2295167a844f04d85d34,helpfulness,trace,1.0,"The response directly answers the user's query by providing the zip code where the fish species was found as a nonnative species, which is highly helpful and complete. [model=microsoft/Phi-4-mini-instruct]",20886.14,False,
microsoft/Phi-4-mini-instruct,0035f455b3ff2295167a844f04d85d34,accuracy,trace,0.75,"The response correctly identifies the species as clownfish (Amphiprion ocellaris) and provides the zip code 33149, which is a location in California where the species has been found. However, the response does not account for multiple locations, which the task specifies. The score reflects the correct identification but the incomplete response. [model=microsoft/Phi-4-mini-instruct]",4080.8,False,
microsoft/Phi-4-mini-instruct,0035f455b3ff2295167a844f04d85d34,groundedness,trace,0.0,"The agent provided a zip code (33149) as the final answer without any supporting evidence. The task required finding the five-digit zip codes of places where the fish species was found as a nonnative species before 2020, but no evidence was provided to support the claim. [model=microsoft/Phi-4-mini-instruct]",3592.14,False,
microsoft/Phi-4-mini-instruct,0035f455b3ff2295167a844f04d85d34,instruction_following,agent,1.0,"The agent correctly identified the instructions and the user's request, and it provided a response that fully complied with the given instructions. There were no violations or deviations from the instructions. [model=microsoft/Phi-4-mini-instruct]",2392.99,False,
microsoft/Phi-4-mini-instruct,0035f455b3ff2295167a844f04d85d34,instruction_following,agent,0.0,"The agent failed to follow the initial step of the task, which was to create a comprehensive preparatory survey of facts, but instead directly provided the final answer without showing the intermediate steps. The instructions required a plan before giving the final answer. [model=microsoft/Phi-4-mini-instruct]",78533.18,False,
microsoft/Phi-4-mini-instruct,0035f455b3ff2295167a844f04d85d34,reasoning_quality,agent,0.0,"The agent's execution steps are missing, making it impossible to evaluate the reasoning quality. Without steps, we cannot assess the logical progression, purposefulness, or the quality of the reasoning chain. [model=microsoft/Phi-4-mini-instruct]",2941.42,False,
microsoft/Phi-4-mini-instruct,0035f455b3ff2295167a844f04d85d34,reasoning_quality,agent,0.75,"The agent's reasoning is mostly logical and purposeful, with a clear plan to confirm the species identity, retrieve the USGS data, and derive the zip codes. However, the plan lacks a step to actually perform the search or data retrieval, which is crucial for completing the task. [model=microsoft/Phi-4-mini-instruct]",3794.51,False,
microsoft/Phi-4-mini-instruct,0140b3f657eddf76ca82f72c49ac8e58,helpfulness,trace,1.0,"The response directly answers the user's query by providing the surname of the equine veterinarian mentioned in the specified materials, which is highly helpful and complete. [model=microsoft/Phi-4-mini-instruct]",2172.13,False,
microsoft/Phi-4-mini-instruct,0140b3f657eddf76ca82f72c49ac8e58,accuracy,trace,0.0,"The response provided a specific surname, Louvrier, as the answer to the given task. However, without access to the actual materials, it is impossible to verify the accuracy of this answer. The scoring should reflect the inability to confirm the factual claim due to the lack of access to the referenced materials. [model=microsoft/Phi-4-mini-instruct]",3787.53,False,
microsoft/Phi-4-mini-instruct,0140b3f657eddf76ca82f72c49ac8e58,groundedness,trace,0.0,"The agent's response 'Louvrier' is unsupported by the provided evidence, as the search results did not yield any relevant information about the surname of the equine veterinarian mentioned in the task. [model=microsoft/Phi-4-mini-instruct]",2864.32,False,
microsoft/Phi-4-mini-instruct,0140b3f657eddf76ca82f72c49ac8e58,instruction_following,agent,1.0,"The agent correctly identified the instructions and the user's request, and it provided a response that fully complied with the given instructions. There were no violations or deviations from the instructions. [model=microsoft/Phi-4-mini-instruct]",2363.9,False,
microsoft/Phi-4-mini-instruct,0140b3f657eddf76ca82f72c49ac8e58,instruction_following,agent,0.5,"The agent's final answer tool was used correctly to provide the requested information, but the process of reaching the answer involved several errors and missteps, such as repeated use of the 'page_down' tool with incorrect arguments, which did not result in the desired outcome. Additionally, the 'find_on_page_ctrl_f' tool was not used effectively to locate the equine veterinarian's name, and the 'web_search' tool was not utilized to its full potential to find the relevant information. Despite these issues, the final answer was provided as requested. [model=microsoft/Phi-4-mini-instruct]",23757.38,False,
microsoft/Phi-4-mini-instruct,0140b3f657eddf76ca82f72c49ac8e58,instruction_following,agent,0.0,"The agent failed to follow the instructions properly, as it repeatedly attempted to use the 'page_down' tool with incorrect arguments, leading to errors. This indicates a lack of attention to the tool's usage guidelines. [model=microsoft/Phi-4-mini-instruct]",9956.92,False,
microsoft/Phi-4-mini-instruct,0140b3f657eddf76ca82f72c49ac8e58,reasoning_quality,agent,0.0,"The agent's execution steps are missing, making it impossible to evaluate the reasoning quality. Without steps, we cannot assess the logical progression, purposefulness, or the quality of the reasoning chain. [model=microsoft/Phi-4-mini-instruct]",2770.31,False,
microsoft/Phi-4-mini-instruct,0140b3f657eddf76ca82f72c49ac8e58,reasoning_quality,agent,0.25,"The agent's steps are mostly logical, aiming to find the equine veterinarian's surname from the LibreText materials. However, the repeated use of the 'page_down' tool with incorrect arguments and the lack of a clear plan after the initial search results in a lack of progress. The final answer is not provided, and the reasoning chain is incomplete. [model=microsoft/Phi-4-mini-instruct]",17265.37,False,
microsoft/Phi-4-mini-instruct,0140b3f657eddf76ca82f72c49ac8e58,reasoning_quality,agent,0.75,"The agent's steps are mostly logical, aiming to find the equine veterinarian's name in the LibreText materials. However, the repeated use of 'page_down' with incorrect arguments and the lack of a clear strategy after the initial search results in a less than optimal approach, leading to a score of 0.75. [model=microsoft/Phi-4-mini-instruct]",10723.99,False,
microsoft/Phi-4-mini-instruct,01c5727165fc43899b3b594b9bef5f19,helpfulness,trace,0.0,The response does not provide any useful information or steps to find the answer to the user's query. It simply states the final answer without addressing the user's need for a method to obtain it. [model=microsoft/Phi-4-mini-instruct],2742.08,False,
microsoft/Phi-4-mini-instruct,01c5727165fc43899b3b594b9bef5f19,accuracy,trace,0.75,"The response correctly identifies that the task requires looking up specific information from a conference and a website, but it does not provide the actual answer or the steps to find it. The score reflects the inability to verify the final answer due to the lack of provided information. [model=microsoft/Phi-4-mini-instruct]",3378.71,False,
microsoft/Phi-4-mini-instruct,01c5727165fc43899b3b594b9bef5f19,groundedness,trace,0.0,"The provided evidence does not contain any specific factual claims about the number of papers by Yuri with a 'certain' recommendation at the NeurIPS 2022 Conference. The evidence only shows that the search terms were not found on the pages visited, which does not support or contradict any specific claim about the number of papers. [model=microsoft/Phi-4-mini-instruct]",4033.81,False,
microsoft/Phi-4-mini-instruct,01c5727165fc43899b3b594b9bef5f19,instruction_following,agent,1.0,"The agent correctly identified the instructions and the user's request, and it provided a response that fully complied with the given instructions. There were no violations or deviations from the instructions. [model=microsoft/Phi-4-mini-instruct]",2361.35,False,
microsoft/Phi-4-mini-instruct,01c5727165fc43899b3b594b9bef5f19,instruction_following,agent,0.25,"The agent's response did not fully comply with the instructions as it provided a detailed plan and attempted to execute a series of steps, but the final answer was not provided in the expected format. The 'final_answer' tool was not used correctly, and the 'page_down' tool was called with an error due to incorrect arguments. [model=microsoft/Phi-4-mini-instruct]",20731.82,False,
microsoft/Phi-4-mini-instruct,01c5727165fc43899b3b594b9bef5f19,instruction_following,agent,0.0,"The agent failed to follow the instructions as it repeatedly attempted to use the 'page_down' tool with incorrect arguments, leading to errors. This indicates a lack of attention to the specific requirements for tool usage as per the instructions. [model=microsoft/Phi-4-mini-instruct]",11979.3,False,
microsoft/Phi-4-mini-instruct,01c5727165fc43899b3b594b9bef5f19,reasoning_quality,agent,0.0,"The agent's execution steps are missing, making it impossible to evaluate the reasoning quality. Without steps, we cannot assess the logical progression, purposefulness, or the quality of the reasoning chain. [model=microsoft/Phi-4-mini-instruct]",2734.94,False,
microsoft/Phi-4-mini-instruct,01c5727165fc43899b3b594b9bef5f19,reasoning_quality,agent,0.5,"The agent's steps are methodical, using the appropriate tools to search for the required information. However, the repeated use of 'page_down' with an empty argument and the lack of a clear strategy for finding the 'certain' recommendation indicate a lack of refinement in the approach, which could lead to missed information. [model=microsoft/Phi-4-mini-instruct]",17655.64,False,
microsoft/Phi-4-mini-instruct,01c5727165fc43899b3b594b9bef5f19,reasoning_quality,agent,0.5,"The agent's steps are mostly logical, focusing on finding the 'certain' review recommendation for papers with an author named Yuri. However, the agent repeatedly encounters errors with the 'page_down' tool, which may indicate a lack of understanding of the tool's correct usage or an oversight in the tool's requirements. [model=microsoft/Phi-4-mini-instruct]",12291.87,False,
microsoft/Phi-4-mini-instruct,0242ca2533fac5b8b604a9060b3e15d6,helpfulness,trace,1.0,"The agent's response directly answers the user's query by identifying the common model type used in the studies by Manash Pratim Kashyap and PS Fader, which is highly helpful and complete. [model=microsoft/Phi-4-mini-instruct]",2621.31,False,
microsoft/Phi-4-mini-instruct,0242ca2533fac5b8b604a9060b3e15d6,accuracy,trace,1.0,"The response 'negative binomial' is a specific answer to the given task, which is not verifiable as a factual statement. The score is 1.0 as the task does not require a factual claim but a specific answer. [model=microsoft/Phi-4-mini-instruct]",3144.26,False,
microsoft/Phi-4-mini-instruct,0242ca2533fac5b8b604a9060b3e15d6,groundedness,trace,0.0,"The agent's response 'negative binomial' is a specific factual claim that must be supported by evidence. Since no evidence is provided, the claim cannot be verified. [model=microsoft/Phi-4-mini-instruct]",2544.04,False,
microsoft/Phi-4-mini-instruct,0242ca2533fac5b8b604a9060b3e15d6,instruction_following,agent,1.0,"The agent correctly identified the instructions and the user's request, and it provided a response that fully complied with the given instructions. There were no violations or deviations from the instructions. [model=microsoft/Phi-4-mini-instruct]",2383.9,False,
microsoft/Phi-4-mini-instruct,0242ca2533fac5b8b604a9060b3e15d6,instruction_following,agent,0.0,"The agent failed to provide a final answer using the 'final_answer' tool, which is a requirement for completing the task. The agent instead used the 'tool 'final_answer'' tool incorrectly, which does not exist in the provided list of tools. [model=microsoft/Phi-4-mini-instruct]",3727.91,False,
microsoft/Phi-4-mini-instruct,0242ca2533fac5b8b604a9060b3e15d6,reasoning_quality,agent,0.0,"The agent's execution steps are missing, making it impossible to evaluate the reasoning quality. Without steps, we cannot assess the logical progression, purposefulness, or the quality of the reasoning chain. [model=microsoft/Phi-4-mini-instruct]",2740.03,False,
microsoft/Phi-4-mini-instruct,0242ca2533fac5b8b604a9060b3e15d6,reasoning_quality,agent,1.0,"The agent's reasoning is logical and purposeful, with each step contributing to the goal of identifying the common two-word model type used in customer retention studies by Manash Pratim Kashyap and PS Fader. The steps are well-motivated and show a clear understanding of how to approach the task using the available tools. [model=microsoft/Phi-4-mini-instruct]",4252.18,False,
microsoft/Phi-4-mini-instruct,041b7f9c8c76c2ca1a8e67c6769267c3,helpfulness,trace,1.0,"The response directly answers the user's query by providing the final answer, which is highly helpful and complete. [model=microsoft/Phi-4-mini-instruct]",2018.74,False,
microsoft/Phi-4-mini-instruct,041b7f9c8c76c2ca1a8e67c6769267c3,accuracy,trace,0.0,"The response provided a final answer without any supporting calculations or reasoning, which is not in line with the task's requirements. The score is 0.0 because the response does not contain any factual information to evaluate. [model=microsoft/Phi-4-mini-instruct]",3063.57,False,
microsoft/Phi-4-mini-instruct,041b7f9c8c76c2ca1a8e67c6769267c3,groundedness,trace,0.0,"The agent's response is unsupported as it provides a final answer without evidence to back it up. The task requires deriving the number of papers with incorrect p-values, which cannot be done without looking up the total number of Nature articles published in 2020 and the proportion of those that would have p-values of 0.04 or higher. [model=microsoft/Phi-4-mini-instruct]",4105.39,False,
microsoft/Phi-4-mini-instruct,041b7f9c8c76c2ca1a8e67c6769267c3,instruction_following,agent,1.0,"The agent correctly identified the instructions and the user's request, and it provided a response that fully complied with the given instructions. There were no violations or deviations from the instructions. [model=microsoft/Phi-4-mini-instruct]",2360.8,False,
microsoft/Phi-4-mini-instruct,041b7f9c8c76c2ca1a8e67c6769267c3,instruction_following,agent,0.5,"The agent failed to follow the instructions properly by attempting to overwrite the 'final_answer' tool with a variable, which is not allowed. The correct approach was to call the 'final_answer' tool directly with the computed value. [model=microsoft/Phi-4-mini-instruct]",3682.95,False,
microsoft/Phi-4-mini-instruct,041b7f9c8c76c2ca1a8e67c6769267c3,reasoning_quality,agent,0.0,"The agent's execution steps are missing, making it impossible to evaluate the reasoning quality. Without steps, we cannot assess the logical progression, purposefulness, or the quality of the reasoning chain. [model=microsoft/Phi-4-mini-instruct]",2737.9,False,
microsoft/Phi-4-mini-instruct,041b7f9c8c76c2ca1a8e67c6769267c3,reasoning_quality,agent,0.9,"The agent's reasoning is mostly logical and purposeful, with a clear understanding of the task and appropriate use of tools. However, the final step in the plan was not executed, which is a minor oversight. The agent's plan to calculate the number of incorrect papers based on the p-value and total articles is sound, but the execution of the final step was not completed, which is necessary to provide the final answer. [model=microsoft/Phi-4-mini-instruct]",5052.48,False,
microsoft/Phi-4-mini-instruct,08be1639c58e086cf0bb8c269039973d,helpfulness,trace,1.0,"The response directly provides the EC numbers, which are the specific pieces of information the user asked for, making it highly helpful. [model=microsoft/Phi-4-mini-instruct]",2180.86,False,
microsoft/Phi-4-mini-instruct,08be1639c58e086cf0bb8c269039973d,accuracy,trace,0.0,"The response provided EC numbers without verification, which is not possible to confirm as accurate or incorrect. The score reflects the inability to verify the factual accuracy of the given EC numbers. [model=microsoft/Phi-4-mini-instruct]",2624.94,False,
microsoft/Phi-4-mini-instruct,08be1639c58e086cf0bb8c269039973d,groundedness,trace,0.0,The agent's response contains a final answer without any supporting evidence. The evidence provided does not support the factual claims made in the response. [model=microsoft/Phi-4-mini-instruct],2313.57,False,
microsoft/Phi-4-mini-instruct,08be1639c58e086cf0bb8c269039973d,instruction_following,agent,1.0,"The agent correctly identified the instructions and the user's request, and it provided a response that fully complied with the given instructions. There were no violations or deviations from the instructions. [model=microsoft/Phi-4-mini-instruct]",2462.15,False,
microsoft/Phi-4-mini-instruct,08be1639c58e086cf0bb8c269039973d,instruction_following,agent,0.0,"The agent failed to provide a final answer, only offering a 'Thought' and 'UserInputStep' without completing the task. The instructions were partially followed, but the task was not completed as required. [model=microsoft/Phi-4-mini-instruct]",3557.84,False,
microsoft/Phi-4-mini-instruct,08be1639c58e086cf0bb8c269039973d,reasoning_quality,agent,0.0,"The agent's execution steps are missing, making it impossible to evaluate the reasoning quality. Without steps, we cannot assess the logical progression, purposefulness, or the quality of the reasoning chain. [model=microsoft/Phi-4-mini-instruct]",2750.58,False,
microsoft/Phi-4-mini-instruct,08be1639c58e086cf0bb8c269039973d,reasoning_quality,agent,0.0,"The agent's reasoning is inadequate as it fails to execute any steps towards solving the task, instead opting to call a tool that does not provide a result. The steps are random and show no understanding of how to approach the goal. [model=microsoft/Phi-4-mini-instruct]",3467.05,False,
microsoft/Phi-4-mini-instruct,0adc4f3b99d9564d32811e913cc9d248,helpfulness,trace,1.0,"The response directly answers the user's query, providing the final answer to the problem and assessing the steps taken to reach the solution. It is highly helpful and fully addresses the user's need. [model=microsoft/Phi-4-mini-instruct]",2649.23,False,
microsoft/Phi-4-mini-instruct,0adc4f3b99d9564d32811e913cc9d248,accuracy,trace,1.0,"The response correctly identifies that all 100 residents of Șirnea are vampires, based on the logical deduction from the villagers' consistent response. The villagers' statement 'At least one of us is a human' is a lie, indicating all are vampires. The final score is 1.0 as the factual claim is accurate and reliably stated. [model=microsoft/Phi-4-mini-instruct]",4111.0,False,
microsoft/Phi-4-mini-instruct,0adc4f3b99d9564d32811e913cc9d248,groundedness,trace,0.0,"The agent's response is based on logical deduction from the given problem, not on direct evidence. The conclusion that all 100 residents are vampires is a logical deduction from the premise that everyone in the village lies and all responses are the same, which is a contradiction to the premise that at least one human tells the truth. Therefore, the score is 0.0. [model=microsoft/Phi-4-mini-instruct]",4341.61,False,
microsoft/Phi-4-mini-instruct,0adc4f3b99d9564d32811e913cc9d248,instruction_following,agent,1.0,"The agent correctly identified the instructions and the user's request, and it provided a response that fully complied with the given instructions. There were no violations or deviations from the instructions. [model=microsoft/Phi-4-mini-instruct]",2346.46,False,
microsoft/Phi-4-mini-instruct,0adc4f3b99d9564d32811e913cc9d248,instruction_following,agent,0.0,"The agent failed to follow the initial instructions for the new task, as it did not re-read the task and extract key premises before attempting to solve it. The response was not provided, and the final_answer tool was not used correctly as it requires an 'answer' input which was not given. [model=microsoft/Phi-4-mini-instruct]",4410.26,False,
microsoft/Phi-4-mini-instruct,0adc4f3b99d9564d32811e913cc9d248,reasoning_quality,agent,0.0,"The agent's execution steps are missing, making it impossible to evaluate the reasoning quality. Without steps, we cannot assess the logical progression, purposefulness, or the quality of the reasoning chain. [model=microsoft/Phi-4-mini-instruct]",2719.14,False,
microsoft/Phi-4-mini-instruct,0adc4f3b99d9564d32811e913cc9d248,reasoning_quality,agent,0.0,"The agent's response was invalid JSON, which prevented proper evaluation of the reasoning process. [model=microsoft/Phi-4-mini-instruct]",9413.06,False,
microsoft/Phi-4-mini-instruct,0ebe673d64647ec44c370638b82d3c78,helpfulness,trace,0.0,The response 'right' does not address the user's need for a preparatory survey or provide any useful content. It fails to acknowledge the task and does not help the user in any way. [model=microsoft/Phi-4-mini-instruct],2720.72,False,
microsoft/Phi-4-mini-instruct,0ebe673d64647ec44c370638b82d3c78,accuracy,trace,0.0,The response 'right' is not a factual statement and cannot be evaluated for accuracy. It does not provide any information to assess. [model=microsoft/Phi-4-mini-instruct],2178.66,False,
microsoft/Phi-4-mini-instruct,0ebe673d64647ec44c370638b82d3c78,groundedness,trace,1.0,"The provided task is a simple anagram puzzle, and the solution 'right' is the correct answer. The evidence available does not support or contradict this claim, as it is a known fact that 'right' is the solution to the anagram. [model=microsoft/Phi-4-mini-instruct]",3245.04,False,
microsoft/Phi-4-mini-instruct,0ebe673d64647ec44c370638b82d3c78,instruction_following,agent,1.0,"The agent correctly identified the instructions and the user's request, and it provided a response that fully complied with the given instructions. There were no violations or deviations from the instructions. [model=microsoft/Phi-4-mini-instruct]",2338.03,False,
microsoft/Phi-4-mini-instruct,0ebe673d64647ec44c370638b82d3c78,instruction_following,agent,0.0,"The agent failed to follow the initial instructions as it did not provide a plan for the given task, instead directly answered the user's request for a plan without executing the plan. [model=microsoft/Phi-4-mini-instruct]",3036.03,False,
microsoft/Phi-4-mini-instruct,0ebe673d64647ec44c370638b82d3c78,reasoning_quality,agent,0.0,"The agent's execution steps are missing, making it impossible to evaluate the reasoning quality. Without steps, we cannot assess the logical progression, purposefulness, or the quality of the reasoning chain. [model=microsoft/Phi-4-mini-instruct]",2707.15,False,
microsoft/Phi-4-mini-instruct,0ebe673d64647ec44c370638b82d3c78,reasoning_quality,agent,0.95,"The agent's reasoning is mostly logical and well-motivated, with a clear understanding of the task and appropriate use of tools. The steps taken are purposeful and contribute to achieving the goal, with only minor questionable choices. [model=microsoft/Phi-4-mini-instruct]",3183.17,False,
microsoft/Phi-4-mini-instruct,1427b326e21963a1228647ad8dff2bf4,helpfulness,trace,1.0,"The response directly answers the user's question with the final answer, which is highly helpful and actionable. [model=microsoft/Phi-4-mini-instruct]",1888.68,False,
microsoft/Phi-4-mini-instruct,1427b326e21963a1228647ad8dff2bf4,accuracy,trace,0.0,"The response provided a final answer without any supporting evidence or verification steps, which is not in line with the task's requirements. The score is therefore 0.0 due to the lack of factual accuracy and verification. [model=microsoft/Phi-4-mini-instruct]",2942.22,False,
microsoft/Phi-4-mini-instruct,1427b326e21963a1228647ad8dff2bf4,groundedness,trace,0.0,The agent's response 'FINAL ANSWER: 3' is unsupported as there is no evidence provided to verify the count of the letter 'E' in the phrase shown in the first episode of the Sonic the Hedgehog Let's Play. [model=microsoft/Phi-4-mini-instruct],3137.44,False,
microsoft/Phi-4-mini-instruct,1427b326e21963a1228647ad8dff2bf4,instruction_following,agent,1.0,"The agent correctly identified the instructions and the user's request, and it provided a response that fully complied with the given instructions. There were no violations or deviations from the instructions. [model=microsoft/Phi-4-mini-instruct]",2402.68,False,
microsoft/Phi-4-mini-instruct,1427b326e21963a1228647ad8dff2bf4,instruction_following,agent,0.0,"The agent failed to follow the instructions as it did not execute any code or provide a plan to solve the given task. Instead, it directly provided the answer '3' without any context or explanation. [model=microsoft/Phi-4-mini-instruct]",3392.08,False,
microsoft/Phi-4-mini-instruct,1427b326e21963a1228647ad8dff2bf4,reasoning_quality,agent,0.0,"The agent's execution steps are missing, making it impossible to evaluate the reasoning quality. Without steps, we cannot assess the logical progression, purposefulness, or the quality of the reasoning chain. [model=microsoft/Phi-4-mini-instruct]",2750.13,False,
microsoft/Phi-4-mini-instruct,1427b326e21963a1228647ad8dff2bf4,reasoning_quality,agent,0.0,"The agent's reasoning is inadequate as it fails to utilize the provided tools to obtain the necessary information to solve the task. The steps taken do not contribute to achieving the goal, and the approach is incoherent. [model=microsoft/Phi-4-mini-instruct]",2926.55,False,
microsoft/Phi-4-mini-instruct,14be0e98b825d2da5665e2e10f6cc927,helpfulness,trace,1.0,"The response directly answers the user's query by providing the specific NASA award number, which is highly helpful and actionable. [model=microsoft/Phi-4-mini-instruct]",2026.76,False,
microsoft/Phi-4-mini-instruct,14be0e98b825d2da5665e2e10f6cc927,accuracy,trace,0.0,"The response provided a specific NASA award number, which is a factual claim. However, without access to the original article or the paper mentioned, it is impossible to verify the accuracy of the award number. Therefore, the score reflects the inability to confirm the factual claim. [model=microsoft/Phi-4-mini-instruct]",3387.58,False,
microsoft/Phi-4-mini-instruct,14be0e98b825d2da5665e2e10f6cc927,groundedness,trace,0.0,"The provided evidence does not contain the specific paper or the NASA award number for R. G. Arendt's work, so the claim is unsupported. [model=microsoft/Phi-4-mini-instruct]",2414.79,False,
microsoft/Phi-4-mini-instruct,14be0e98b825d2da5665e2e10f6cc927,instruction_following,agent,1.0,"The agent correctly identified the instructions and the user's request, and it provided a response that fully complied with the given instructions. There were no violations or deviations from the instructions. [model=microsoft/Phi-4-mini-instruct]",2360.99,False,
microsoft/Phi-4-mini-instruct,14be0e98b825d2da5665e2e10f6cc927,instruction_following,agent,1.0,"The agent's final_answer tool was used to provide the correct NASA award number from the paper, which was the task's final step. However, the agent also included an unnecessary call to the 'web_search' tool, which was not part of the original task. This additional step does not affect the final answer but indicates a slight deviation from the task's requirements. [model=microsoft/Phi-4-mini-instruct]",25114.15,False,
microsoft/Phi-4-mini-instruct,14be0e98b825d2da5665e2e10f6cc927,instruction_following,agent,0.0,"The agent failed to follow the instructions to use the 'page_down' tool correctly, repeatedly encountering TypeErrors due to incorrect arguments. Additionally, the agent did not provide the requested 'final_answer' tool call with the correct parameters, which is a critical part of the task. [model=microsoft/Phi-4-mini-instruct]",15574.9,False,
microsoft/Phi-4-mini-instruct,14be0e98b825d2da5665e2e10f6cc927,reasoning_quality,agent,0.0,"The agent's execution steps are missing, making it impossible to evaluate the reasoning quality. Without steps, we cannot assess the logical progression, purposefulness, or the quality of the reasoning chain. [model=microsoft/Phi-4-mini-instruct]",2810.55,False,
microsoft/Phi-4-mini-instruct,14be0e98b825d2da5665e2e10f6cc927,reasoning_quality,agent,0.875,"The agent's reasoning is mostly logical, with a clear understanding of the task and appropriate use of tools to achieve the goal. However, there are some repeated attempts to use the 'page_down' tool with incorrect arguments, which may indicate a lack of attention to the specific requirements of the task. [model=microsoft/Phi-4-mini-instruct]",20783.68,False,
microsoft/Phi-4-mini-instruct,14be0e98b825d2da5665e2e10f6cc927,reasoning_quality,agent,0.9,"The agent's reasoning is mostly logical, with a clear understanding of the task and appropriate use of tools to achieve the goal. However, there are some unnecessary steps and repeated errors that slightly hinder the efficiency of the process. [model=microsoft/Phi-4-mini-instruct]",12857.16,False,
microsoft/Phi-4-mini-instruct,18efa24e637b9423f34180d1f2041d3e,helpfulness,trace,1.0,"The response directly answers the user's query with a specific number, which is the final answer they requested. It does not provide any additional information or context, but it fully addresses the user's need. [model=microsoft/Phi-4-mini-instruct]",2804.18,False,
microsoft/Phi-4-mini-instruct,18efa24e637b9423f34180d1f2041d3e,accuracy,trace,0.0,"The response provided a specific number of images in the latest 2022 Lego English Wikipedia article, which is a factual claim. However, without verifying the actual content of the Wikipedia page, we cannot confirm the accuracy of the number 28. [model=microsoft/Phi-4-mini-instruct]",3250.91,False,
microsoft/Phi-4-mini-instruct,18efa24e637b9423f34180d1f2041d3e,groundedness,trace,0.0,"The agent's response 'FINAL ANSWER: 28' is unsupported as there is no evidence provided to back this specific number. The evidence available only shows that the tool 'final_answer' returned no result, which does not support or contradict the claim. [model=microsoft/Phi-4-mini-instruct]",3375.63,False,
microsoft/Phi-4-mini-instruct,18efa24e637b9423f34180d1f2041d3e,instruction_following,agent,1.0,"The agent correctly identified the instructions and the user's request, and it provided a response that fully complied with the given instructions. There were no violations or deviations from the instructions. [model=microsoft/Phi-4-mini-instruct]",2416.47,False,
microsoft/Phi-4-mini-instruct,18efa24e637b9423f34180d1f2041d3e,instruction_following,agent,0.75,"The agent initially provided a response that did not comply with the system prompt constraints, as it executed a code block that was not part of the user's request. However, the final answer given by the 'final_answer' tool was correct, indicating that the agent eventually provided the correct answer despite the initial non-compliance. [model=microsoft/Phi-4-mini-instruct]",4419.02,False,
microsoft/Phi-4-mini-instruct,18efa24e637b9423f34180d1f2041d3e,reasoning_quality,agent,0.0,"The agent's execution steps are missing, making it impossible to evaluate the reasoning quality. Without steps, we cannot assess the logical progression, purposefulness, or the quality of the reasoning chain. [model=microsoft/Phi-4-mini-instruct]",2804.78,False,
microsoft/Phi-4-mini-instruct,18efa24e637b9423f34180d1f2041d3e,reasoning_quality,agent,0.75,"The agent's reasoning is mostly logical and well-motivated, with a clear plan to identify the latest 2022 Lego article and count the images. The only issue is the error in the final_answer import, which was not a part of the original plan and thus not addressed in the steps. [model=microsoft/Phi-4-mini-instruct]",4028.81,False,
microsoft/Phi-4-mini-instruct,1dd91d388cb4889e6c1f5ea5ca06bce6,helpfulness,trace,0.0,"The response does not address the user's need, providing no useful content or steps to solve the given task. [model=microsoft/Phi-4-mini-instruct]",2696.88,False,
microsoft/Phi-4-mini-instruct,1dd91d388cb4889e6c1f5ea5ca06bce6,accuracy,trace,0.0,"The response provided is not related to the given task and does not address the user's query. The task requires identifying the Spanish word related to the Latin root of 'gimlie' and finding its English translation in the Collins Spanish-to-English dictionary. The provided answer, 'the country,' is incorrect and misleading. [model=microsoft/Phi-4-mini-instruct]",4655.26,False,
microsoft/Phi-4-mini-instruct,1dd91d388cb4889e6c1f5ea5ca06bce6,groundedness,trace,0.0,"The task requires finding the Google translation of a Spanish word from the Collins dictionary, but the agent's tool results do not provide the necessary information. Therefore, the claim is unsupported. [model=microsoft/Phi-4-mini-instruct]",3683.95,False,
microsoft/Phi-4-mini-instruct,1dd91d388cb4889e6c1f5ea5ca06bce6,instruction_following,agent,1.0,"The agent correctly identified the instructions and the user's request, and it provided a response that fully complied with the given instructions. There were no violations or deviations from the instructions. [model=microsoft/Phi-4-mini-instruct]",2398.07,False,
microsoft/Phi-4-mini-instruct,1dd91d388cb4889e6c1f5ea5ca06bce6,instruction_following,agent,0.0,"The agent failed to provide a final answer, only offering a series of steps and observations without concluding with the requested information. The instructions required a final answer, which was not given. [model=microsoft/Phi-4-mini-instruct]",3181.37,False,
microsoft/Phi-4-mini-instruct,1dd91d388cb4889e6c1f5ea5ca06bce6,reasoning_quality,agent,0.0,"The agent's execution steps are missing, making it impossible to evaluate the reasoning quality. Without steps, we cannot assess the logical progression, purposefulness, or the quality of the reasoning chain. [model=microsoft/Phi-4-mini-instruct]",2737.93,False,
microsoft/Phi-4-mini-instruct,1dd91d388cb4889e6c1f5ea5ca06bce6,reasoning_quality,agent,1.0,"The agent's reasoning is logical and purposeful, with each step clearly contributing to the goal. The steps taken to gather information are well-motivated and show an understanding of the task at hand. [model=microsoft/Phi-4-mini-instruct]",3129.82,False,
microsoft/Phi-4-mini-instruct,21f0c6c8d76ac61f4388f36ddffe1c38,helpfulness,trace,0.0,"The response does not address the user's need, providing no useful content or actionable steps to solve the given task. [model=microsoft/Phi-4-mini-instruct]",2077.18,False,
microsoft/Phi-4-mini-instruct,21f0c6c8d76ac61f4388f36ddffe1c38,accuracy,trace,0.0,"The response provided is not a factual answer to the given task and instead offers a general statement about interface usability. The task requires specific information about a paper authored by a particular individual, which the response does not address. Therefore, the score is 0.0 due to significant factual errors that mislead the user. [model=microsoft/Phi-4-mini-instruct]",3832.1,False,
microsoft/Phi-4-mini-instruct,21f0c6c8d76ac61f4388f36ddffe1c38,groundedness,trace,0.0,"The agent's response is not grounded in the available evidence as it does not provide a factual answer to the query. The evidence provided only shows that the paper 'Pie Menus or Linear Menus, Which Is Better?' was published in 2015 by Pietro Murano, but it does not contain any information about the authors of the paper or their prior works. [model=microsoft/Phi-4-mini-instruct]",5488.52,False,
microsoft/Phi-4-mini-instruct,21f0c6c8d76ac61f4388f36ddffe1c38,instruction_following,agent,1.0,"The agent correctly identified the instructions and the user's request, and it provided a response that fully complied with the given instructions. There were no violations or deviations from the instructions. [model=microsoft/Phi-4-mini-instruct]",2498.63,False,
microsoft/Phi-4-mini-instruct,21f0c6c8d76ac61f4388f36ddffe1c38,instruction_following,agent,0.25,"The agent's response did not fully comply with the instructions as it did not follow the specified format for the 'final_answer' tool, which requires a structured output with specific sections. The provided output was a string of text instead of a structured JSON object. [model=microsoft/Phi-4-mini-instruct]",11855.91,False,
microsoft/Phi-4-mini-instruct,21f0c6c8d76ac61f4388f36ddffe1c38,instruction_following,agent,0.25,"The agent's responses to the user's instructions were mostly compliant, but the final answer was not provided in the expected JSON format, and the 'web_search' tool was used incorrectly, leading to an error page instead of the desired metadata. [model=microsoft/Phi-4-mini-instruct]",6729.27,False,
microsoft/Phi-4-mini-instruct,21f0c6c8d76ac61f4388f36ddffe1c38,reasoning_quality,agent,0.0,"The agent's execution steps are missing, making it impossible to evaluate the reasoning quality. Without steps, we cannot assess the logical progression, purposefulness, or the quality of the reasoning chain. [model=microsoft/Phi-4-mini-instruct]",2782.39,False,
microsoft/Phi-4-mini-instruct,21f0c6c8d76ac61f4388f36ddffe1c38,reasoning_quality,agent,0.75,"The agent's reasoning is mostly logical, with a clear understanding of the task and appropriate use of tools to gather information. However, the agent encountered an Error 403, which may have affected the completeness of the final answer. [model=microsoft/Phi-4-mini-instruct]",9658.93,False,
microsoft/Phi-4-mini-instruct,21f0c6c8d76ac61f4388f36ddffe1c38,reasoning_quality,agent,1.0,"The agent's steps are logical and follow a clear path to achieve the goal, using the appropriate tool to search for the paper's metadata and author information on DBLP and ResearchGate. [model=microsoft/Phi-4-mini-instruct]",5014.74,False,
microsoft/Phi-4-mini-instruct,2209204b631e26f4cee4dc3dd995608c,helpfulness,trace,1.0,The response directly answers the user's query by identifying Wen Jiabao as the Chinese head of government whose name matches the contributor to the OpenCV project. This is highly helpful as it provides the exact answer the user was seeking. [model=microsoft/Phi-4-mini-instruct],3110.34,False,
microsoft/Phi-4-mini-instruct,2209204b631e26f4cee4dc3dd995608c,accuracy,trace,1.0,"The response 'Wen Jiabao' is correct, as Wen Jiabao is the Chinese Premier who shares his name with the Latin transliteration of his name, and he is a known contributor to the version of OpenCV that added support for the Mask-RCNN model. [model=microsoft/Phi-4-mini-instruct]",3618.0,False,
microsoft/Phi-4-mini-instruct,2209204b631e26f4cee4dc3dd995608c,groundedness,trace,0.0,"The agent provided a final answer without any supporting evidence, so the score is 0.0. [model=microsoft/Phi-4-mini-instruct]",1988.41,False,
microsoft/Phi-4-mini-instruct,2209204b631e26f4cee4dc3dd995608c,instruction_following,agent,1.0,"The agent correctly identified the instructions and the user's request, and it provided a response that fully complied with the given instructions. There were no violations or deviations from the instructions. [model=microsoft/Phi-4-mini-instruct]",2420.27,False,
microsoft/Phi-4-mini-instruct,2209204b631e26f4cee4dc3dd995608c,instruction_following,agent,0.0,"The agent failed to provide a final answer, only outputting the task description and calling the tool without executing the plan. The instructions were not fully followed as the agent did not complete the task. [model=microsoft/Phi-4-mini-instruct]",3470.06,False,
microsoft/Phi-4-mini-instruct,2209204b631e26f4cee4dc3dd995608c,reasoning_quality,agent,0.0,"The agent's execution steps are missing, making it impossible to evaluate the reasoning quality. Without steps, we cannot assess the logical progression, purposefulness, or the quality of the reasoning chain. [model=microsoft/Phi-4-mini-instruct]",3232.72,False,
microsoft/Phi-4-mini-instruct,2209204b631e26f4cee4dc3dd995608c,reasoning_quality,agent,0.75,"The agent's plan to identify the OpenCV version with Mask-RCNN support and then find a contributor with a name matching 'Wen Jiabao' is logical and purposeful. However, the plan lacks a clear method for verifying the names' transliteration and does not account for the possibility of multiple contributors or names with similar transliterations. [model=microsoft/Phi-4-mini-instruct]",4420.57,False,
microsoft/Phi-4-mini-instruct,25c8275651013fe8398ef0f735eb0912,helpfulness,trace,1.0,"The response directly answers the user's query by providing the names of the westernmost and easternmost universities, fulfilling the user's request. The user would not need further assistance, making the response highly helpful. [model=microsoft/Phi-4-mini-instruct]",2859.56,False,
microsoft/Phi-4-mini-instruct,25c8275651013fe8398ef0f735eb0912,accuracy,trace,0.5,"The response contains a factual error regarding the locations of the universities. Santa Fe is in the western part of the United States, but Cambridge is in the eastern part, making the order incorrect. The cities are listed in the wrong order. [model=microsoft/Phi-4-mini-instruct]",3253.08,False,
microsoft/Phi-4-mini-instruct,25c8275651013fe8398ef0f735eb0912,groundedness,trace,0.0,"The agent's response 'Santa Fe, Cambridge' is unsupported as there is no evidence provided to verify the claim about the westernmost and easternmost universities held by former U.S. Secretaries of Homeland Security. The score is 0.0. [model=microsoft/Phi-4-mini-instruct]",3350.46,False,
microsoft/Phi-4-mini-instruct,25c8275651013fe8398ef0f735eb0912,instruction_following,agent,1.0,"The agent correctly identified the instructions and the user's request, and it provided a response that fully complied with the given instructions. There were no violations or deviations from the instructions. [model=microsoft/Phi-4-mini-instruct]",2407.29,False,
microsoft/Phi-4-mini-instruct,25c8275651013fe8398ef0f735eb0912,instruction_following,agent,0.0,"The agent failed to follow the initial instructions, as it provided a 'final_answer' tool call without a given result, which is not a valid response to the user's task. The user requested a plan, not the execution of the plan. [model=microsoft/Phi-4-mini-instruct]",3627.47,False,
microsoft/Phi-4-mini-instruct,25c8275651013fe8398ef0f735eb0912,reasoning_quality,agent,0.0,"The agent's execution steps are missing, making it impossible to evaluate the reasoning quality. Without steps, we cannot assess the logical progression, purposefulness, or the quality of the reasoning chain. [model=microsoft/Phi-4-mini-instruct]",2770.77,False,
microsoft/Phi-4-mini-instruct,25c8275651013fe8398ef0f735eb0912,reasoning_quality,agent,0.0,The agent's reasoning is flawed as it jumps to a conclusion without following the necessary steps to gather the required information. The agent incorrectly assumes the answer without performing the required research or data gathering. [model=microsoft/Phi-4-mini-instruct],3084.72,False,
microsoft/Phi-4-mini-instruct,2713fa0aa73f0c5a8b480f026c21a547,helpfulness,trace,1.0,"The agent's response directly answers the user's query with a specific number, which is the final answer. This is highly helpful as it provides the exact information the user asked for without further action required. [model=microsoft/Phi-4-mini-instruct]",2833.97,False,
microsoft/Phi-4-mini-instruct,2713fa0aa73f0c5a8b480f026c21a547,accuracy,trace,0.0,"The response provided a final answer without showing the verification steps, which is not in line with the task requirements. However, the score cannot be evaluated without the verification steps. [model=microsoft/Phi-4-mini-instruct]",2559.57,False,
microsoft/Phi-4-mini-instruct,2713fa0aa73f0c5a8b480f026c21a547,groundedness,trace,0.0,"The agent's response 'FINAL ANSWER: 12' is unsupported as there is no evidence provided to back this specific number. The task requires verification steps to find the correct answer, but the agent did not perform these steps. [model=microsoft/Phi-4-mini-instruct]",3162.44,False,
microsoft/Phi-4-mini-instruct,2713fa0aa73f0c5a8b480f026c21a547,instruction_following,agent,1.0,"The agent correctly identified the instructions and the user's request, and it provided a response that fully complied with the given instructions. There were no violations or deviations from the instructions. [model=microsoft/Phi-4-mini-instruct]",2411.46,False,
microsoft/Phi-4-mini-instruct,2713fa0aa73f0c5a8b480f026c21a547,instruction_following,agent,0.0,"The agent failed to follow the initial instructions for the new task, which required a plan to solve the given question using the provided tools. Instead, the agent provided a direct answer without showing the plan or using the tools as intended. [model=microsoft/Phi-4-mini-instruct]",3739.6,False,
microsoft/Phi-4-mini-instruct,2713fa0aa73f0c5a8b480f026c21a547,reasoning_quality,agent,0.0,"The agent's execution steps are missing, making it impossible to evaluate the reasoning quality. Without steps, we cannot assess the logical progression, purposefulness, or the quality of the reasoning chain. [model=microsoft/Phi-4-mini-instruct]",2798.89,False,
microsoft/Phi-4-mini-instruct,2713fa0aa73f0c5a8b480f026c21a547,reasoning_quality,agent,1.0,"The agent's reasoning is logical and well-motivated, with each step clearly contributing to the goal of identifying Asian countries with monarchies and access to the sea as of 2021. The plan is methodical, using Wikipedia as the source and verifying the information for the specified year. [model=microsoft/Phi-4-mini-instruct]",3978.28,False,
microsoft/Phi-4-mini-instruct,27a6c5ebc3311542156fdde857a0035f,helpfulness,trace,1.0,"The response directly answers the user's task by extracting the sentence from the given text, which is a clear and complete solution to the problem presented. [model=microsoft/Phi-4-mini-instruct]",2699.49,False,
microsoft/Phi-4-mini-instruct,27a6c5ebc3311542156fdde857a0035f,accuracy,trace,1.0,"The response is a creative interpretation of the given text, not a factual statement. It is not possible to verify the accuracy of the sentence as it is not a factual claim but a constructed sentence. [model=microsoft/Phi-4-mini-instruct]",2825.44,False,
microsoft/Phi-4-mini-instruct,27a6c5ebc3311542156fdde857a0035f,groundedness,trace,0.0,"The agent's response is a creative interpretation and not a factual claim. The task was to extract a sentence from a given text, not to create one. The score is 0.0 as the response does not align with the task's requirements. [model=microsoft/Phi-4-mini-instruct]",3349.06,False,
microsoft/Phi-4-mini-instruct,27a6c5ebc3311542156fdde857a0035f,instruction_following,agent,1.0,"The agent correctly identified the instructions and the user's request, and it provided a response that fully complied with the given instructions. There were no violations or deviations from the instructions. [model=microsoft/Phi-4-mini-instruct]",2341.35,False,
microsoft/Phi-4-mini-instruct,27a6c5ebc3311542156fdde857a0035f,instruction_following,agent,0.0,"The agent failed to follow the initial step of writing the 5x7 block of text as provided in the task, which is a clear instruction. The response did not include the text block itself, only the execution steps for a subsequent, different task. [model=microsoft/Phi-4-mini-instruct]",3793.73,False,
microsoft/Phi-4-mini-instruct,27a6c5ebc3311542156fdde857a0035f,reasoning_quality,agent,0.0,"The agent's execution steps are missing, making it impossible to evaluate the reasoning quality. Without steps, we cannot assess the logical progression, purposefulness, or the quality of the reasoning chain. [model=microsoft/Phi-4-mini-instruct]",2679.89,False,
microsoft/Phi-4-mini-instruct,27a6c5ebc3311542156fdde857a0035f,reasoning_quality,agent,1.0,The agent's reasoning is coherent and follows a logical sequence to achieve the goal. Each step is purposeful and contributes to the final answer. [model=microsoft/Phi-4-mini-instruct],2430.27,False,
microsoft/Phi-4-mini-instruct,2c77a8feec544cc61a00a387ad792a13,helpfulness,trace,1.0,"The response directly answers the user's query by providing the stanza number where lines are indented in the poem, which is highly helpful and complete. [model=microsoft/Phi-4-mini-instruct]",2238.86,False,
microsoft/Phi-4-mini-instruct,2c77a8feec544cc61a00a387ad792a13,accuracy,trace,0.0,"The response provided a final answer without verifying the factual claim, which is not allowed as per the task instructions. The score should reflect the lack of verification process. [model=microsoft/Phi-4-mini-instruct]",2473.56,False,
microsoft/Phi-4-mini-instruct,2c77a8feec544cc61a00a387ad792a13,groundedness,trace,0.0,"The agent's response directly contradicts the available evidence, as no results were found from the tool 'final_answer'. [model=microsoft/Phi-4-mini-instruct]",2137.56,False,
microsoft/Phi-4-mini-instruct,2c77a8feec544cc61a00a387ad792a13,instruction_following,agent,1.0,"The agent correctly identified the instructions and the user's request, and it provided a response that fully complied with the given instructions. There were no violations or deviations from the instructions. [model=microsoft/Phi-4-mini-instruct]",2353.62,False,
microsoft/Phi-4-mini-instruct,2c77a8feec544cc61a00a387ad792a13,instruction_following,agent,0.0,"The agent failed to provide a final answer to the user's request, which was to determine the stanza number with indented lines in Audre Lorde's poem 'Father Son and Holy Ghost'. The agent repeatedly asked for the poem's formatted text but did not provide the final answer after the last step. [model=microsoft/Phi-4-mini-instruct]",4748.58,False,
microsoft/Phi-4-mini-instruct,2c77a8feec544cc61a00a387ad792a13,reasoning_quality,agent,0.0,"The agent's execution steps are missing, making it impossible to evaluate the reasoning quality. Without steps, we cannot assess the logical progression, purposefulness, or the quality of the reasoning chain. [model=microsoft/Phi-4-mini-instruct]",2740.41,False,
microsoft/Phi-4-mini-instruct,2c77a8feec544cc61a00a387ad792a13,reasoning_quality,agent,0.75,"The agent's reasoning is mostly logical, with a clear understanding of the task and appropriate use of tools. However, the agent repeatedly asked the search_agent for the poem's text without success, which may indicate a lack of alternative strategies to obtain the necessary information. [model=microsoft/Phi-4-mini-instruct]",3724.4,False,
microsoft/Phi-4-mini-instruct,2cb6924caac94b32d2bf4b40bdf4ab51,helpfulness,trace,1.0,"The agent's response directly answers the user's query by providing the CFM values for both the Cheater and the Cheater Beater, which is the information the user requested. This is a highly helpful and complete response. [model=microsoft/Phi-4-mini-instruct]",2978.13,False,
microsoft/Phi-4-mini-instruct,2cb6924caac94b32d2bf4b40bdf4ab51,accuracy,trace,0.0,"The response provided a specific CFM value for both the Cheater and the Cheater Beater, which is not verifiable. The score reflects the inability to confirm the accuracy of the CFM values given. [model=microsoft/Phi-4-mini-instruct]",2899.13,False,
microsoft/Phi-4-mini-instruct,2cb6924caac94b32d2bf4b40bdf4ab51,groundedness,trace,0.0,"The provided evidence does not contain specific CFM values for the Cheater and Cheater Beater, thus the factual claim about their CFM values is unsupported. [model=microsoft/Phi-4-mini-instruct]",2541.63,False,
microsoft/Phi-4-mini-instruct,2cb6924caac94b32d2bf4b40bdf4ab51,instruction_following,agent,1.0,"The agent correctly identified the instructions and the user's request, and it provided a response that fully complied with the given instructions. There were no violations or deviations from the instructions. [model=microsoft/Phi-4-mini-instruct]",2333.28,False,
microsoft/Phi-4-mini-instruct,2cb6924caac94b32d2bf4b40bdf4ab51,instruction_following,agent,0.25,"The agent attempted to follow the instructions by using the provided tools to search for the CFM test details from James's channel. However, the agent encountered errors when trying to use the 'page_down' tool, which indicates a lack of understanding of the tool's correct input format. Additionally, the agent's final answer was not provided in the expected format, as the 'final_answer' tool was not used correctly. The agent's response partially followed the instructions but missed key requirements for using the tools as intended. [model=microsoft/Phi-4-mini-instruct]",20804.83,False,
microsoft/Phi-4-mini-instruct,2cb6924caac94b32d2bf4b40bdf4ab51,instruction_following,agent,0.0,"The agent failed to follow the instructions to use the 'page_down' tool correctly, repeatedly encountering TypeError due to incorrect usage. The agent also did not provide a final_answer with the required format, instead attempting to use the 'page_down' tool incorrectly multiple times. [model=microsoft/Phi-4-mini-instruct]",9152.78,False,
microsoft/Phi-4-mini-instruct,2cb6924caac94b32d2bf4b40bdf4ab51,reasoning_quality,agent,0.0,"The agent's execution steps are missing, making it impossible to evaluate the reasoning quality. Without steps, we cannot assess the logical progression, purposefulness, or the quality of the reasoning chain. [model=microsoft/Phi-4-mini-instruct]",2696.5,False,
microsoft/Phi-4-mini-instruct,2cb6924caac94b32d2bf4b40bdf4ab51,reasoning_quality,agent,0.75,"The agent's reasoning is mostly logical, with a clear understanding of the task and appropriate use of tools. However, there are repeated errors in using the 'page_down' tool, which may indicate a lack of attention to detail or a misunderstanding of the tool's requirements. [model=microsoft/Phi-4-mini-instruct]",13674.69,False,
microsoft/Phi-4-mini-instruct,2cb6924caac94b32d2bf4b40bdf4ab51,reasoning_quality,agent,0.5,"The agent's steps are mostly logical, aiming to find the CFM test details for the Cheater and Cheater Beater on James's channel. However, the repeated use of the 'page_down' tool without success and the lack of a clear strategy to navigate the YouTube playlist indicate a lack of a well-thought-out plan, leading to a score of 0.5. [model=microsoft/Phi-4-mini-instruct]",11115.22,False,
microsoft/Phi-4-mini-instruct,3205fa0cb2135fe671bf7cd0e5a26151,helpfulness,trace,0.0,The response does not address the user's need to solve the task; it provides an answer without showing the work or process required to reach it. [model=microsoft/Phi-4-mini-instruct],2290.47,False,
microsoft/Phi-4-mini-instruct,3205fa0cb2135fe671bf7cd0e5a26151,accuracy,trace,0.0,"The response provided a final answer without any supporting steps or evidence, making it impossible to verify the accuracy of the answer. The task required a preparatory survey, not a final answer. [model=microsoft/Phi-4-mini-instruct]",2677.7,False,
microsoft/Phi-4-mini-instruct,3205fa0cb2135fe671bf7cd0e5a26151,groundedness,trace,0.0,The agent's response 'FINAL ANSWER: 4.0' is unsupported as there is no evidence provided to back this specific numerical answer. The evidence available does not contain any data or results to verify the claim. [model=microsoft/Phi-4-mini-instruct],3007.28,False,
microsoft/Phi-4-mini-instruct,3205fa0cb2135fe671bf7cd0e5a26151,instruction_following,agent,1.0,"The agent correctly identified the instructions and the user's request, and it provided a response that fully complied with the given instructions. There were no violations or deviations from the instructions. [model=microsoft/Phi-4-mini-instruct]",2342.15,False,
microsoft/Phi-4-mini-instruct,3205fa0cb2135fe671bf7cd0e5a26151,instruction_following,agent,0.0,"The agent failed to comply with the system prompt constraints, specifically the file format support in the 'inspect_file_as_text' tool, which does not support the .jsonld format, leading to repeated errors and no successful completion of the task. [model=microsoft/Phi-4-mini-instruct]",15043.88,False,
microsoft/Phi-4-mini-instruct,3205fa0cb2135fe671bf7cd0e5a26151,instruction_following,agent,0.0,"The agent failed to convert the JSON-LD file to Markdown because the inspect_file_as_text tool does not support the .jsonld format, which was the user's explicit request. The agent attempted to use the tool with the correct parameters but encountered an error due to the unsupported format. [model=microsoft/Phi-4-mini-instruct]",4338.3,False,
microsoft/Phi-4-mini-instruct,3205fa0cb2135fe671bf7cd0e5a26151,instruction_following,agent,0.0,"The agent failed to execute the task because the 'inspect_file_as_text' tool does not support the JSON-LD file format, which led to an error. The agent attempted to use the tool incorrectly by providing the file path instead of the file content. [model=microsoft/Phi-4-mini-instruct]",4273.28,False,
microsoft/Phi-4-mini-instruct,3205fa0cb2135fe671bf7cd0e5a26151,reasoning_quality,agent,0.0,"The agent's execution steps are missing, making it impossible to evaluate the reasoning quality. Without steps, we cannot assess the logical progression, purposefulness, or the quality of the reasoning chain. [model=microsoft/Phi-4-mini-instruct]",2737.65,False,
microsoft/Phi-4-mini-instruct,3205fa0cb2135fe671bf7cd0e5a26151,reasoning_quality,agent,0.75,"The agent's reasoning is mostly logical, with a clear understanding of the task and appropriate use of tools. However, the repeated attempts to use 'inspect_file_as_text' on a JSON-LD file, which is not supported, indicate a lack of flexibility in adapting to the file format issue. [model=microsoft/Phi-4-mini-instruct]",13960.59,False,
microsoft/Phi-4-mini-instruct,3205fa0cb2135fe671bf7cd0e5a26151,reasoning_quality,agent,0.5,"The agent's reasoning was initially sound, aiming to convert a JSON-LD file to Markdown, but faced an error due to the unsupported file format. The agent attempted to use the 'inspect_file_as_text' tool, which is not designed for JSON-LD files, leading to an UnsupportedFormatException. The agent's next steps should have involved seeking a different method or tool to handle JSON-LD files, but instead, the agent repeated the same tool call, which was not a logical next step given the error encountered. [model=microsoft/Phi-4-mini-instruct]",6247.55,False,
microsoft/Phi-4-mini-instruct,3205fa0cb2135fe671bf7cd0e5a26151,reasoning_quality,agent,0.5,"The agent's reasoning is mostly logical, but they encountered an error when trying to use the 'inspect_file_as_text' tool with a JSON-LD file, which is not supported by the tool. This indicates a lack of understanding of the tool's capabilities and the file format. [model=microsoft/Phi-4-mini-instruct]",3961.44,False,
microsoft/Phi-4-mini-instruct,3215fc75e81bdb73706a4fb37b66427f,helpfulness,trace,1.0,"The response directly answers the user's query with the specific volume from the University of Leicester paper, making it highly helpful. [model=microsoft/Phi-4-mini-instruct]",2053.81,False,
microsoft/Phi-4-mini-instruct,3215fc75e81bdb73706a4fb37b66427f,accuracy,trace,0.0,"The provided answer '0.1777' is a specific numerical value, but without context or verification, it cannot be evaluated for accuracy. The task requires identifying a specific volume from a paper, which cannot be confirmed with the given information alone. [model=microsoft/Phi-4-mini-instruct]",3204.81,False,
microsoft/Phi-4-mini-instruct,3215fc75e81bdb73706a4fb37b66427f,groundedness,trace,0.0,The agent's response is unsupported as the evidence provided only shows a Google search result without any specific data about the fish bag volume from the University of Leicester paper. [model=microsoft/Phi-4-mini-instruct],2457.01,False,
microsoft/Phi-4-mini-instruct,3215fc75e81bdb73706a4fb37b66427f,instruction_following,agent,1.0,"The agent correctly identified the instructions and the user's request, and it provided a response that fully complied with the given instructions. There were no violations or deviations from the instructions. [model=microsoft/Phi-4-mini-instruct]",2331.7,False,
microsoft/Phi-4-mini-instruct,3215fc75e81bdb73706a4fb37b66427f,instruction_following,agent,0.0,"The agent's response did not fully comply with the instructions as it failed to provide the final_answer tool's output, which is required for the task completion. The agent's final_answer tool call was not executed, leading to a missing result. [model=microsoft/Phi-4-mini-instruct]",5359.14,False,
microsoft/Phi-4-mini-instruct,3215fc75e81bdb73706a4fb37b66427f,instruction_following,agent,0.0,"The agent failed to follow the initial instructions, as it provided a response that was not in the form of a JSON object but instead directly answered the user's request. The response should have been formatted as a JSON object with the 'final_answer' tool. [model=microsoft/Phi-4-mini-instruct]",3890.99,False,
microsoft/Phi-4-mini-instruct,3215fc75e81bdb73706a4fb37b66427f,reasoning_quality,agent,0.0,"The agent's execution steps are missing, making it impossible to evaluate the reasoning quality. Without steps, we cannot assess the logical progression, purposefulness, or the quality of the reasoning chain. [model=microsoft/Phi-4-mini-instruct]",2724.57,False,
microsoft/Phi-4-mini-instruct,3215fc75e81bdb73706a4fb37b66427f,reasoning_quality,agent,0.75,"The agent's reasoning is mostly logical and purposeful, with a clear understanding of the task and appropriate use of tools to achieve the goal. The final_answer tool was not used, but the search_agent provided the necessary information directly. [model=microsoft/Phi-4-mini-instruct]",4269.89,False,
microsoft/Phi-4-mini-instruct,3215fc75e81bdb73706a4fb37b66427f,reasoning_quality,agent,0.75,"The agent's steps are logical and directly aimed at finding the paper and the specific information required, showing a good understanding of the task and the tools needed to achieve the goal. [model=microsoft/Phi-4-mini-instruct]",2970.82,False,
microsoft/Phi-4-mini-instruct,331aece579d942bb4c345a86c86efb83,helpfulness,trace,1.0,"The response directly answers the user's query with a specific number of clicks required, making it highly helpful. The user would not need further assistance to understand the task. [model=microsoft/Phi-4-mini-instruct]",2412.33,False,
microsoft/Phi-4-mini-instruct,331aece579d942bb4c345a86c86efb83,accuracy,trace,0.0,The response 'FINAL ANSWER: 3' is too brief and lacks the necessary details to evaluate its accuracy. It does not provide the factual information needed to verify the correctness of the answer. [model=microsoft/Phi-4-mini-instruct],2772.39,False,
microsoft/Phi-4-mini-instruct,331aece579d942bb4c345a86c86efb83,groundedness,trace,0.0,The agent's response is unsupported as it provides a final answer without evidence to back it up. [model=microsoft/Phi-4-mini-instruct],1882.83,False,
microsoft/Phi-4-mini-instruct,331aece579d942bb4c345a86c86efb83,instruction_following,agent,1.0,"The agent correctly identified the instructions and the user's request, and it provided a response that fully complied with the given instructions. There were no violations or deviations from the instructions. [model=microsoft/Phi-4-mini-instruct]",2332.62,False,
microsoft/Phi-4-mini-instruct,331aece579d942bb4c345a86c86efb83,instruction_following,agent,1.0,"The agent successfully completed the task by following the instructions to generate a detailed plan and final answer, using the provided tools and adhering to the rules. The final_answer tool was used to present the agent's response, which included the requested information and context. [model=microsoft/Phi-4-mini-instruct]",6039.79,False,
microsoft/Phi-4-mini-instruct,331aece579d942bb4c345a86c86efb83,instruction_following,agent,0.0,"The agent failed to follow the instructions as it did not provide a final_answer with the required format, instead, it repeated the user's task as the final_answer. [model=microsoft/Phi-4-mini-instruct]",2977.01,False,
microsoft/Phi-4-mini-instruct,331aece579d942bb4c345a86c86efb83,reasoning_quality,agent,0.0,"The agent's execution steps are missing, making it impossible to evaluate the reasoning quality. Without steps, we cannot assess the logical progression, purposefulness, or the quality of the reasoning chain. [model=microsoft/Phi-4-mini-instruct]",2708.44,False,
microsoft/Phi-4-mini-instruct,331aece579d942bb4c345a86c86efb83,reasoning_quality,agent,1.0,"The agent's steps are logical and purposeful, with a clear plan to use archived Wikipedia snapshots to determine the minimum number of direct page-link clicks required to navigate from one book page to another, and the reasoning is well-explained and justified. [model=microsoft/Phi-4-mini-instruct]",4619.62,False,
microsoft/Phi-4-mini-instruct,331aece579d942bb4c345a86c86efb83,reasoning_quality,agent,1.0,"The agent's response demonstrates a clear understanding of the task and provides a logical and well-reasoned plan to achieve the goal, with each step building upon the previous one and using the appropriate tools for the task. [model=microsoft/Phi-4-mini-instruct]",3203.03,False,
microsoft/Phi-4-mini-instruct,33cedc57294f33839f1acc3ee5182788,helpfulness,trace,1.0,"The response directly answers the user's query with the specific information requested, making it highly helpful. [model=microsoft/Phi-4-mini-instruct]",1803.61,False,
microsoft/Phi-4-mini-instruct,33cedc57294f33839f1acc3ee5182788,accuracy,trace,0.75,"The response provided a specific age for the beads made from the mollusk shells, which is not verifiable from the given task. The task only asked for the age mentioned in a research article, not the verification of the age itself. [model=microsoft/Phi-4-mini-instruct]",3155.16,False,
microsoft/Phi-4-mini-instruct,33cedc57294f33839f1acc3ee5182788,groundedness,trace,0.0,"The provided evidence does not contain the specific information needed to determine the age of the shell beads from the mollusk species in the British Museum's collection with the museum number 2012,5015.17. The search results only show access to the articles but do not provide the required data. [model=microsoft/Phi-4-mini-instruct]",3748.06,False,
microsoft/Phi-4-mini-instruct,33cedc57294f33839f1acc3ee5182788,instruction_following,agent,1.0,"The agent correctly identified the instructions and the user's request, and it provided a response that fully complied with the given instructions. There were no violations or deviations from the instructions. [model=microsoft/Phi-4-mini-instruct]",2395.39,False,
microsoft/Phi-4-mini-instruct,33cedc57294f33839f1acc3ee5182788,instruction_following,agent,0.0,"The agent's final_answer call failed due to a syntax error, indicating a misunderstanding of the required triple-quoted string format. The agent attempted to retry the call but did not provide a successful output. [model=microsoft/Phi-4-mini-instruct]",16200.83,False,
microsoft/Phi-4-mini-instruct,33cedc57294f33839f1acc3ee5182788,instruction_following,agent,0.0,"The agent failed to follow the instructions as it repeatedly attempted to use the 'inspect_file_as_text' tool with incorrect arguments, leading to errors. Additionally, the agent did not properly format the final_answer tool as per the given instructions, and the response did not include the required 'final_answer' tool call with the correct arguments. [model=microsoft/Phi-4-mini-instruct]",10687.66,False,
microsoft/Phi-4-mini-instruct,33cedc57294f33839f1acc3ee5182788,reasoning_quality,agent,0.0,"The agent's execution steps are missing, making it impossible to evaluate the reasoning quality. Without steps, we cannot assess the logical progression, purposefulness, or the quality of the reasoning chain. [model=microsoft/Phi-4-mini-instruct]",2756.3,False,
microsoft/Phi-4-mini-instruct,33cedc57294f33839f1acc3ee5182788,reasoning_quality,agent,0.75,"The agent's reasoning is mostly logical, with a clear understanding of the task and appropriate use of tools. However, there are some errors in the execution, such as syntax errors in the final_answer calls and a lack of success in retrieving the abstract from the Science Advances article, which may indicate a need for retrying with different parameters or a different approach. [model=microsoft/Phi-4-mini-instruct]",16592.91,False,
microsoft/Phi-4-mini-instruct,33cedc57294f33839f1acc3ee5182788,reasoning_quality,agent,0.75,"The agent's steps are mostly logical, aiming to find the relevant abstract from a Science Advances 2021 research article. However, the agent encountered errors and had to retry with less specific queries, which may indicate a lack of initial precision in the search strategy. The final steps show a successful retrieval of the abstract, but the process was not smooth and had some unnecessary detours. [model=microsoft/Phi-4-mini-instruct]",10284.91,False,
microsoft/Phi-4-mini-instruct,3637c5845140adbf29c565923c20e94d,helpfulness,trace,0.0,The response does not provide any useful information or steps to solve the user's query. It simply states the final answer without addressing the user's need for a step-by-step solution or verification process. [model=microsoft/Phi-4-mini-instruct],2684.74,False,
microsoft/Phi-4-mini-instruct,3637c5845140adbf29c565923c20e94d,accuracy,trace,0.0,"The response provided a final answer without any supporting information or verification steps, making it impossible to evaluate its accuracy. The task required a detailed survey to find the necessary facts, but the response did not fulfill this requirement. [model=microsoft/Phi-4-mini-instruct]",2878.34,False,
microsoft/Phi-4-mini-instruct,3637c5845140adbf29c565923c20e94d,groundedness,trace,0.0,"The agent's response '7.5' is unsupported as there is no evidence provided to back this specific numerical answer. The task requires a calculation based on given facts, but no calculation or derivation is shown or supported by the available evidence. [model=microsoft/Phi-4-mini-instruct]",3217.06,False,
microsoft/Phi-4-mini-instruct,3637c5845140adbf29c565923c20e94d,instruction_following,agent,1.0,"The agent correctly identified the instructions and the user's request, and it provided a response that fully complied with the given instructions. There were no violations or deviations from the instructions. [model=microsoft/Phi-4-mini-instruct]",2339.78,False,
microsoft/Phi-4-mini-instruct,3637c5845140adbf29c565923c20e94d,instruction_following,agent,0.0,"The agent failed to follow the instructions as it did not provide a final_answer using the 'final_answer' tool for the last output, which was required to complete the task. Instead, it printed the result directly. [model=microsoft/Phi-4-mini-instruct]",3612.56,False,
microsoft/Phi-4-mini-instruct,3637c5845140adbf29c565923c20e94d,reasoning_quality,agent,0.0,"The agent's execution steps are missing, making it impossible to evaluate the reasoning quality. Without steps, we cannot assess the logical progression, purposefulness, or the quality of the reasoning chain. [model=microsoft/Phi-4-mini-instruct]",2708.1,False,
microsoft/Phi-4-mini-instruct,3637c5845140adbf29c565923c20e94d,reasoning_quality,agent,1.0,"The agent's reasoning is logical and well-motivated, with each step contributing to the final answer. The steps taken to calculate the total driving distance, the number of water bottles consumed, and the dollar refund are all necessary and directly related to the task at hand. [model=microsoft/Phi-4-mini-instruct]",3743.07,False,
microsoft/Phi-4-mini-instruct,387546b0d3e81503bd8d392c6f1b6b25,helpfulness,trace,0.0,"The response 'research' is not a helpful answer as it does not provide any information or guidance on how to find the answer to the user's question. The user is looking for a specific answer to a question, and the response does not address this need. [model=microsoft/Phi-4-mini-instruct]",3281.78,False,
microsoft/Phi-4-mini-instruct,387546b0d3e81503bd8d392c6f1b6b25,accuracy,trace,0.0,"The agent's response 'research' is not a factual answer to the question posed. The task requires identifying what 'R' stands for in the three core policies of the type of content that was violated in the public logs on the Legume Wikipedia page, which is a specific factual query. The response does not address this and is therefore not accurate. [model=microsoft/Phi-4-mini-instruct]",4138.68,False,
microsoft/Phi-4-mini-instruct,387546b0d3e81503bd8d392c6f1b6b25,groundedness,trace,0.0,The agent's response 'research' is unsupported as there is no direct evidence from the provided web search results to confirm the meaning of 'R' in the context of the Legume Wikipedia public logs. [model=microsoft/Phi-4-mini-instruct],2868.33,False,
microsoft/Phi-4-mini-instruct,387546b0d3e81503bd8d392c6f1b6b25,instruction_following,agent,1.0,"The agent correctly identified the instructions and the user's request, and it provided a response that fully complied with the given instructions. There were no violations or deviations from the instructions. [model=microsoft/Phi-4-mini-instruct]",2332.83,False,
microsoft/Phi-4-mini-instruct,387546b0d3e81503bd8d392c6f1b6b25,instruction_following,agent,0.0,"The agent's response did not fully comply with the instructions as it provided a final_answer without a preceding detailed plan or execution steps, and the scoring rubric was not fully followed due to the lack of a comprehensive plan and the final_answer tool was not used as intended. [model=microsoft/Phi-4-mini-instruct]",15476.27,False,
microsoft/Phi-4-mini-instruct,387546b0d3e81503bd8d392c6f1b6b25,instruction_following,agent,0.0,"The agent failed to follow the instructions as it executed a 'web_search' tool call with an incorrect query, which was not part of the user's request. The user asked for information from the Legume Wikipedia page prior to December 2022, but the agent performed a search for a different query related to 'ScalingIntelligence/cs329A_hw2_evaluation' dataset. [model=microsoft/Phi-4-mini-instruct]",11104.25,False,
microsoft/Phi-4-mini-instruct,387546b0d3e81503bd8d392c6f1b6b25,reasoning_quality,agent,0.0,"The agent's execution steps are missing, making it impossible to evaluate the reasoning quality. Without steps, we cannot assess the logical progression, purposefulness, or the quality of the reasoning chain. [model=microsoft/Phi-4-mini-instruct]",2693.32,False,
microsoft/Phi-4-mini-instruct,387546b0d3e81503bd8d392c6f1b6b25,reasoning_quality,agent,0.875,"The agent's steps are mostly logical and purposeful, with a clear understanding of the task and appropriate use of tools to achieve the goal. However, there is a minor issue with the 'final_answer' tool not providing a result, which could indicate a missed opportunity to complete the task. [model=microsoft/Phi-4-mini-instruct]",13839.74,False,
microsoft/Phi-4-mini-instruct,387546b0d3e81503bd8d392c6f1b6b25,reasoning_quality,agent,0.75,"The agent's steps are logical and purposeful, aiming to gather information about the flagged content on the Legume Wikipedia page and the three core policies, with a focus on the 'R' standing for 'research'. The use of web search and page visit tools is appropriate for the task. [model=microsoft/Phi-4-mini-instruct]",8425.5,False,
microsoft/Phi-4-mini-instruct,396b6aa1ab86eb2e20d27582eb5eebd9,helpfulness,trace,1.0,"The response directly answers the user's query by providing the specific horror movie mentioned in the book, which is a clear and complete answer to the user's question. [model=microsoft/Phi-4-mini-instruct]",2367.5,False,
microsoft/Phi-4-mini-instruct,396b6aa1ab86eb2e20d27582eb5eebd9,accuracy,trace,1.0,"The response provided the correct answer, which is 'A Nightmare on Elm Street'. The evaluation steps confirm the accuracy of the information, and no factual errors or misleading simplifications are present. [model=microsoft/Phi-4-mini-instruct]",2661.25,False,
microsoft/Phi-4-mini-instruct,396b6aa1ab86eb2e20d27582eb5eebd9,groundedness,trace,0.0,"The provided evidence does not contain any specific information about the horror movie cited by Valentina Re in her contribution to the book 'World Building: Transmedia, Fans, Industries'. The search results and page content do not mention the movie 'A Nightmare on Elm Street'. Therefore, the claim is unsupported. [model=microsoft/Phi-4-mini-instruct]",3780.95,False,
microsoft/Phi-4-mini-instruct,396b6aa1ab86eb2e20d27582eb5eebd9,instruction_following,agent,1.0,"The agent correctly identified the instructions and the user's request, and it provided a response that fully complied with the given instructions. There were no violations or deviations from the instructions. [model=microsoft/Phi-4-mini-instruct]",2354.85,False,
microsoft/Phi-4-mini-instruct,396b6aa1ab86eb2e20d27582eb5eebd9,instruction_following,agent,0.0,"The agent's response did not fully comply with the instructions as it repeatedly attempted to use the 'page_down' tool with incorrect arguments, leading to errors. Additionally, the 'inspect_file_as_text' tool was not used as intended due to format issues, and the final_answer tool was not used to provide the final answer. [model=microsoft/Phi-4-mini-instruct]",29360.86,False,
microsoft/Phi-4-mini-instruct,396b6aa1ab86eb2e20d27582eb5eebd9,instruction_following,agent,0.25,"The agent's execution steps were mostly in line with the instructions, but there were repeated errors in tool calls due to incorrect arguments, and the final_answer tool was not used to provide the final answer as required by the task. The agent also did not follow the plan to retry with a completely different approach after several errors. [model=microsoft/Phi-4-mini-instruct]",20639.95,False,
microsoft/Phi-4-mini-instruct,396b6aa1ab86eb2e20d27582eb5eebd9,reasoning_quality,agent,0.0,"The agent's execution steps are missing, making it impossible to evaluate the reasoning quality. Without steps, we cannot assess the logical progression, purposefulness, or the quality of the reasoning chain. [model=microsoft/Phi-4-mini-instruct]",2684.38,False,
microsoft/Phi-4-mini-instruct,396b6aa1ab86eb2e20d27582eb5eebd9,reasoning_quality,agent,0.5,"The agent's reasoning is mostly logical, with a clear understanding of the task and appropriate use of tools, but there are repeated errors and a lack of progress in the final steps, indicating some inefficiency in the approach. [model=microsoft/Phi-4-mini-instruct]",23699.23,False,
microsoft/Phi-4-mini-instruct,396b6aa1ab86eb2e20d27582eb5eebd9,reasoning_quality,agent,0.75,"The agent's reasoning is mostly logical, with a clear understanding of the tools needed to achieve the goal. However, there are repeated attempts to use the 'page_down' tool with incorrect arguments, which may indicate a lack of attention to the tool's requirements and could be a sign of a minor oversight. [model=microsoft/Phi-4-mini-instruct]",18394.37,False,
microsoft/Phi-4-mini-instruct,3acaa3150977e199eddb95c64f2ada2e,helpfulness,trace,1.0,"The agent's response directly answers the user's query with the specific information requested, making it highly helpful. [model=microsoft/Phi-4-mini-instruct]",1933.93,False,
microsoft/Phi-4-mini-instruct,3acaa3150977e199eddb95c64f2ada2e,accuracy,trace,1.0,"The agent's response is based on a specific video content, which cannot be verified by the evaluator. The score is given as 1.0, assuming the agent's access to the video and the correct answer. [model=microsoft/Phi-4-mini-instruct]",2959.17,False,
microsoft/Phi-4-mini-instruct,3acaa3150977e199eddb95c64f2ada2e,groundedness,trace,0.0,"The agent's final answer of 27 bird species is unsupported by the provided evidence, which only references a Wikipedia page discussing the 10th edition of Systema Naturae and does not confirm the specific video content. [model=microsoft/Phi-4-mini-instruct]",2984.04,False,
microsoft/Phi-4-mini-instruct,3acaa3150977e199eddb95c64f2ada2e,instruction_following,agent,1.0,"The agent correctly identified the instructions and the user's request, and it provided a response that fully complied with the given instructions. There were no violations or deviations from the instructions. [model=microsoft/Phi-4-mini-instruct]",2355.31,False,
microsoft/Phi-4-mini-instruct,3acaa3150977e199eddb95c64f2ada2e,instruction_following,agent,0.0,"The agent attempted to follow the instructions by using the provided tools to find the answer to the user's question. However, the user requested a specific task that the agent did not complete, and the agent's responses were not in the form of a JSON object but rather a series of text-based outputs. The final_answer tool was not used correctly, and the agent did not provide a JSON object as the final response. [model=microsoft/Phi-4-mini-instruct]",12121.05,False,
microsoft/Phi-4-mini-instruct,3acaa3150977e199eddb95c64f2ada2e,instruction_following,agent,0.0,"The agent failed to provide a compliant response to the user's instructions, repeatedly attempting to use the 'web_search' tool with incorrect or overly specific queries, leading to errors and no results. The agent did not follow the instructions to create a plan and instead jumped into tool calls without first updating the list of facts or providing a detailed plan. [model=microsoft/Phi-4-mini-instruct]",5857.67,False,
microsoft/Phi-4-mini-instruct,3acaa3150977e199eddb95c64f2ada2e,reasoning_quality,agent,0.0,"The agent's execution steps are missing, making it impossible to evaluate the reasoning quality. Without steps, we cannot assess the logical progression, purposefulness, or the quality of the reasoning chain. [model=microsoft/Phi-4-mini-instruct]",2689.19,False,
microsoft/Phi-4-mini-instruct,3acaa3150977e199eddb95c64f2ada2e,reasoning_quality,agent,0.75,"The agent's reasoning is mostly logical, with a clear understanding of the task and appropriate use of tools. However, the repeated use of 'web_search' with increasingly specific queries that result in no findings suggests a lack of flexibility in approach, which could be seen as a minor flaw in the decision-making process. [model=microsoft/Phi-4-mini-instruct]",9120.79,False,
microsoft/Phi-4-mini-instruct,3acaa3150977e199eddb95c64f2ada2e,reasoning_quality,agent,0.5,"The agent's steps are logical and purposeful, aiming to find information about the YouTube video. However, the repeated use of the same query without adjusting it based on the lack of results leads to a lack of progress, indicating a potential oversight in the approach to refining the search strategy. [model=microsoft/Phi-4-mini-instruct]",4747.47,False,
microsoft/Phi-4-mini-instruct,3f05ba33cd4ae18ccba6db9a5749c16f,helpfulness,trace,1.0,"The agent's response directly answers the user's request by providing a list of vegetables from the given list, which is alphabetized and comma-separated as requested. This is a clear, actionable, and complete response that fully assists the user. [model=microsoft/Phi-4-mini-instruct]",3115.11,False,
microsoft/Phi-4-mini-instruct,3f05ba33cd4ae18ccba6db9a5749c16f,accuracy,trace,0.75,"The response correctly identifies vegetables from the provided list, but it mistakenly includes 'sweet potatoes' as a vegetable instead of a fruit. The list of vegetables should be: broccoli, celery, lettuce. [model=microsoft/Phi-4-mini-instruct]",2789.07,False,
microsoft/Phi-4-mini-instruct,3f05ba33cd4ae18ccba6db9a5749c16f,groundedness,trace,0.5,"The agent's response lists vegetables from the provided list, but the evidence does not support the claim that 'sweet potatoes' are a vegetable. The correct list of vegetables should be broccoli, celery, lettuce, and sweet potatoes. The score is 0.5 as the response contains a mix of supported and unsupported claims. [model=microsoft/Phi-4-mini-instruct]",3880.76,False,
microsoft/Phi-4-mini-instruct,3f05ba33cd4ae18ccba6db9a5749c16f,instruction_following,agent,1.0,"The agent correctly identified the instructions and the user's request, and it provided a response that fully complied with the given instructions. There were no violations or deviations from the instructions. [model=microsoft/Phi-4-mini-instruct]",2364.7,False,
microsoft/Phi-4-mini-instruct,3f05ba33cd4ae18ccba6db9a5749c16f,instruction_following,agent,0.0,"The agent failed to follow the initial instructions for the new task, as it did not provide a plan for the new task but instead repeated the task itself. The agent did not demonstrate a clear understanding of the task requirements or how to proceed with the plan. [model=microsoft/Phi-4-mini-instruct]",3950.41,False,
microsoft/Phi-4-mini-instruct,3f05ba33cd4ae18ccba6db9a5749c16f,reasoning_quality,agent,0.0,"The agent's execution steps are missing, making it impossible to evaluate the reasoning quality. Without steps, we cannot assess the logical progression, purposefulness, or the quality of the reasoning chain. [model=microsoft/Phi-4-mini-instruct]",2683.78,False,
microsoft/Phi-4-mini-instruct,3f05ba33cd4ae18ccba6db9a5749c16f,reasoning_quality,agent,0.0,"The agent's reasoning is flawed as it fails to execute the task of classifying the grocery list items into vegetables and fruits based on botanical definitions. The agent incorrectly calls the 'final_answer' tool, which is not designed to perform the required classification task, and does not provide a logical chain of steps to achieve the goal. [model=microsoft/Phi-4-mini-instruct]",4226.74,False,
microsoft/Phi-4-mini-instruct,41b597524173272503073a0799ac523c,helpfulness,trace,0.0,The response 'Guava' does not address the user's need for answers to the questions provided. It neither provides the requested information nor acknowledges the task. [model=microsoft/Phi-4-mini-instruct],2326.69,False,
microsoft/Phi-4-mini-instruct,41b597524173272503073a0799ac523c,accuracy,trace,1.0,"The response correctly follows the instructions by providing the word 'Guava' as required. There are no factual claims, technical statements, or information to assess for accuracy or reliability. [model=microsoft/Phi-4-mini-instruct]",2602.28,False,
microsoft/Phi-4-mini-instruct,41b597524173272503073a0799ac523c,groundedness,trace,1.0,The agent's response 'Guava' does not address any factual claims from the task and thus does not provide any evidence to support or contradict the claims. [model=microsoft/Phi-4-mini-instruct],2466.49,False,
microsoft/Phi-4-mini-instruct,41b597524173272503073a0799ac523c,instruction_following,agent,1.0,"The agent correctly identified the instructions and the user's request, and it provided a response that fully complied with the given instructions. There were no violations or deviations from the instructions. [model=microsoft/Phi-4-mini-instruct]",2367.28,False,
microsoft/Phi-4-mini-instruct,41b597524173272503073a0799ac523c,instruction_following,agent,0.0,"The agent failed to follow the instruction to not answer the questions and instead provided a response to the new task, which was not requested. [model=microsoft/Phi-4-mini-instruct]",2848.21,False,
microsoft/Phi-4-mini-instruct,41b597524173272503073a0799ac523c,reasoning_quality,agent,0.0,"The agent's execution steps are missing, making it impossible to evaluate the reasoning quality. Without steps, we cannot assess the logical progression, purposefulness, or the quality of the reasoning chain. [model=microsoft/Phi-4-mini-instruct]",2739.95,False,
microsoft/Phi-4-mini-instruct,41b597524173272503073a0799ac523c,reasoning_quality,agent,1.0,"The agent's reasoning is clear and follows the instructions provided. Each step logically leads to the next, and the agent correctly identifies that the task is to output 'Guava' without answering the questions. [model=microsoft/Phi-4-mini-instruct]",3062.1,False,
microsoft/Phi-4-mini-instruct,41bbc898aa7de0f31d2382ff57700a76,helpfulness,trace,0.0,"The agent's response does not address the user's need, as it provides a final answer without any explanation or verification steps. The user needs the page numbers from the audio recording, not a pre-determined list. [model=microsoft/Phi-4-mini-instruct]",2911.23,False,
microsoft/Phi-4-mini-instruct,41bbc898aa7de0f31d2382ff57700a76,accuracy,trace,0.0,"The response provided a final answer without any context or verification steps, which is not possible to evaluate for accuracy. The score cannot be determined due to the lack of factual information. [model=microsoft/Phi-4-mini-instruct]",2609.27,False,
microsoft/Phi-4-mini-instruct,41bbc898aa7de0f31d2382ff57700a76,groundedness,trace,0.0,"The agent's response 'FINAL ANSWER: 12,45,67' cannot be verified as supported, unsupported, or contradicted because the evidence provided does not contain any specific page numbers or details from the audio recording. The score is 0.0 as the claim is fabricated without evidence. [model=microsoft/Phi-4-mini-instruct]",3752.53,False,
microsoft/Phi-4-mini-instruct,41bbc898aa7de0f31d2382ff57700a76,instruction_following,agent,1.0,"The agent correctly identified the instructions and the user's request, and it provided a response that fully complied with the given instructions. There were no violations or deviations from the instructions. [model=microsoft/Phi-4-mini-instruct]",2344.14,False,
microsoft/Phi-4-mini-instruct,41bbc898aa7de0f31d2382ff57700a76,instruction_following,agent,0.0,"The agent failed to comply with the system prompt constraints by attempting to use the inspect_file_as_text tool on an audio file, which is not supported. The agent should have used the web_search tool to transcribe the audio file first. [model=microsoft/Phi-4-mini-instruct]",6203.7,False,
microsoft/Phi-4-mini-instruct,41bbc898aa7de0f31d2382ff57700a76,instruction_following,agent,0.0,"The agent failed to comply with the system prompt constraints by attempting to use the inspect_file_as_text tool on an audio file, which is not supported. The correct approach would have been to first convert the audio to text using a suitable tool before attempting transcription. [model=microsoft/Phi-4-mini-instruct]",4444.55,False,
microsoft/Phi-4-mini-instruct,41bbc898aa7de0f31d2382ff57700a76,reasoning_quality,agent,0.0,"The agent's execution steps are missing, making it impossible to evaluate the reasoning quality. Without steps, we cannot assess the logical progression, purposefulness, or the quality of the reasoning chain. [model=microsoft/Phi-4-mini-instruct]",2729.49,False,
microsoft/Phi-4-mini-instruct,41bbc898aa7de0f31d2382ff57700a76,reasoning_quality,agent,0.75,"The agent's reasoning is mostly logical, with a clear understanding of the task and appropriate use of tools, but the repeated failure to access the audio file suggests a potential oversight in verifying the file's existence or path before attempting transcription. [model=microsoft/Phi-4-mini-instruct]",4809.3,False,
microsoft/Phi-4-mini-instruct,41bbc898aa7de0f31d2382ff57700a76,reasoning_quality,agent,0.25,"The agent's reasoning is mostly logical, aiming to transcribe the audio and extract page numbers, but the repeated attempt to convert an audio file to text using the inspect_file_as_text tool, which is not designed for audio files, shows a misunderstanding of the tool's purpose and leads to an error. [model=microsoft/Phi-4-mini-instruct]",3969.93,False,
microsoft/Phi-4-mini-instruct,4514626d62ed350ee7878c03f51bbe68,helpfulness,trace,0.0,The response 'FINAL ANSWER: 3' does not provide any useful information or steps to solve the given problem. It does not address the user's need to find the smallest n using Newton's Method. [model=microsoft/Phi-4-mini-instruct],2848.36,False,
microsoft/Phi-4-mini-instruct,4514626d62ed350ee7878c03f51bbe68,accuracy,trace,0.0,"The response 'FINAL ANSWER: 3' is too brief and lacks context. It does not provide any factual information, derivation, or verification steps, making it impossible to evaluate its accuracy or reliability. [model=microsoft/Phi-4-mini-instruct]",2875.75,False,
microsoft/Phi-4-mini-instruct,4514626d62ed350ee7878c03f51bbe68,groundedness,trace,0.0,The agent's response 'FINAL ANSWER: 3' is unsupported as there is no evidence provided to back the claim that the smallest n where using Newton's Method is 3. [model=microsoft/Phi-4-mini-instruct],2678.64,False,
microsoft/Phi-4-mini-instruct,4514626d62ed350ee7878c03f51bbe68,instruction_following,agent,1.0,"The agent correctly identified the instructions and the user's request, and it provided a response that fully complied with the given instructions. There were no violations or deviations from the instructions. [model=microsoft/Phi-4-mini-instruct]",2354.16,False,
microsoft/Phi-4-mini-instruct,4514626d62ed350ee7878c03f51bbe68,instruction_following,agent,0.0,"The agent failed to provide a final answer, only returning the last output from the code snippet without using the 'final_answer' tool to deliver the result. [model=microsoft/Phi-4-mini-instruct]",3135.56,False,
microsoft/Phi-4-mini-instruct,4514626d62ed350ee7878c03f51bbe68,reasoning_quality,agent,0.0,"The agent's execution steps are missing, making it impossible to evaluate the reasoning quality. Without steps, we cannot assess the logical progression, purposefulness, or the quality of the reasoning chain. [model=microsoft/Phi-4-mini-instruct]",2741.51,False,
microsoft/Phi-4-mini-instruct,4514626d62ed350ee7878c03f51bbe68,reasoning_quality,agent,0.75,"The agent's reasoning is mostly logical and purposeful, with a clear understanding of the task and appropriate use of tools. However, the final step in the plan was not completed, and the 'final_answer' tool did not return a result, which is a critical part of the task. [model=microsoft/Phi-4-mini-instruct]",3925.5,False,
microsoft/Phi-4-mini-instruct,4a8d094e92433f1ba1da21f602c417d9,helpfulness,trace,1.0,"The response directly answers the user's query by identifying the nano-compound studied in the specified article, which is diamond. This is highly helpful as it provides the exact information requested by the user. [model=microsoft/Phi-4-mini-instruct]",2755.46,False,
microsoft/Phi-4-mini-instruct,4a8d094e92433f1ba1da21f602c417d9,accuracy,trace,0.0,"The response 'diamond' is incorrect as it does not match the task's requirement to find a nano-compound from a 2012 Nature journal article that does not mention plasmons or plasmonics. The correct answer should be derived from the article itself, not assumed. [model=microsoft/Phi-4-mini-instruct]",3522.46,False,
microsoft/Phi-4-mini-instruct,4a8d094e92433f1ba1da21f602c417d9,groundedness,trace,0.0,"The agent's response 'diamond' is unsupported as there is no evidence provided to back this claim. The task requires identifying a nano-compound from a specific article, but no details or results from the article are given. [model=microsoft/Phi-4-mini-instruct]",3079.84,False,
microsoft/Phi-4-mini-instruct,4a8d094e92433f1ba1da21f602c417d9,instruction_following,agent,1.0,"The agent correctly identified the instructions and the user's request, and it provided a response that fully complied with the given instructions. There were no violations or deviations from the instructions. [model=microsoft/Phi-4-mini-instruct]",2663.36,False,
microsoft/Phi-4-mini-instruct,4a8d094e92433f1ba1da21f602c417d9,instruction_following,agent,0.0,"The agent failed to provide a final answer as the 'final_answer' tool did not return a result, indicating a possible error in the execution or a misunderstanding of the task requirements. [model=microsoft/Phi-4-mini-instruct]",3126.19,False,
microsoft/Phi-4-mini-instruct,4a8d094e92433f1ba1da21f602c417d9,reasoning_quality,agent,0.0,"The agent's execution steps are missing, making it impossible to evaluate the reasoning quality. Without steps, we cannot assess the logical progression, purposefulness, or the quality of the reasoning chain. [model=microsoft/Phi-4-mini-instruct]",2782.75,False,
microsoft/Phi-4-mini-instruct,4a8d094e92433f1ba1da21f602c417d9,reasoning_quality,agent,1.0,"The agent's reasoning is logical and purposeful, with each step contributing to the goal. The plan to use the search_agent to find the specific article and then to extract the nano-compound's name is well-motivated and follows the task's requirements. [model=microsoft/Phi-4-mini-instruct]",3729.09,False,
microsoft/Phi-4-mini-instruct,4ae16319f0de44a7d1e84595b41ae08d,helpfulness,trace,1.0,"The response directly answers the user's query with the final answer, which is highly helpful and complete. [model=microsoft/Phi-4-mini-instruct]",1897.16,False,
microsoft/Phi-4-mini-instruct,4ae16319f0de44a7d1e84595b41ae08d,accuracy,trace,0.0,"The response provided a final answer without any supporting information or verification steps, which is not in line with the task requirements. The score cannot be evaluated as the task was not completed as instructed. [model=microsoft/Phi-4-mini-instruct]",2788.93,False,
microsoft/Phi-4-mini-instruct,4ae16319f0de44a7d1e84595b41ae08d,groundedness,trace,0.0,The agent's response 'FINAL ANSWER: 30' is unsupported as there is no evidence provided to support the claim that it took 30 years for the percentage of computer scientists that were women to change by 13% from a starting point of 37%. [model=microsoft/Phi-4-mini-instruct],3531.65,False,
microsoft/Phi-4-mini-instruct,4ae16319f0de44a7d1e84595b41ae08d,instruction_following,agent,1.0,"The agent correctly identified the instructions and the user's request, and it provided a response that fully complied with the given instructions. There were no violations or deviations from the instructions. [model=microsoft/Phi-4-mini-instruct]",2628.68,False,
microsoft/Phi-4-mini-instruct,4ae16319f0de44a7d1e84595b41ae08d,instruction_following,agent,0.0,"The agent failed to provide a final answer, which is a requirement for the task completion. The user provided a task, and the agent only gave a thought process without executing the final step to obtain the answer. [model=microsoft/Phi-4-mini-instruct]",3452.25,False,
microsoft/Phi-4-mini-instruct,4ae16319f0de44a7d1e84595b41ae08d,reasoning_quality,agent,0.0,"The agent's execution steps are missing, making it impossible to evaluate the reasoning quality. Without steps, we cannot assess the logical progression, purposefulness, or the quality of the reasoning chain. [model=microsoft/Phi-4-mini-instruct]",2825.24,False,
microsoft/Phi-4-mini-instruct,4ae16319f0de44a7d1e84595b41ae08d,reasoning_quality,agent,0.75,"The agent's reasoning is mostly logical and purposeful, with a clear plan to use the search_agent to find the specific Girls Who Code source. However, the plan to use the 'final_answer' tool is not appropriate, as it is not designed to execute a plan but to provide a final answer to a given problem. This step is a misstep in the reasoning chain. [model=microsoft/Phi-4-mini-instruct]",4602.98,False,
microsoft/Phi-4-mini-instruct,4c79c8ba0cf1e8fcb1c408d53016c560,helpfulness,trace,0.0,"The agent's response does not provide any useful information or steps to solve the given task. It simply states a number without context or explanation, which does not help the user at all. [model=microsoft/Phi-4-mini-instruct]",2773.12,False,
microsoft/Phi-4-mini-instruct,4c79c8ba0cf1e8fcb1c408d53016c560,accuracy,trace,0.0,"The provided answer '736008' is a specific numerical value that cannot be verified as correct or incorrect without additional context. The task requires verification steps to confirm the accuracy of the population difference between the largest and smallest county seat in Washington state by land area, using the 2020 census data from data.census.gov. Since the verification steps are not provided, the accuracy of the answer cannot be assessed. [model=microsoft/Phi-4-mini-instruct]",5150.74,False,
microsoft/Phi-4-mini-instruct,4c79c8ba0cf1e8fcb1c408d53016c560,groundedness,trace,0.0,"The agent's response 'FINAL ANSWER: 736008' is unsupported as there is no evidence provided to back this specific numerical claim. The task requires looking up the population difference between the largest and smallest county seat in Washington state by land area, using data.census.gov. [model=microsoft/Phi-4-mini-instruct]",3614.99,False,
microsoft/Phi-4-mini-instruct,4c79c8ba0cf1e8fcb1c408d53016c560,instruction_following,agent,1.0,"The agent correctly identified the instructions and the user's request, and it provided a response that fully complied with the given instructions. There were no violations or deviations from the instructions. [model=microsoft/Phi-4-mini-instruct]",2403.07,False,
microsoft/Phi-4-mini-instruct,4c79c8ba0cf1e8fcb1c408d53016c560,instruction_following,agent,0.0,"The agent failed to provide a final answer, only offering a partial response with the 'final_answer' tool without a result. The task required a complete answer to the question about the population difference between the largest and smallest county seats in Washington state by land area, using 2020 census data. [model=microsoft/Phi-4-mini-instruct]",4262.31,False,
microsoft/Phi-4-mini-instruct,4c79c8ba0cf1e8fcb1c408d53016c560,reasoning_quality,agent,0.0,"The agent's execution steps are missing, making it impossible to evaluate the reasoning quality. Without steps, we cannot assess the logical progression, purposefulness, or the quality of the reasoning chain. [model=microsoft/Phi-4-mini-instruct]",2779.71,False,
microsoft/Phi-4-mini-instruct,4c79c8ba0cf1e8fcb1c408d53016c560,reasoning_quality,agent,1.0,"The agent's reasoning is coherent and logical, with each step directly contributing to the goal. The plan to use the search_agent to obtain a list of county seats and their land areas, and then to use data.census.gov to find the population figures, is well-motivated and purposeful. [model=microsoft/Phi-4-mini-instruct]",4016.02,False,
microsoft/Phi-4-mini-instruct,512475a321c616e45337da3575f6a185,helpfulness,trace,1.0,"The agent provided the final answer to the anagram, which is the direct solution to the user's query. This is highly helpful as it directly addresses the user's need. [model=microsoft/Phi-4-mini-instruct]",2571.14,False,
microsoft/Phi-4-mini-instruct,512475a321c616e45337da3575f6a185,accuracy,trace,0.0,The response 'silent' is a guess and cannot be evaluated for accuracy without the audio content. The evaluation steps cannot be completed without the audio file. [model=microsoft/Phi-4-mini-instruct],2438.59,False,
microsoft/Phi-4-mini-instruct,512475a321c616e45337da3575f6a185,groundedness,trace,0.0,"The agent's response 'silent' is a guess and not based on the provided evidence. The evidence does not support or contradict the claim, making it unsupported. [model=microsoft/Phi-4-mini-instruct]",2528.79,False,
microsoft/Phi-4-mini-instruct,512475a321c616e45337da3575f6a185,instruction_following,agent,1.0,"The agent correctly identified the instructions and the user's request, and it provided a response that fully complied with the given instructions. There were no violations or deviations from the instructions. [model=microsoft/Phi-4-mini-instruct]",2404.42,False,
microsoft/Phi-4-mini-instruct,512475a321c616e45337da3575f6a185,instruction_following,agent,0.0,"The agent failed to execute the task as it was unable to transcribe the audio file due to a FileConversionException, which indicates a misunderstanding of the tool's capabilities. The agent attempted to use the 'inspect_file_as_text' tool on an audio file, which is not supported, leading to an error. The agent's response was to call 'final_answer' with a silent value, which does not constitute a valid output for the task. [model=microsoft/Phi-4-mini-instruct]",9576.02,False,
microsoft/Phi-4-mini-instruct,512475a321c616e45337da3575f6a185,instruction_following,agent,0.0,"The agent failed to comply with the system prompt constraints as it attempted to use the inspect_file_as_text tool on an audio file, which is not supported. The correct approach would have been to first convert the audio to text using a suitable tool, which was not provided in the system prompt. [model=microsoft/Phi-4-mini-instruct]",4480.78,False,
microsoft/Phi-4-mini-instruct,512475a321c616e45337da3575f6a185,reasoning_quality,agent,0.0,"The agent's execution steps are missing, making it impossible to evaluate the reasoning quality. Without steps, we cannot assess the logical progression, purposefulness, or the quality of the reasoning chain. [model=microsoft/Phi-4-mini-instruct]",2769.57,False,
microsoft/Phi-4-mini-instruct,512475a321c616e45337da3575f6a185,reasoning_quality,agent,0.5,"The agent's reasoning is mostly logical, with a clear plan to transcribe the audio and generate an anagram. However, the agent encounters a FileNotFoundError, which they do not address, leading to an incomplete final answer. [model=microsoft/Phi-4-mini-instruct]",5322.13,False,
microsoft/Phi-4-mini-instruct,512475a321c616e45337da3575f6a185,reasoning_quality,agent,0.0,"The agent's reasoning is flawed because it attempts to convert an audio file directly to Markdown, which is not supported. The agent should have used a tool to transcribe the audio before attempting to convert it to text. [model=microsoft/Phi-4-mini-instruct]",3349.2,False,
microsoft/Phi-4-mini-instruct,53dba4241b22d5039c9c119871c7c8b4,helpfulness,trace,1.0,"The response directly answers the user's query with the estimated population of the island, which is highly helpful and complete. [model=microsoft/Phi-4-mini-instruct]",2032.51,False,
microsoft/Phi-4-mini-instruct,53dba4241b22d5039c9c119871c7c8b4,accuracy,trace,0.0,"The response provided a specific population figure for an island, which is not verifiable without further research. The task required identifying the island and its population, but the agent did not perform this research. [model=microsoft/Phi-4-mini-instruct]",2817.3,False,
microsoft/Phi-4-mini-instruct,53dba4241b22d5039c9c119871c7c8b4,groundedness,trace,0.0,The agent's response 'FINAL ANSWER: 56000' is unsupported as there is no evidence provided to support the specific population number of the island mentioned in the task. [model=microsoft/Phi-4-mini-instruct],2631.44,False,
microsoft/Phi-4-mini-instruct,53dba4241b22d5039c9c119871c7c8b4,instruction_following,agent,1.0,"The agent correctly identified the instructions and the user's request, and it provided a response that fully complied with the given instructions. There were no violations or deviations from the instructions. [model=microsoft/Phi-4-mini-instruct]",2390.12,False,
microsoft/Phi-4-mini-instruct,53dba4241b22d5039c9c119871c7c8b4,instruction_following,agent,0.0,"The agent failed to follow the instructions as it did not provide a final_answer for the given task, which was to determine the 2020 estimated population of the island named after the longest-lived vertebrate to the nearest thousand. Instead, it returned a placeholder for the final_answer tool without the actual data. [model=microsoft/Phi-4-mini-instruct]",4270.48,False,
microsoft/Phi-4-mini-instruct,53dba4241b22d5039c9c119871c7c8b4,reasoning_quality,agent,0.0,"The agent's execution steps are missing, making it impossible to evaluate the reasoning quality. Without steps, we cannot assess the logical progression, purposefulness, or the quality of the reasoning chain. [model=microsoft/Phi-4-mini-instruct]",2718.87,False,
microsoft/Phi-4-mini-instruct,53dba4241b22d5039c9c119871c7c8b4,reasoning_quality,agent,1.0,"The agent's reasoning is coherent and logical, with each step building upon the previous one to achieve the goal. The steps are purposeful and well-motivated, demonstrating a clear understanding of the task and the appropriate use of tools. [model=microsoft/Phi-4-mini-instruct]",3359.92,False,
microsoft/Phi-4-mini-instruct,59365b27641e501d105b0e8f5e7c5af7,helpfulness,trace,1.0,"The response directly answers the user's query by providing the number of studio albums published by Mercedes Sosa between 2000 and 2009, which is 1. This is highly helpful as it fully addresses the user's need. [model=microsoft/Phi-4-mini-instruct]",3068.88,False,
microsoft/Phi-4-mini-instruct,59365b27641e501d105b0e8f5e7c5af7,accuracy,trace,0.75,"The response correctly identifies the need to verify the number of studio albums by Mercedes Sosa between 2000 and 2009 using the latest 2022 version of English Wikipedia. The final answer '1' is assumed to be correct, but without verification, it cannot be fully evaluated. [model=microsoft/Phi-4-mini-instruct]",3734.85,False,
microsoft/Phi-4-mini-instruct,59365b27641e501d105b0e8f5e7c5af7,groundedness,trace,0.0,"The agent's response directly contradicts the evidence provided, as the evidence only shows Mercedes Sosa's studio album released in 1987, not between 2000 and 2009. [model=microsoft/Phi-4-mini-instruct]",2839.87,False,
microsoft/Phi-4-mini-instruct,59365b27641e501d105b0e8f5e7c5af7,instruction_following,agent,1.0,"The agent correctly identified the instructions and the user's request, and it provided a response that fully complied with the given instructions. There were no violations or deviations from the instructions. [model=microsoft/Phi-4-mini-instruct]",2399.84,False,
microsoft/Phi-4-mini-instruct,59365b27641e501d105b0e8f5e7c5af7,instruction_following,agent,0.0,"The agent's response did not fully comply with the instructions as it repeatedly attempted to use the 'page_down' tool with incorrect arguments, leading to errors. Additionally, the agent did not follow the correct procedure for using the 'web_search' tool, as indicated by the error messages received. The final_answer tool was not used to provide the final answer, which was the main objective of the task. [model=microsoft/Phi-4-mini-instruct]",22952.64,False,
microsoft/Phi-4-mini-instruct,59365b27641e501d105b0e8f5e7c5af7,instruction_following,agent,0.0,"The agent failed to follow the instructions as it repeatedly attempted to use the 'page_down' tool with incorrect arguments, leading to errors. Additionally, the 'web_search' tool was used with an incorrect query, resulting in no results found. The agent did not provide a final answer with the required details. [model=microsoft/Phi-4-mini-instruct]",14038.32,False,
microsoft/Phi-4-mini-instruct,59365b27641e501d105b0e8f5e7c5af7,reasoning_quality,agent,0.0,"The agent's execution steps are missing, making it impossible to evaluate the reasoning quality. Without steps, we cannot assess the logical progression, purposefulness, or the quality of the reasoning chain. [model=microsoft/Phi-4-mini-instruct]",2774.85,False,
microsoft/Phi-4-mini-instruct,59365b27641e501d105b0e8f5e7c5af7,reasoning_quality,agent,0.75,"The agent's reasoning is mostly logical, with a clear understanding of the task and appropriate use of tools. However, there are repeated errors in using the 'page_down' tool, which may indicate a lack of attention to the tool's requirements or a misunderstanding of the tool's functionality. [model=microsoft/Phi-4-mini-instruct]",17478.35,False,
microsoft/Phi-4-mini-instruct,59365b27641e501d105b0e8f5e7c5af7,reasoning_quality,agent,0.75,"The agent's reasoning is mostly logical, with a clear understanding of the task and appropriate use of tools. However, there are repeated attempts to use the 'page_down' tool with incorrect arguments, which may indicate a lack of attention to detail or a misunderstanding of the tool's requirements. [model=microsoft/Phi-4-mini-instruct]",12206.28,False,
microsoft/Phi-4-mini-instruct,5a6c51d59f870513c68745e2e0f9269f,helpfulness,trace,1.0,"The response directly answers the user's query with the final answer, which is highly helpful and complete. [model=microsoft/Phi-4-mini-instruct]",1926.25,False,
microsoft/Phi-4-mini-instruct,5a6c51d59f870513c68745e2e0f9269f,accuracy,trace,0.0,"The response provided a final answer without any supporting evidence or verification steps, which is not in line with the task's requirements. The score cannot be determined due to the lack of a complete response. [model=microsoft/Phi-4-mini-instruct]",2827.78,False,
microsoft/Phi-4-mini-instruct,5a6c51d59f870513c68745e2e0f9269f,groundedness,trace,0.0,The agent's response is unsupported as it provides a final answer without evidence from the available sources. The provided evidence does not contain the necessary information to determine the absolute difference between the chapter numbers of the paintings' titles. [model=microsoft/Phi-4-mini-instruct],3115.57,False,
microsoft/Phi-4-mini-instruct,5a6c51d59f870513c68745e2e0f9269f,instruction_following,agent,1.0,"The agent correctly identified the instructions and the user's request, and it provided a response that fully complied with the given instructions. There were no violations or deviations from the instructions. [model=microsoft/Phi-4-mini-instruct]",2409.08,False,
microsoft/Phi-4-mini-instruct,5a6c51d59f870513c68745e2e0f9269f,instruction_following,agent,0.25,"The agent attempted to follow the instructions but faced issues with the 'web_search' tool, which returned no results for specific queries. The agent also tried to inspect a file as text, but the file did not contain the requested information. The final_answer tool was not used as the necessary information was not obtained from the previous steps. [model=microsoft/Phi-4-mini-instruct]",18186.3,False,
microsoft/Phi-4-mini-instruct,5a6c51d59f870513c68745e2e0f9269f,instruction_following,agent,0.0,"The agent's final answer did not fully comply with the instructions as it did not provide the requested detailed versions of the task outcomes and additional context, and it also failed to follow the specific format for the final_answer tool, which requires a 'name' key with the value 'final_answer' and an 'arguments' key with the 'answer' key. [model=microsoft/Phi-4-mini-instruct]",12555.58,False,
microsoft/Phi-4-mini-instruct,5a6c51d59f870513c68745e2e0f9269f,reasoning_quality,agent,0.0,"The agent's execution steps are missing, making it impossible to evaluate the reasoning quality. Without steps, we cannot assess the logical progression, purposefulness, or the quality of the reasoning chain. [model=microsoft/Phi-4-mini-instruct]",2792.94,False,
microsoft/Phi-4-mini-instruct,5a6c51d59f870513c68745e2e0f9269f,reasoning_quality,agent,0.25,"The agent's steps are mostly logical, but the approach to finding the specific footnote 397 in the dissertation and its connection to the Smithsonian American Art Museum's paintings is not clear, leading to a lack of progress in the task. [model=microsoft/Phi-4-mini-instruct]",13726.25,False,
microsoft/Phi-4-mini-instruct,5a6c51d59f870513c68745e2e0f9269f,reasoning_quality,agent,0.25,"The agent's steps are mostly logical, aiming to find the dissertation and footnote 397, but the approach is flawed as it repeatedly attempts to find a non-existent footnote and does not directly address the Smithsonian paintings' connection. [model=microsoft/Phi-4-mini-instruct]",9268.19,False,
microsoft/Phi-4-mini-instruct,5b5a35053775cbf29701c171e6675853,helpfulness,trace,1.0,"The response directly answers the user's query with the exact line from the video, which is highly helpful and complete. [model=microsoft/Phi-4-mini-instruct]",2024.96,False,
microsoft/Phi-4-mini-instruct,5b5a35053775cbf29701c171e6675853,accuracy,trace,0.0,"The response 'extremely' is a subjective interpretation of Teal'c's reaction in the video, which cannot be verified as a factual claim. Therefore, the score is 0.0 due to the lack of a verifiable factual claim. [model=microsoft/Phi-4-mini-instruct]",3307.48,False,
microsoft/Phi-4-mini-instruct,5b5a35053775cbf29701c171e6675853,groundedness,trace,1.0,The provided evidence does not contain any specific factual claims about Teal'c's response to the question 'Isn't that hot?' [model=microsoft/Phi-4-mini-instruct],5772.73,False,
microsoft/Phi-4-mini-instruct,5b5a35053775cbf29701c171e6675853,instruction_following,agent,1.0,"The agent correctly identified the instructions and the user's request, and it provided a response that fully complied with the given instructions. There were no violations or deviations from the instructions. [model=microsoft/Phi-4-mini-instruct]",2385.77,False,
microsoft/Phi-4-mini-instruct,5b5a35053775cbf29701c171e6675853,instruction_following,agent,1.0,"The agent successfully completed the task by providing a detailed and verified transcript of Teal'c's response to the question 'Isn't that hot?' in the video, including the timestamp and context, thus fully complying with the user's instructions. [model=microsoft/Phi-4-mini-instruct]",5981.76,False,
microsoft/Phi-4-mini-instruct,5b5a35053775cbf29701c171e6675853,instruction_following,agent,0.0,"The agent failed to follow the initial instruction to provide a high-level plan before executing the task, instead jumping directly to the execution step. The final answer was not provided in the expected format, as it was not wrapped in the 'final_answer' tool structure. [model=microsoft/Phi-4-mini-instruct]",4075.07,False,
microsoft/Phi-4-mini-instruct,5b5a35053775cbf29701c171e6675853,reasoning_quality,agent,0.0,"The agent's execution steps are missing, making it impossible to evaluate the reasoning quality. Without steps, we cannot assess the logical progression, purposefulness, or the quality of the reasoning chain. [model=microsoft/Phi-4-mini-instruct]",2740.05,False,
microsoft/Phi-4-mini-instruct,5b5a35053775cbf29701c171e6675853,reasoning_quality,agent,1.0,"The agent's steps are logical and purposeful, with each step building on the previous one to achieve the goal of identifying Teal'c's response to the question 'Isn't that hot?'. The use of the 'visit_page' tool to retrieve the video transcript and the 'final_answer' tool to present the final response is appropriate and well-executed. [model=microsoft/Phi-4-mini-instruct]",5668.24,False,
microsoft/Phi-4-mini-instruct,5b5a35053775cbf29701c171e6675853,reasoning_quality,agent,1.0,The agent's steps are logical and directly address the task of finding the specific segment in the video transcript where the question 'Isn't that hot?' is asked. The use of the 'visit_page' tool to retrieve the video transcript is appropriate and directly contributes to achieving the goal. [model=microsoft/Phi-4-mini-instruct],3848.76,False,
microsoft/Phi-4-mini-instruct,5bbd1534b199c57861f55b58be9949a0,helpfulness,trace,1.0,"The response directly answers the user's query with the exact phrase that was removed from the Wikipedia page, which is highly helpful and complete. [model=microsoft/Phi-4-mini-instruct]",2338.19,False,
microsoft/Phi-4-mini-instruct,5bbd1534b199c57861f55b58be9949a0,accuracy,trace,0.0,"The response 'Here be dragons' is a common phrase used to indicate a blank space on a map, not a factual answer to the given task. The task requires the exact phrase that was removed from the Wikipedia page, which is not provided in the response. The score reflects a significant factual error. [model=microsoft/Phi-4-mini-instruct]",3716.25,False,
microsoft/Phi-4-mini-instruct,5bbd1534b199c57861f55b58be9949a0,groundedness,trace,0.0,The agent's response 'Here be dragons' is not supported by the available evidence. The provided search results do not contain the phrase 'Here be dragons' or any similar phrase that could be derived from the search results. [model=microsoft/Phi-4-mini-instruct],3119.33,False,
microsoft/Phi-4-mini-instruct,5bbd1534b199c57861f55b58be9949a0,instruction_following,agent,1.0,"The agent correctly identified the instructions and the user's request, and it provided a response that fully complied with the given instructions. There were no violations or deviations from the instructions. [model=microsoft/Phi-4-mini-instruct]",2400.51,False,
microsoft/Phi-4-mini-instruct,5bbd1534b199c57861f55b58be9949a0,instruction_following,agent,0.0,"The agent's response did not fully comply with the instructions as it failed to execute the 'page_down' tool correctly, repeatedly encountering a TypeError due to an unexpected keyword argument, which indicates a misunderstanding of the tool's input requirements. [model=microsoft/Phi-4-mini-instruct]",19864.26,False,
microsoft/Phi-4-mini-instruct,5bbd1534b199c57861f55b58be9949a0,instruction_following,agent,0.0,"The agent's response did not fully comply with the instructions as it failed to execute the 'page_down' tool correctly, repeatedly encountering a TypeError due to an unexpected keyword argument. Additionally, the agent did not provide the final answer in the required format, instead offering a series of observations and tool calls that do not constitute a complete solution. [model=microsoft/Phi-4-mini-instruct]",14442.93,False,
microsoft/Phi-4-mini-instruct,5bbd1534b199c57861f55b58be9949a0,reasoning_quality,agent,0.0,"The agent's execution steps are missing, making it impossible to evaluate the reasoning quality. Without steps, we cannot assess the logical progression, purposefulness, or the quality of the reasoning chain. [model=microsoft/Phi-4-mini-instruct]",2704.41,False,
microsoft/Phi-4-mini-instruct,5bbd1534b199c57861f55b58be9949a0,reasoning_quality,agent,0.5,"The agent's steps are mostly logical, aiming to find the removed phrase from a Wikipedia edit. However, there are errors in tool usage and some steps are not directly contributing to the goal, such as attempting to download the page as a PDF or searching for 'joke' which was not found. [model=microsoft/Phi-4-mini-instruct]",19147.04,False,
microsoft/Phi-4-mini-instruct,5bbd1534b199c57861f55b58be9949a0,reasoning_quality,agent,0.75,"The agent's steps are mostly logical and purposeful, with a clear understanding of the task and appropriate use of tools. However, there are some errors in tool usage and a lack of success in finding the exact phrase removed, which slightly impacts the reasoning chain. [model=microsoft/Phi-4-mini-instruct]",11764.47,False,
microsoft/Phi-4-mini-instruct,5dc4cf8d5175f2782f46265456998d39,helpfulness,trace,0.0,The response does not provide any useful information or steps to solve the given task. It simply states a final answer without any context or explanation. [model=microsoft/Phi-4-mini-instruct],2291.59,False,
microsoft/Phi-4-mini-instruct,5dc4cf8d5175f2782f46265456998d39,accuracy,trace,0.0,"The response provided a final answer without any factual basis or verification steps, making it impossible to evaluate its accuracy. The task required a preparatory survey to identify necessary facts, which was not completed. [model=microsoft/Phi-4-mini-instruct]",2771.08,False,
microsoft/Phi-4-mini-instruct,5dc4cf8d5175f2782f46265456998d39,groundedness,trace,0.0,"The agent's response '133.7' is unsupported as there is no evidence provided to support this specific numerical answer. The task requires looking up the gender split from the 2011 Bulgarian census and performing a calculation, but no data or results from such a lookup are available. [model=microsoft/Phi-4-mini-instruct]",3560.7,False,
microsoft/Phi-4-mini-instruct,5dc4cf8d5175f2782f46265456998d39,instruction_following,agent,1.0,"The agent correctly identified the instructions and the user's request, and it provided a response that fully complied with the given instructions. There were no violations or deviations from the instructions. [model=microsoft/Phi-4-mini-instruct]",2360.0,False,
microsoft/Phi-4-mini-instruct,5dc4cf8d5175f2782f46265456998d39,instruction_following,agent,0.0,"The agent failed to follow the initial task, which was to generate an image of the oldest person in a document, and instead provided a final answer for a different task. The agent's response did not comply with the system prompt constraints and the user's explicit request. [model=microsoft/Phi-4-mini-instruct]",4112.14,False,
microsoft/Phi-4-mini-instruct,5dc4cf8d5175f2782f46265456998d39,reasoning_quality,agent,0.0,"The agent's execution steps are missing, making it impossible to evaluate the reasoning quality. Without steps, we cannot assess the logical progression, purposefulness, or the quality of the reasoning chain. [model=microsoft/Phi-4-mini-instruct]",2735.69,False,
microsoft/Phi-4-mini-instruct,5dc4cf8d5175f2782f46265456998d39,reasoning_quality,agent,1.0,"The agent's reasoning is logical and well-structured, with each step clearly contributing to the goal of obtaining the necessary data from the 2011 Bulgarian census. The steps are purposeful, and the use of the 'final_answer' tool to obtain the result is appropriate. The reasoning chain is complete and coherent, leading to a successful outcome. [model=microsoft/Phi-4-mini-instruct]",4460.7,False,
microsoft/Phi-4-mini-instruct,5e5dc94e090341c564d582f551a0cddb,helpfulness,trace,1.0,"The agent's response directly answers the user's question, providing the exact number of additional layers in the BERT base encoder compared to the architecture proposed in 'Attention is All You Need'. This is highly helpful as it fully addresses the user's need. [model=microsoft/Phi-4-mini-instruct]",3191.52,False,
microsoft/Phi-4-mini-instruct,5e5dc94e090341c564d582f551a0cddb,accuracy,trace,0.0,"The response provided a final answer without any supporting information or verification steps, which is not in line with the task requirements. The score cannot be evaluated as the task was not completed as instructed. [model=microsoft/Phi-4-mini-instruct]",2690.2,False,
microsoft/Phi-4-mini-instruct,5e5dc94e090341c564d582f551a0cddb,groundedness,trace,0.0,The agent's response provides a final answer without any supporting evidence or steps to verify the claim. The score is 0.0 as the claim is unsupported and contradicted by the lack of evidence. [model=microsoft/Phi-4-mini-instruct],2828.1,False,
microsoft/Phi-4-mini-instruct,5e5dc94e090341c564d582f551a0cddb,instruction_following,agent,1.0,"The agent correctly identified the instructions and the user's request, and it provided a response that fully complied with the given instructions. There were no violations or deviations from the instructions. [model=microsoft/Phi-4-mini-instruct]",2360.88,False,
microsoft/Phi-4-mini-instruct,5e5dc94e090341c564d582f551a0cddb,instruction_following,agent,0.0,"The agent failed to follow the instructions as it did not provide a final_answer tool call to return the result, which is a requirement for completing the task as per the given instructions. [model=microsoft/Phi-4-mini-instruct]",3132.64,False,
microsoft/Phi-4-mini-instruct,5e5dc94e090341c564d582f551a0cddb,reasoning_quality,agent,0.0,"The agent's execution steps are missing, making it impossible to evaluate the reasoning quality. Without steps, we cannot assess the logical progression, purposefulness, or the quality of the reasoning chain. [model=microsoft/Phi-4-mini-instruct]",2709.2,False,
microsoft/Phi-4-mini-instruct,5e5dc94e090341c564d582f551a0cddb,reasoning_quality,agent,1.0,"The agent's reasoning is mostly logical and well-motivated, with a clear understanding of the task and the appropriate use of tools. The final answer provided is correct, and the steps taken are purposeful and contribute to achieving the goal. [model=microsoft/Phi-4-mini-instruct]",3157.82,False,
microsoft/Phi-4-mini-instruct,5ec1cd43eb8ae4094e93a4892ff0f06f,helpfulness,trace,0.0,"The agent's response 'Harbinger' is not helpful as it does not address the user's need to find album titles by Fiona Apple and Paula Cole that did not receive a letter grade from Robert Christgau. The user needs a list of album titles, not a single album title. [model=microsoft/Phi-4-mini-instruct]",3573.22,False,
microsoft/Phi-4-mini-instruct,5ec1cd43eb8ae4094e93a4892ff0f06f,accuracy,trace,0.0,"The agent's response 'Harbinger' is incorrect. The task requires identifying albums by Fiona Apple and Paula Cole that did not receive a letter grade from Robert Christgau, but the agent provided an album title instead of a list. The correct answer should be a list of album titles, not a single title. [model=microsoft/Phi-4-mini-instruct]",3839.47,False,
microsoft/Phi-4-mini-instruct,5ec1cd43eb8ae4094e93a4892ff0f06f,groundedness,trace,0.0,"The agent's response 'Harbinger' is unsupported by the provided evidence. The task requires identifying albums by Fiona Apple and Paula Cole that did not receive a letter grade from Robert Christgau, but no such information is available in the provided evidence. [model=microsoft/Phi-4-mini-instruct]",3203.07,False,
microsoft/Phi-4-mini-instruct,5ec1cd43eb8ae4094e93a4892ff0f06f,instruction_following,agent,1.0,"The agent correctly identified the instructions and the user's request, and it provided a response that fully complied with the given instructions. There were no violations or deviations from the instructions. [model=microsoft/Phi-4-mini-instruct]",2351.31,False,
microsoft/Phi-4-mini-instruct,5ec1cd43eb8ae4094e93a4892ff0f06f,instruction_following,agent,0.0,"The agent failed to provide a final answer, which is a requirement for completing the task as per the instructions. The user input step was not executed, and the final_answer tool was not called with the correct parameters. [model=microsoft/Phi-4-mini-instruct]",3464.54,False,
microsoft/Phi-4-mini-instruct,5ec1cd43eb8ae4094e93a4892ff0f06f,reasoning_quality,agent,0.0,"The agent's execution steps are missing, making it impossible to evaluate the reasoning quality. Without steps, we cannot assess the logical progression, purposefulness, or the quality of the reasoning chain. [model=microsoft/Phi-4-mini-instruct]",2722.84,False,
microsoft/Phi-4-mini-instruct,5ec1cd43eb8ae4094e93a4892ff0f06f,reasoning_quality,agent,0.0,"The agent's reasoning is flawed as it fails to execute the necessary steps to gather the required information, instead attempting to use a tool that does not exist ('final_answer'). [model=microsoft/Phi-4-mini-instruct]",2823.72,False,
microsoft/Phi-4-mini-instruct,5f3a0a7fc572f49630c069e4e5a64ae3,helpfulness,trace,1.0,"The response directly answers the user's query by identifying the military unit the author joined, which is highly helpful. The user was looking for a specific fact, and the response provided it without additional context or information. [model=microsoft/Phi-4-mini-instruct]",2875.78,False,
microsoft/Phi-4-mini-instruct,5f3a0a7fc572f49630c069e4e5a64ae3,accuracy,trace,0.0,"The response contains a factual error. The Russian-German Legion was not a military unit but rather a group of German volunteers who fought for Russia during the Napoleonic Wars. The correct answer should be the specific military unit the author joined, which is not provided in the task. [model=microsoft/Phi-4-mini-instruct]",3529.82,False,
microsoft/Phi-4-mini-instruct,5f3a0a7fc572f49630c069e4e5a64ae3,groundedness,trace,0.0,The agent's response is unsupported as it does not provide any evidence from the given data to back the claim that the military unit joined by the author of the book in 1813 is the Russian-German Legion. [model=microsoft/Phi-4-mini-instruct],2967.09,False,
microsoft/Phi-4-mini-instruct,5f3a0a7fc572f49630c069e4e5a64ae3,instruction_following,agent,1.0,"The agent correctly identified the instructions and the user's request, and it provided a response that fully complied with the given instructions. There were no violations or deviations from the instructions. [model=microsoft/Phi-4-mini-instruct]",2350.22,False,
microsoft/Phi-4-mini-instruct,5f3a0a7fc572f49630c069e4e5a64ae3,instruction_following,agent,0.0,"The agent failed to provide a final answer for the task, which was a direct violation of the user's explicit request to generate an image of the oldest person in the document, as the tools available do not support image generation. The agent also encountered errors when attempting to use the 'page_down' tool, which indicates a lack of compliance with the system prompt constraints. [model=microsoft/Phi-4-mini-instruct]",27671.26,False,
microsoft/Phi-4-mini-instruct,5f3a0a7fc572f49630c069e4e5a64ae3,instruction_following,agent,0.0,"The agent failed to follow the instructions as it repeatedly attempted to use the 'page_down' tool with incorrect arguments, leading to errors and not progressing with the task. Additionally, the agent did not provide a final answer using the 'final_answer' tool as required by the system prompt. [model=microsoft/Phi-4-mini-instruct]",9070.48,False,
microsoft/Phi-4-mini-instruct,5f3a0a7fc572f49630c069e4e5a64ae3,instruction_following,agent,0.0,"The agent failed to follow the instructions as it did not provide a final_answer tool with the required structure, instead, it provided an observation from a web search tool call. The agent also did not format the output as per the given instructions. [model=microsoft/Phi-4-mini-instruct]",3910.11,False,
microsoft/Phi-4-mini-instruct,5f3a0a7fc572f49630c069e4e5a64ae3,reasoning_quality,agent,0.0,"The agent's execution steps are missing, making it impossible to evaluate the reasoning quality. Without steps, we cannot assess the logical progression, purposefulness, or the quality of the reasoning chain. [model=microsoft/Phi-4-mini-instruct]",2705.76,False,
microsoft/Phi-4-mini-instruct,5f3a0a7fc572f49630c069e4e5a64ae3,reasoning_quality,agent,0.75,"The agent's reasoning is mostly logical, with a clear understanding of the task and appropriate use of tools to gather information. However, there are repeated attempts to use the 'page_down' tool with incorrect arguments, which may indicate a lack of attention to the tool's requirements and could be seen as a minor flaw in the decision-making process. [model=microsoft/Phi-4-mini-instruct]",24501.43,False,
microsoft/Phi-4-mini-instruct,5f3a0a7fc572f49630c069e4e5a64ae3,reasoning_quality,agent,0.5,"The agent's steps are mostly logical, aiming to gather detailed information about the photograph with accession number 2022.128. However, the repeated use of the 'page_down' tool with an error and the lack of a clear plan to find the 'Biography' or 'book held' information indicate a lack of a structured approach, which may lead to missing out on important details. [model=microsoft/Phi-4-mini-instruct]",9422.74,False,
microsoft/Phi-4-mini-instruct,5f3a0a7fc572f49630c069e4e5a64ae3,reasoning_quality,agent,0.75,"The agent's steps are logical and well-motivated, aiming to gather biographical information on Carl von Clausewitz with a focus on his military career and the specific unit he joined in 1813. The use of the web_search tool is appropriate for the task, and the steps are designed to progressively build a detailed answer. [model=microsoft/Phi-4-mini-instruct]",4722.32,False,
microsoft/Phi-4-mini-instruct,62df2a06b647ca730391602dbf62f843,helpfulness,trace,1.0,"The agent's response provides a direct answer to the user's query, which is highly helpful and fully addresses the user's need. [model=microsoft/Phi-4-mini-instruct]",2462.34,False,
microsoft/Phi-4-mini-instruct,62df2a06b647ca730391602dbf62f843,accuracy,trace,0.0,"The provided response contains specific numbers for each day of August, which are not verifiable without access to the actual Wikipedia data. Therefore, the accuracy of these numbers cannot be confirmed. [model=microsoft/Phi-4-mini-instruct]",3347.24,False,
microsoft/Phi-4-mini-instruct,62df2a06b647ca730391602dbf62f843,groundedness,trace,0.0,"The provided evidence does not support any factual claims, as the 'Tool Results' section contains no relevant data. Therefore, the score is 0.0. [model=microsoft/Phi-4-mini-instruct]",2780.16,False,
microsoft/Phi-4-mini-instruct,62df2a06b647ca730391602dbf62f843,instruction_following,agent,1.0,"The agent correctly identified the instructions and the user's request, and it provided a response that fully complied with the given instructions. There were no violations or deviations from the instructions. [model=microsoft/Phi-4-mini-instruct]",2526.67,False,
microsoft/Phi-4-mini-instruct,62df2a06b647ca730391602dbf62f843,instruction_following,agent,0.0,"The agent failed to provide a final_answer for the new task, which is a clear violation of the instruction to 'Run verification steps if that's needed, you must make sure you find the correct answer!'. The agent's response did not include the final answer, only the task itself, which does not fulfill the user's request for a solution. [model=microsoft/Phi-4-mini-instruct]",4952.58,False,
microsoft/Phi-4-mini-instruct,62df2a06b647ca730391602dbf62f843,reasoning_quality,agent,0.0,"The agent's execution steps are missing, making it impossible to evaluate the reasoning quality. Without steps, we cannot assess the logical progression, purposefulness, or the quality of the reasoning chain. [model=microsoft/Phi-4-mini-instruct]",2930.39,False,
microsoft/Phi-4-mini-instruct,62df2a06b647ca730391602dbf62f843,reasoning_quality,agent,1.0,"The agent's reasoning is logical and well-motivated, with each step clearly contributing to the goal of identifying the number of Twitter/X post citations in Wikipedia pages for each day of August in June 2023. The plan is methodical, starting with identifying the necessary dataset, then analyzing the text, and finally aggregating the data by day. [model=microsoft/Phi-4-mini-instruct]",4715.37,False,
microsoft/Phi-4-mini-instruct,63ac9e03bf750e58eecbc5b148d8d215,helpfulness,trace,0.0,"The response provides the final answer without any explanation or reasoning, which does not help the user understand how the answer was derived. It also does not address the user's need to understand the optimal strategy for the game. [model=microsoft/Phi-4-mini-instruct]",3154.72,False,
microsoft/Phi-4-mini-instruct,63ac9e03bf750e58eecbc5b148d8d215,accuracy,trace,1.0,"The response provides a final answer without any supporting reasoning or verification steps, which is not in line with the task's requirements. However, the final answer itself is correct based on the given task. [model=microsoft/Phi-4-mini-instruct]",3000.83,False,
microsoft/Phi-4-mini-instruct,63ac9e03bf750e58eecbc5b148d8d215,groundedness,trace,0.0,"The agent's response directly contradicts the available evidence, as the evidence does not support the claim that Bob can win exactly $10,000 using the optimal strategy. [model=microsoft/Phi-4-mini-instruct]",2732.86,False,
microsoft/Phi-4-mini-instruct,63ac9e03bf750e58eecbc5b148d8d215,instruction_following,agent,1.0,"The agent correctly identified the instructions and the user's request, and it provided a response that fully complied with the given instructions. There were no violations or deviations from the instructions. [model=microsoft/Phi-4-mini-instruct]",2544.58,False,
microsoft/Phi-4-mini-instruct,63ac9e03bf750e58eecbc5b148d8d215,instruction_following,agent,0.0,"The agent's response and execution steps did not fully comply with the instructions as the final_answer tool was not called with the correct parameters, leading to a 'None' output instead of the expected final answer. [model=microsoft/Phi-4-mini-instruct]",4024.66,False,
microsoft/Phi-4-mini-instruct,63ac9e03bf750e58eecbc5b148d8d215,reasoning_quality,agent,0.0,"The agent's execution steps are missing, making it impossible to evaluate the reasoning quality. Without steps, we cannot assess the logical progression, purposefulness, or the quality of the reasoning chain. [model=microsoft/Phi-4-mini-instruct]",2968.86,False,
microsoft/Phi-4-mini-instruct,63ac9e03bf750e58eecbc5b148d8d215,reasoning_quality,agent,0.95,"The agent's steps are logical and purposeful, aiming to solve the problem through brute-force search and optimization. The reasoning chain is mostly clear and contributes to achieving the goal, with a minor issue in the final step where the output from the code snippet is not provided. [model=microsoft/Phi-4-mini-instruct]",3925.77,False,
microsoft/Phi-4-mini-instruct,672d36d8ecc4816738433c75136eb99d,helpfulness,trace,1.0,"The response directly answers the user's query with the number of pages mentioning nuclear energy in the 2023 IPCC report, which is highly helpful and complete. [model=microsoft/Phi-4-mini-instruct]",2567.93,False,
microsoft/Phi-4-mini-instruct,672d36d8ecc4816738433c75136eb99d,accuracy,trace,0.0,"The response provided a final answer without any supporting evidence or verification steps, which is not in line with the task requirements. The score is 0.0 due to the lack of factual information and the failure to follow the given instructions. [model=microsoft/Phi-4-mini-instruct]",3284.61,False,
microsoft/Phi-4-mini-instruct,672d36d8ecc4816738433c75136eb99d,groundedness,trace,0.0,The agent's response is unsupported as there is no evidence provided to verify the claim that the 2023 IPCC report (85 pages version) mentions nuclear energy 8 times. [model=microsoft/Phi-4-mini-instruct],2839.87,False,
microsoft/Phi-4-mini-instruct,672d36d8ecc4816738433c75136eb99d,instruction_following,agent,1.0,"The agent correctly identified the instructions and the user's request, and it provided a response that fully complied with the given instructions. There were no violations or deviations from the instructions. [model=microsoft/Phi-4-mini-instruct]",2521.29,False,
microsoft/Phi-4-mini-instruct,672d36d8ecc4816738433c75136eb99d,instruction_following,agent,0.0,"The agent failed to provide a definitive answer to the user's question about the number of pages in the 2023 IPCC report that mention 'nuclear energy', as the final_answer tool did not return a result due to an error in the inspect_file_as_text function call. The agent attempted to retrieve and analyze the report but did not succeed in obtaining the required information. [model=microsoft/Phi-4-mini-instruct]",5717.71,False,
microsoft/Phi-4-mini-instruct,672d36d8ecc4816738433c75136eb99d,reasoning_quality,agent,0.0,"The agent's execution steps are missing, making it impossible to evaluate the reasoning quality. Without steps, we cannot assess the logical progression, purposefulness, or the quality of the reasoning chain. [model=microsoft/Phi-4-mini-instruct]",2951.83,False,
microsoft/Phi-4-mini-instruct,672d36d8ecc4816738433c75136eb99d,reasoning_quality,agent,0.5,"The agent's reasoning is mostly logical, aiming to retrieve and analyze the IPCC report to find the number of pages mentioning 'nuclear energy'. However, the agent repeatedly made the same request to the search_agent without receiving a definitive answer, and the final attempt to analyze the report directly resulted in an error. This indicates a lack of progress towards the goal despite the logical steps taken. [model=microsoft/Phi-4-mini-instruct]",5479.41,False,
microsoft/Phi-4-mini-instruct,6cc6dc35a28bbed6cfd873756094bc16,helpfulness,trace,1.0,"The response provides the final answer to the user's query, which is a direct and complete answer to the question asked. The user does not need further assistance, and the response fully addresses the user's need. [model=microsoft/Phi-4-mini-instruct]",3066.88,False,
microsoft/Phi-4-mini-instruct,6cc6dc35a28bbed6cfd873756094bc16,accuracy,trace,0.0,"The response provided a specific number (2.4 meters) as the maximum length of #9 in the first National Geographic short on YouTube, which is a factual claim. However, without access to the Monterey Bay Aquarium website or the specific video, it is impossible to verify the accuracy of this number. Therefore, the score reflects the inability to verify the claim. [model=microsoft/Phi-4-mini-instruct]",4509.4,False,
microsoft/Phi-4-mini-instruct,6cc6dc35a28bbed6cfd873756094bc16,groundedness,trace,0.0,"The provided evidence does not contain any specific information about the length of a particular video or its content, so the final answer '2.4' cannot be supported or contradicted based on the available data. [model=microsoft/Phi-4-mini-instruct]",3159.6,False,
microsoft/Phi-4-mini-instruct,6cc6dc35a28bbed6cfd873756094bc16,instruction_following,agent,1.0,"The agent correctly identified the instructions and the user's request, and it provided a response that fully complied with the given instructions. There were no violations or deviations from the instructions. [model=microsoft/Phi-4-mini-instruct]",2528.93,False,
microsoft/Phi-4-mini-instruct,6cc6dc35a28bbed6cfd873756094bc16,instruction_following,agent,0.0,"The agent's response did not fully comply with the instructions as it repeatedly attempted to use the 'web_search' tool with specific queries that returned no results, indicating a failure to adapt the search strategy when faced with exceptions. Additionally, the agent did not provide a final answer to the original task, which was to extract the maximum length of #9 from the Monterey Bay Aquarium website. [model=microsoft/Phi-4-mini-instruct]",48787.36,False,
microsoft/Phi-4-mini-instruct,6cc6dc35a28bbed6cfd873756094bc16,instruction_following,agent,0.0,"The agent failed to find the required information on the Monterey Bay Aquarium website, as the search queries did not yield the necessary results. The agent attempted to use the 'find_on_page_ctrl_f' tool but the search string 'National Geographic' was not found on the page, indicating a possible misinterpretation of the task or an issue with the search string used. [model=microsoft/Phi-4-mini-instruct]",12837.28,False,
microsoft/Phi-4-mini-instruct,6cc6dc35a28bbed6cfd873756094bc16,instruction_following,agent,0.0,"The agent failed to follow the instructions to perform a web search with a specific query and instead provided a series of incorrect or irrelevant tool calls, leading to errors and no results. The agent also did not provide the requested detailed plan for the task. [model=microsoft/Phi-4-mini-instruct]",9911.42,False,
microsoft/Phi-4-mini-instruct,6cc6dc35a28bbed6cfd873756094bc16,instruction_following,agent,0.0,"The agent failed to follow the initial instructions as it executed a web search with an incorrect query, leading to no results found. The agent also attempted to visit a GitHub page, which is not relevant to the task, and did not provide the requested information from the Monterey Bay Aquarium website. [model=microsoft/Phi-4-mini-instruct]",7644.88,False,
microsoft/Phi-4-mini-instruct,6cc6dc35a28bbed6cfd873756094bc16,reasoning_quality,agent,0.0,"The agent's execution steps are missing, making it impossible to evaluate the reasoning quality. Without steps, we cannot assess the logical progression, purposefulness, or the quality of the reasoning chain. [model=microsoft/Phi-4-mini-instruct]",2806.17,False,
microsoft/Phi-4-mini-instruct,6cc6dc35a28bbed6cfd873756094bc16,reasoning_quality,agent,0.75,"The agent's reasoning is mostly logical, with a clear understanding of the task and appropriate use of tools. However, there are some illogical jumps and repeated attempts to find the same information, which could be seen as a lack of efficiency. [model=microsoft/Phi-4-mini-instruct]",36916.99,False,
microsoft/Phi-4-mini-instruct,6cc6dc35a28bbed6cfd873756094bc16,reasoning_quality,agent,0.5,"The agent's steps are mostly logical, aiming to find the specific content on the Monterey Bay Aquarium website, but the repeated use of a specific query that yields no results suggests a lack of flexibility in approach, which may hinder progress towards the goal. [model=microsoft/Phi-4-mini-instruct]",9850.22,False,
microsoft/Phi-4-mini-instruct,6cc6dc35a28bbed6cfd873756094bc16,reasoning_quality,agent,0.75,"The agent's reasoning is mostly logical, with a clear understanding of the task and appropriate use of tools. However, there are repeated errors in using the 'page_down' tool, which may indicate a lack of attention to the tool's requirements or a misunderstanding of its correct usage. [model=microsoft/Phi-4-mini-instruct]",9408.65,False,
microsoft/Phi-4-mini-instruct,6cc6dc35a28bbed6cfd873756094bc16,reasoning_quality,agent,0.25,"The agent's steps show a logical progression in attempting to find the required information, but there are repeated attempts to use the 'web_search' tool with increasingly specific queries that result in no results found, indicating a lack of flexibility in the approach and potential oversight in the search strategy. [model=microsoft/Phi-4-mini-instruct]",6515.61,False,
microsoft/Phi-4-mini-instruct,6d5b91f06e5a7377d4798be65fe46e97,helpfulness,trace,1.0,"The agent's response directly answers the user's query by converting the given Mesopotamian/Babylonian number into Arabic numerals, which is highly helpful and complete. [model=microsoft/Phi-4-mini-instruct]",2624.03,False,
microsoft/Phi-4-mini-instruct,6d5b91f06e5a7377d4798be65fe46e97,accuracy,trace,0.0,"The response provided a final answer without any explanation or verification steps, which is not in line with the task requirements. The score cannot be evaluated due to the lack of a complete response. [model=microsoft/Phi-4-mini-instruct]",2751.66,False,
microsoft/Phi-4-mini-instruct,6d5b91f06e5a7377d4798be65fe46e97,groundedness,trace,0.0,"The agent's response claims a conversion of Mesopotamian/Babylonian numbers to Arabic numerals, but no evidence or results from the tool are provided to support the final answer of 607. [model=microsoft/Phi-4-mini-instruct]",2954.05,False,
microsoft/Phi-4-mini-instruct,6d5b91f06e5a7377d4798be65fe46e97,instruction_following,agent,1.0,"The agent correctly identified the instructions and the user's request, and it provided a response that fully complied with the given instructions. There were no violations or deviations from the instructions. [model=microsoft/Phi-4-mini-instruct]",2705.22,False,
microsoft/Phi-4-mini-instruct,6d5b91f06e5a7377d4798be65fe46e97,instruction_following,agent,0.0,"The agent failed to follow the instructions as it did not provide a JSON object with the required fields 'explanation' and 'score'. Instead, it provided a Python code snippet for the final_answer tool, which is not a valid JSON response. [model=microsoft/Phi-4-mini-instruct]",4030.18,False,
microsoft/Phi-4-mini-instruct,6d5b91f06e5a7377d4798be65fe46e97,reasoning_quality,agent,0.0,"The agent's execution steps are missing, making it impossible to evaluate the reasoning quality. Without steps, we cannot assess the logical progression, purposefulness, or the quality of the reasoning chain. [model=microsoft/Phi-4-mini-instruct]",2780.84,False,
microsoft/Phi-4-mini-instruct,6d5b91f06e5a7377d4798be65fe46e97,reasoning_quality,agent,1.0,"The agent's reasoning is logical and well-motivated, with each step clearly contributing to the goal of converting the Babylonian numeral to an Arabic numeral. The steps are methodical, starting with understanding the Babylonian system, identifying the values of the symbols, and finally calculating the overall value. The final_answer tool is used appropriately to return the result. [model=microsoft/Phi-4-mini-instruct]",4702.06,False,
microsoft/Phi-4-mini-instruct,6e64c2e543327a7c2f2ce3d26ced94d1,helpfulness,trace,1.0,"The response directly answers the user's question with a numerical value, indicating the number of metro stations away from the original destination, thus fully addressing the user's need. [model=microsoft/Phi-4-mini-instruct]",2495.2,False,
microsoft/Phi-4-mini-instruct,6e64c2e543327a7c2f2ce3d26ced94d1,accuracy,trace,0.0,"The response '2' is too brief and lacks context. It does not provide a clear explanation or reasoning behind the answer, making it difficult to evaluate its accuracy. The score cannot be determined without further information. [model=microsoft/Phi-4-mini-instruct]",3080.81,False,
microsoft/Phi-4-mini-instruct,6e64c2e543327a7c2f2ce3d26ced94d1,groundedness,trace,0.0,The agent's response 'FINAL ANSWER: 2' is unsupported as it is a direct answer to the task without any evidence or reasoning provided. The score is 0.0 because the claim is fabricated and not grounded in the available evidence. [model=microsoft/Phi-4-mini-instruct],3957.63,False,
microsoft/Phi-4-mini-instruct,6e64c2e543327a7c2f2ce3d26ced94d1,instruction_following,agent,1.0,"The agent correctly identified the instructions and the user's request, and it provided a response that fully complied with the given instructions. There were no violations or deviations from the instructions. [model=microsoft/Phi-4-mini-instruct]",2906.16,False,
microsoft/Phi-4-mini-instruct,6e64c2e543327a7c2f2ce3d26ced94d1,instruction_following,agent,0.0,"The agent failed to provide a final answer for the last task, which was a requirement. The agent instead called for a search_agent to perform the task, which is not a direct response to the user's request for a numerical answer. [model=microsoft/Phi-4-mini-instruct]",4057.08,False,
microsoft/Phi-4-mini-instruct,6e64c2e543327a7c2f2ce3d26ced94d1,reasoning_quality,agent,0.0,"The agent's execution steps are missing, making it impossible to evaluate the reasoning quality. Without steps, we cannot assess the logical progression, purposefulness, or the quality of the reasoning chain. [model=microsoft/Phi-4-mini-instruct]",2882.72,False,
microsoft/Phi-4-mini-instruct,6e64c2e543327a7c2f2ce3d26ced94d1,reasoning_quality,agent,1.0,"The agent's reasoning is logical and well-motivated, with each step clearly contributing to the goal. The plan to use the 'search_agent' tool to gather necessary information about the Washington Metro layout and stations is appropriate and directly addresses the task's requirements. [model=microsoft/Phi-4-mini-instruct]",3921.77,False,
microsoft/Phi-4-mini-instruct,6f0ede30602ae3fe2ced3f9fabb008a6,helpfulness,trace,1.0,"The response directly answers the user's query by identifying the architectural firm, Skidmore, which designed the Chicago landmark building named after the city featured in the NASA Astronomy Picture of the Day in August 2015. This is a clear, complete, and actionable answer. [model=microsoft/Phi-4-mini-instruct]",3392.92,False,
microsoft/Phi-4-mini-instruct,6f0ede30602ae3fe2ced3f9fabb008a6,accuracy,trace,1.0,"The response correctly identifies the architectural firm Skidmore, Owings & Merrill (SOM) as the designer of the Willis Tower in Chicago, named after the Willis family. The first name in the firm's name is Skidmore, which is accurate as of June 2023. [model=microsoft/Phi-4-mini-instruct]",4122.15,False,
microsoft/Phi-4-mini-instruct,6f0ede30602ae3fe2ced3f9fabb008a6,groundedness,trace,1.0,"The agent needs to identify the city and landmark building, then find the architectural firm that designed it. The city is Chicago, and the landmark building is Willis Tower, named after Willis Tower Skidmore, Owings & Merrill (WSP). The first name in the firm's name is 'Willis'. [model=microsoft/Phi-4-mini-instruct]",3801.05,False,
microsoft/Phi-4-mini-instruct,6f0ede30602ae3fe2ced3f9fabb008a6,instruction_following,agent,1.0,"The agent correctly identified the instructions and the user's request, and it provided a response that fully complied with the given instructions. There were no violations or deviations from the instructions. [model=microsoft/Phi-4-mini-instruct]",2373.19,False,
microsoft/Phi-4-mini-instruct,6f0ede30602ae3fe2ced3f9fabb008a6,instruction_following,agent,0.0,"The agent failed to follow the initial step of the user's request, which was to create a comprehensive preparatory survey of known facts, and instead directly provided the final answer 'Skidmore' without showing the process of how it was derived. The user requested a step-by-step plan, which the agent did not provide. [model=microsoft/Phi-4-mini-instruct]",4517.36,False,
microsoft/Phi-4-mini-instruct,6f0ede30602ae3fe2ced3f9fabb008a6,reasoning_quality,agent,0.0,"The agent's execution steps are missing, making it impossible to evaluate the reasoning quality. Without steps, we cannot assess the logical progression, purposefulness, or the quality of the reasoning chain. [model=microsoft/Phi-4-mini-instruct]",2767.52,False,
microsoft/Phi-4-mini-instruct,6f0ede30602ae3fe2ced3f9fabb008a6,reasoning_quality,agent,1.0,"The agent's reasoning is logical and purposeful, with each step clearly contributing to the goal. The plan is well-structured, and the chosen tools are appropriate for the task. [model=microsoft/Phi-4-mini-instruct]",2877.84,False,
microsoft/Phi-4-mini-instruct,72877db591837666d500b459fb3cf29d,helpfulness,trace,0.0,The agent's response does not address the user's need to decrypt the message using the Caesar cipher. It provides an answer without solving the user's problem. [model=microsoft/Phi-4-mini-instruct],2370.4,False,
microsoft/Phi-4-mini-instruct,72877db591837666d500b459fb3cf29d,accuracy,trace,0.0,The response contains a factual error as the provided answer 'picnic is in polybius plaza' is not derived from the given Caesar cipher text 'Zsmxsm sc sx Zyvilsec Zvkjk'. [model=microsoft/Phi-4-mini-instruct],3073.62,False,
microsoft/Phi-4-mini-instruct,72877db591837666d500b459fb3cf29d,groundedness,trace,0.0,"The agent's response 'picnic is in polybius plaza' is unsupported by the provided evidence, as no relevant information or tools were used to verify this claim. [model=microsoft/Phi-4-mini-instruct]",2628.02,False,
microsoft/Phi-4-mini-instruct,72877db591837666d500b459fb3cf29d,instruction_following,agent,1.0,"The agent correctly identified the instructions and the user's request, and it provided a response that fully complied with the given instructions. There were no violations or deviations from the instructions. [model=microsoft/Phi-4-mini-instruct]",2410.44,False,
microsoft/Phi-4-mini-instruct,72877db591837666d500b459fb3cf29d,instruction_following,agent,0.0,"The agent failed to follow the initial step of creating a comprehensive preparatory survey as outlined in the user's request, instead jumping directly to attempting the decryption without providing the requested survey structure. [model=microsoft/Phi-4-mini-instruct]",3399.78,False,
microsoft/Phi-4-mini-instruct,72877db591837666d500b459fb3cf29d,reasoning_quality,agent,0.0,"The agent's execution steps are missing, making it impossible to evaluate the reasoning quality. Without steps, we cannot assess the logical progression, purposefulness, or the quality of the reasoning chain. [model=microsoft/Phi-4-mini-instruct]",2762.98,False,
microsoft/Phi-4-mini-instruct,72877db591837666d500b459fb3cf29d,reasoning_quality,agent,1.0,"The agent's reasoning is logical and well-motivated, with each step clearly contributing to the goal of decrypting the message using a Caesar cipher. The steps taken are purposeful and show a good understanding of the task at hand. [model=microsoft/Phi-4-mini-instruct]",3369.57,False,
microsoft/Phi-4-mini-instruct,75121379e11c550f3ca58e17c972266b,helpfulness,trace,1.0,"The response directly answers the user's query by identifying the five classes in the group, which is the main goal of the task. It provides a clear and complete answer, making it highly helpful. [model=microsoft/Phi-4-mini-instruct]",2784.77,False,
microsoft/Phi-4-mini-instruct,75121379e11c550f3ca58e17c972266b,accuracy,trace,0.25,"The response contains a factual error regarding the class 'Druid' as it is not a 5-man class in World of Warcraft. The correct classes should be Demon Hunter, Paladin, Priest, Rogue, and Warlock. The score is 0.25 due to the significant inaccuracy. [model=microsoft/Phi-4-mini-instruct]",3784.09,False,
microsoft/Phi-4-mini-instruct,75121379e11c550f3ca58e17c972266b,groundedness,trace,0.0,"The agent's response lists five classes in alphabetical order, but the evidence provided does not support this claim. The evidence does not contain any specific information about the classes or their abilities in the context of the task. [model=microsoft/Phi-4-mini-instruct]",2999.21,False,
microsoft/Phi-4-mini-instruct,75121379e11c550f3ca58e17c972266b,instruction_following,agent,1.0,"The agent correctly identified the instructions and the user's request, and it provided a response that fully complied with the given instructions. There were no violations or deviations from the instructions. [model=microsoft/Phi-4-mini-instruct]",2401.67,False,
microsoft/Phi-4-mini-instruct,75121379e11c550f3ca58e17c972266b,instruction_following,agent,0.0,"The agent failed to provide a final_answer for the new task, which is a clear violation of the user's explicit request for a solution to the puzzle. [model=microsoft/Phi-4-mini-instruct]",3025.73,False,
microsoft/Phi-4-mini-instruct,75121379e11c550f3ca58e17c972266b,reasoning_quality,agent,0.0,"The agent's execution steps are missing, making it impossible to evaluate the reasoning quality. Without steps, we cannot assess the logical progression, purposefulness, or the quality of the reasoning chain. [model=microsoft/Phi-4-mini-instruct]",2761.06,False,
microsoft/Phi-4-mini-instruct,75121379e11c550f3ca58e17c972266b,reasoning_quality,agent,1.0,"The agent's reasoning is logical and well-motivated, with each step contributing to the goal. The plan is clear and follows a structured approach to solve the puzzle. [model=microsoft/Phi-4-mini-instruct]",2907.72,False,
microsoft/Phi-4-mini-instruct,772605f0794b0fa96bc942a8a7736571,helpfulness,trace,0.0,The response does not provide any useful information or steps to help the user find the answer to their question. It simply states the final answer without any context or effort to assist. [model=microsoft/Phi-4-mini-instruct],2646.36,False,
microsoft/Phi-4-mini-instruct,772605f0794b0fa96bc942a8a7736571,accuracy,trace,0.0,The response '0' is not a factual answer to the question but rather a placeholder indicating that the agent could not provide the answer. The score reflects the agent's inability to fulfill the task rather than the accuracy of the information. [model=microsoft/Phi-4-mini-instruct],3146.23,False,
microsoft/Phi-4-mini-instruct,772605f0794b0fa96bc942a8a7736571,groundedness,trace,0.0,"The agent's response 'FINAL ANSWER: 0' is not a factual claim and does not provide any evidence or reasoning. The task requires a factual answer, but the agent's response does not fulfill this requirement. [model=microsoft/Phi-4-mini-instruct]",3101.87,False,
microsoft/Phi-4-mini-instruct,772605f0794b0fa96bc942a8a7736571,instruction_following,agent,1.0,"The agent correctly identified the instructions and the user's request, and it provided a response that fully complied with the given instructions. There were no violations or deviations from the instructions. [model=microsoft/Phi-4-mini-instruct]",2398.45,False,
microsoft/Phi-4-mini-instruct,772605f0794b0fa96bc942a8a7736571,instruction_following,agent,0.0,"The agent failed to provide a final answer due to an error in the 'web_search' tool, which returned no results for a specific query. The agent attempted to retry with a less specific query, but the task completion was still incomplete as the final answer was not given. [model=microsoft/Phi-4-mini-instruct]",11270.46,False,
microsoft/Phi-4-mini-instruct,772605f0794b0fa96bc942a8a7736571,instruction_following,agent,0.0,"The agent failed to follow the instructions as it executed a web search with an incorrect query that returned no results, and then attempted to use the same query again without adjusting it, which is not a proper approach to solving the task. [model=microsoft/Phi-4-mini-instruct]",6059.27,False,
microsoft/Phi-4-mini-instruct,772605f0794b0fa96bc942a8a7736571,reasoning_quality,agent,0.0,"The agent's execution steps are missing, making it impossible to evaluate the reasoning quality. Without steps, we cannot assess the logical progression, purposefulness, or the quality of the reasoning chain. [model=microsoft/Phi-4-mini-instruct]",2770.66,False,
microsoft/Phi-4-mini-instruct,772605f0794b0fa96bc942a8a7736571,reasoning_quality,agent,0.75,"The agent's reasoning is mostly logical, with a clear understanding of the task and appropriate use of tools. However, the final_answer tool failed to produce a result, indicating a potential issue with the tool or the query itself. [model=microsoft/Phi-4-mini-instruct]",9144.38,False,
microsoft/Phi-4-mini-instruct,772605f0794b0fa96bc942a8a7736571,reasoning_quality,agent,0.75,"The agent's reasoning is mostly logical, with a clear understanding of the task and the appropriate use of tools. However, the agent made an ill-advised jump to a less specific query after encountering an error, which may have led to a less efficient path to the solution. [model=microsoft/Phi-4-mini-instruct]",5444.02,False,
microsoft/Phi-4-mini-instruct,7bf0addde339e4cac9dd3b772232a7e0,helpfulness,trace,1.0,"The response directly answers the user's request by providing the longest word from the Boggle board using the specified dictionary, which is highly helpful. [model=microsoft/Phi-4-mini-instruct]",2277.22,False,
microsoft/Phi-4-mini-instruct,7bf0addde339e4cac9dd3b772232a7e0,accuracy,trace,0.75,"The response 'briniest' is a valid Boggle word from the given board and dictionary, but without running the Boggle algorithm, we cannot verify its correctness. The score reflects the potential for inaccuracy since the verification step was not performed. [model=microsoft/Phi-4-mini-instruct]",3303.26,False,
microsoft/Phi-4-mini-instruct,7bf0addde339e4cac9dd3b772232a7e0,groundedness,trace,0.5,"The agent's response 'briniest' is a factual claim that needs verification. The evidence provided does not directly support or contradict the claim, as the tools 'inspect_file_as_text' and 'final_answer' returned no results. Therefore, the score is based on the lack of evidence to support or contradict the claim. [model=microsoft/Phi-4-mini-instruct]",3997.38,False,
microsoft/Phi-4-mini-instruct,7bf0addde339e4cac9dd3b772232a7e0,instruction_following,agent,1.0,"The agent correctly identified the instructions and the user's request, and it provided a response that fully complied with the given instructions. There were no violations or deviations from the instructions. [model=microsoft/Phi-4-mini-instruct]",2378.84,False,
microsoft/Phi-4-mini-instruct,7bf0addde339e4cac9dd3b772232a7e0,instruction_following,agent,0.0,"The agent failed to follow the instructions as it used the inspect_file_as_text tool incorrectly, which led to a FileConversionException. Additionally, the final_answer tool did not return a result, indicating that the task was not completed successfully. [model=microsoft/Phi-4-mini-instruct]",4263.84,False,
microsoft/Phi-4-mini-instruct,7bf0addde339e4cac9dd3b772232a7e0,reasoning_quality,agent,0.0,"The agent's execution steps are missing, making it impossible to evaluate the reasoning quality. Without steps, we cannot assess the logical progression, purposefulness, or the quality of the reasoning chain. [model=microsoft/Phi-4-mini-instruct]",2744.94,False,
microsoft/Phi-4-mini-instruct,7bf0addde339e4cac9dd3b772232a7e0,reasoning_quality,agent,0.75,"The agent's reasoning is mostly logical, with a clear understanding of the task and appropriate use of tools. However, the repeated failures to execute the code due to errors suggest a lack of robustness in the approach, which could be seen as a minor flaw in the decision-making process. [model=microsoft/Phi-4-mini-instruct]",4142.25,False,
microsoft/Phi-4-mini-instruct,7c98d39b2699d41fa913f8fbe60c04ed,helpfulness,trace,0.0,The response does not address the user's need for information and instead provides a disclaimer about the inability to fulfill the request. The user is left without any assistance or guidance on how to proceed with their query. [model=microsoft/Phi-4-mini-instruct],2849.0,False,
microsoft/Phi-4-mini-instruct,7c98d39b2699d41fa913f8fbe60c04ed,accuracy,trace,0.75,"The agent's response correctly identifies that it cannot fulfill the request due to copyright restrictions, which is accurate. However, the score is affected by the fact that the user was expecting a factual answer, not a statement about the task's limitations. [model=microsoft/Phi-4-mini-instruct]",3204.36,False,
microsoft/Phi-4-mini-instruct,7c98d39b2699d41fa913f8fbe60c04ed,groundedness,trace,1.0,"The agent's response is grounded in the evidence available, as it correctly identifies the inability to fulfill the request due to copyright restrictions. The task's specific factual claim cannot be supported or contradicted by the provided evidence, leading to a score of 1.0. [model=microsoft/Phi-4-mini-instruct]",3368.79,False,
microsoft/Phi-4-mini-instruct,7c98d39b2699d41fa913f8fbe60c04ed,instruction_following,agent,1.0,"The agent correctly identified the instructions and the user's request, and it provided a response that fully complied with the given instructions. There were no violations or deviations from the instructions. [model=microsoft/Phi-4-mini-instruct]",2387.8,False,
microsoft/Phi-4-mini-instruct,7c98d39b2699d41fa913f8fbe60c04ed,instruction_following,agent,0.0,"The agent failed to comply with the instruction to not provide location-based requests for copyrighted texts, which is a clear policy violation. The agent attempted to use a tool to retrieve the last word from a copyrighted song, which is against the policy. [model=microsoft/Phi-4-mini-instruct]",3716.15,False,
microsoft/Phi-4-mini-instruct,7c98d39b2699d41fa913f8fbe60c04ed,reasoning_quality,agent,0.0,"The agent's execution steps are missing, making it impossible to evaluate the reasoning quality. Without steps, we cannot assess the logical progression, purposefulness, or the quality of the reasoning chain. [model=microsoft/Phi-4-mini-instruct]",2728.26,False,
microsoft/Phi-4-mini-instruct,7c98d39b2699d41fa913f8fbe60c04ed,reasoning_quality,agent,0.75,"The agent's reasoning is coherent and follows the task's requirements, but it encounters a policy limitation that prevents it from completing the task. The steps taken are logical and purposeful, aiming to verify the album and single before attempting to find the lyrics. [model=microsoft/Phi-4-mini-instruct]",3476.68,False,
microsoft/Phi-4-mini-instruct,7ee8e8df6e8cd101d9af8a4a4f6ceedb,helpfulness,trace,1.0,"The response directly answers the user's question by identifying the ball to pick, which is 100, to maximize the odds of winning the prize. This is highly helpful as it provides a clear and actionable answer to the user's query. [model=microsoft/Phi-4-mini-instruct]",3117.51,False,
microsoft/Phi-4-mini-instruct,7ee8e8df6e8cd101d9af8a4a4f6ceedb,accuracy,trace,1.0,"The response correctly identifies the ball to choose as 100, which maximizes the odds of winning the prize since it is the last ball and will be the last to be ejected by the pistons. The evaluation steps confirm the accuracy of the provided answer. [model=microsoft/Phi-4-mini-instruct]",3411.3,False,
microsoft/Phi-4-mini-instruct,7ee8e8df6e8cd101d9af8a4a4f6ceedb,groundedness,trace,0.0,The agent's response is unsupported as there is no evidence provided to support the claim that choosing ball number 100 maximizes the odds of winning the prize. [model=microsoft/Phi-4-mini-instruct],2483.86,False,
microsoft/Phi-4-mini-instruct,7ee8e8df6e8cd101d9af8a4a4f6ceedb,instruction_following,agent,1.0,"The agent correctly identified the instructions and the user's request, and it provided a response that fully complied with the given instructions. There were no violations or deviations from the instructions. [model=microsoft/Phi-4-mini-instruct]",2379.11,False,
microsoft/Phi-4-mini-instruct,7ee8e8df6e8cd101d9af8a4a4f6ceedb,instruction_following,agent,1.0,"The agent successfully followed the instructions to solve the task, using the provided tools to simulate the game and determine the ball with the highest probability of being ejected. The final_answer tool was used to provide the correct answer, which was ball number 100. [model=microsoft/Phi-4-mini-instruct]",5778.16,False,
microsoft/Phi-4-mini-instruct,7ee8e8df6e8cd101d9af8a4a4f6ceedb,reasoning_quality,agent,0.0,"The agent's execution steps are missing, making it impossible to evaluate the reasoning quality. Without steps, we cannot assess the logical progression, purposefulness, or the quality of the reasoning chain. [model=microsoft/Phi-4-mini-instruct]",2747.04,False,
microsoft/Phi-4-mini-instruct,7ee8e8df6e8cd101d9af8a4a4f6ceedb,reasoning_quality,agent,0.95,"The agent's reasoning is mostly logical, with a clear understanding of the task and appropriate use of tools to simulate the game and derive the answer. The initial error in the simulation was corrected, leading to a successful outcome. [model=microsoft/Phi-4-mini-instruct]",4114.38,False,
microsoft/Phi-4-mini-instruct,85c14ced5177cdad83f1f1f898a1c6c7,helpfulness,trace,1.0,"The agent's response directly answers the user's query, providing the specific information requested without additional context or unnecessary details. This is a clear, actionable, and complete response that fully assists the user. [model=microsoft/Phi-4-mini-instruct]",2786.27,False,
microsoft/Phi-4-mini-instruct,85c14ced5177cdad83f1f1f898a1c6c7,accuracy,trace,0.0,The response 'User:Darwin' is a specific claim that cannot be verified without additional context or research. The score reflects the inability to confirm the accuracy of the provided answer. [model=microsoft/Phi-4-mini-instruct],2725.33,False,
microsoft/Phi-4-mini-instruct,85c14ced5177cdad83f1f1f898a1c6c7,groundedness,trace,0.0,"The agent's response 'User:Darwin' is unsupported as there is no evidence provided to back this claim. The task requires identifying the nominator of the Featured Article, but no source or evidence is given to verify the answer. [model=microsoft/Phi-4-mini-instruct]",3115.18,False,
microsoft/Phi-4-mini-instruct,85c14ced5177cdad83f1f1f898a1c6c7,instruction_following,agent,1.0,"The agent correctly identified the instructions and the user's request, and it provided a response that fully complied with the given instructions. There were no violations or deviations from the instructions. [model=microsoft/Phi-4-mini-instruct]",2793.9,False,
microsoft/Phi-4-mini-instruct,85c14ced5177cdad83f1f1f898a1c6c7,instruction_following,agent,0.0,"The agent failed to provide a final answer for the last task, which is a requirement for the task completion. The agent repeatedly called the search_agent without providing a final answer after each call, which indicates a misunderstanding of the task's completion requirements. [model=microsoft/Phi-4-mini-instruct]",3765.24,False,
microsoft/Phi-4-mini-instruct,85c14ced5177cdad83f1f1f898a1c6c7,reasoning_quality,agent,0.0,"The agent's execution steps are missing, making it impossible to evaluate the reasoning quality. Without steps, we cannot assess the logical progression, purposefulness, or the quality of the reasoning chain. [model=microsoft/Phi-4-mini-instruct]",2766.74,False,
microsoft/Phi-4-mini-instruct,85c14ced5177cdad83f1f1f898a1c6c7,reasoning_quality,agent,0.75,"The agent's reasoning is mostly logical and purposeful, with each step building upon the previous one to achieve the goal. However, the final step in the plan does not execute the task but rather calls for a final answer, which is not provided. The steps are well-structured and show an understanding of the tools available to solve the problem. [model=microsoft/Phi-4-mini-instruct]",4464.87,False,
microsoft/Phi-4-mini-instruct,860f9d45f2e50bfecb190bb26eff1f32,helpfulness,trace,1.0,"The response directly answers the user's query with a specific year, which is the latest chronological year date found in the image on the specified webpage. This is highly helpful as it provides the exact information requested by the user. [model=microsoft/Phi-4-mini-instruct]",3281.89,False,
microsoft/Phi-4-mini-instruct,860f9d45f2e50bfecb190bb26eff1f32,accuracy,trace,0.0,"The response provided a final answer without any factual basis or verification steps, which is not aligned with the task requirements. The score reflects a lack of accuracy and reliability in the information provided. [model=microsoft/Phi-4-mini-instruct]",2918.93,False,
microsoft/Phi-4-mini-instruct,860f9d45f2e50bfecb190bb26eff1f32,groundedness,trace,0.0,"The provided evidence does not contain any specific factual claims about the latest chronological year date written in the image on the webpage found when following the first citation reference link on the latest version of Carl Nebel's Wikipedia page as of August 2023. Therefore, the score is 0.0. [model=microsoft/Phi-4-mini-instruct]",3835.77,False,
microsoft/Phi-4-mini-instruct,860f9d45f2e50bfecb190bb26eff1f32,instruction_following,agent,1.0,"The agent correctly identified the instructions and the user's request, and it provided a response that fully complied with the given instructions. There were no violations or deviations from the instructions. [model=microsoft/Phi-4-mini-instruct]",2389.8,False,
microsoft/Phi-4-mini-instruct,860f9d45f2e50bfecb190bb26eff1f32,instruction_following,agent,,,70288.01,True,"LLM generation failed before producing parseable output. Reason: CUDA out of memory. Tried to allocate 13.67 GiB. GPU 0 has a total capacity of 44.43 GiB of which 13.41 GiB is free. Including non-PyTorch memory, this process has 31.01 GiB memory in use. Of the allocated memory 30.58 GiB is allocated by PyTorch, and 98.43 MiB is reserved by PyTorch but unallocated. If reserved but unallocated memory is large try setting PYTORCH_ALLOC_CONF=expandable_segments:True to avoid fragmentation.  See documentation for Memory Management  (https://pytorch.org/docs/stable/notes/cuda.html#environment-variables)"
microsoft/Phi-4-mini-instruct,860f9d45f2e50bfecb190bb26eff1f32,instruction_following,agent,0.5,"The agent's responses and execution steps mostly follow the instructions, but there are some errors in the tool calls, such as repeated 'page_down' calls with incorrect parameters, which could lead to confusion. The final_answer tool was not used to provide the final answer, which is a key part of the task. [model=microsoft/Phi-4-mini-instruct]",21469.98,False,
microsoft/Phi-4-mini-instruct,860f9d45f2e50bfecb190bb26eff1f32,instruction_following,agent,0.0,"The agent's response did not fully comply with the instructions as it repeated the same steps multiple times without progressing the task, and failed to provide a final answer as required by the system prompt. The agent also did not address the user's explicit request for a plan to solve the task. [model=microsoft/Phi-4-mini-instruct]",18756.69,False,
microsoft/Phi-4-mini-instruct,860f9d45f2e50bfecb190bb26eff1f32,instruction_following,agent,0.0,"The agent failed to follow the instructions as it did not provide a final_answer JSON object, instead, it continued with the execution steps which are not part of the expected output format. [model=microsoft/Phi-4-mini-instruct]",5544.84,False,
microsoft/Phi-4-mini-instruct,860f9d45f2e50bfecb190bb26eff1f32,reasoning_quality,agent,0.0,"The agent's execution steps are missing, making it impossible to evaluate the reasoning quality. Without steps, we cannot assess the logical progression, purposefulness, or the quality of the reasoning chain. [model=microsoft/Phi-4-mini-instruct]",2765.5,False,
microsoft/Phi-4-mini-instruct,860f9d45f2e50bfecb190bb26eff1f32,reasoning_quality,agent,,,116126.22,True,"LLM generation failed before producing parseable output. Reason: CUDA out of memory. Tried to allocate 12.88 GiB. GPU 0 has a total capacity of 44.43 GiB of which 12.57 GiB is free. Including non-PyTorch memory, this process has 31.85 GiB memory in use. Of the allocated memory 31.41 GiB is allocated by PyTorch, and 103.55 MiB is reserved by PyTorch but unallocated. If reserved but unallocated memory is large try setting PYTORCH_ALLOC_CONF=expandable_segments:True to avoid fragmentation.  See documentation for Memory Management  (https://pytorch.org/docs/stable/notes/cuda.html#environment-variables)"
microsoft/Phi-4-mini-instruct,860f9d45f2e50bfecb190bb26eff1f32,reasoning_quality,agent,0.25,"The agent's steps are mostly logical, aiming to retrieve the latest version of Carl Nebel's Wikipedia page and extract the first reference link. However, the repeated use of the 'page_down' tool with errors and the lack of a clear plan to navigate to the 'References' section indicate a lack of a coherent strategy, leading to a score that reflects some progress but also significant issues with the approach. [model=microsoft/Phi-4-mini-instruct]",22133.78,False,
microsoft/Phi-4-mini-instruct,860f9d45f2e50bfecb190bb26eff1f32,reasoning_quality,agent,0.25,"The agent's steps are mostly logical, aiming to find an image with written year dates on the Thieme-Becker Wikipedia page. However, the use of the 'page_down' tool with incorrect parameters and the lack of a clear strategy for identifying the correct image show a lack of understanding of the task's requirements and the tools' proper use. [model=microsoft/Phi-4-mini-instruct]",18701.04,False,
microsoft/Phi-4-mini-instruct,860f9d45f2e50bfecb190bb26eff1f32,reasoning_quality,agent,1.0,"The agent's steps are logical and purposeful, following a clear path to achieve the goal of finding the cover image URL from the German Wikipedia page for 'Thieme-Becker'. The use of the 'visit_page' tool to access the page and 'find_on_page_ctrl_f' to locate the image file name is appropriate and directly contributes to the task. [model=microsoft/Phi-4-mini-instruct]",5215.64,False,
microsoft/Phi-4-mini-instruct,876eb108c8650d4ada63a8d39aa1e96c,helpfulness,trace,1.0,"The response directly provides the final answer to the user's query, which is highly helpful and fully addresses the user's need. [model=microsoft/Phi-4-mini-instruct]",2120.23,False,
microsoft/Phi-4-mini-instruct,876eb108c8650d4ada63a8d39aa1e96c,accuracy,trace,0.0,"The response provided a final answer without showing the steps taken to reach it, which is not allowed by the task instructions. The score cannot be evaluated due to the lack of a complete response. [model=microsoft/Phi-4-mini-instruct]",2810.89,False,
microsoft/Phi-4-mini-instruct,876eb108c8650d4ada63a8d39aa1e96c,groundedness,trace,0.0,"The agent's response provides a final answer without showing the process of obtaining it, which is not allowed. The evidence provided does not support the final answer, as there are no results from the tools to verify the calculation of the distance between the first and second atoms in the PDB file. [model=microsoft/Phi-4-mini-instruct]",3669.1,False,
microsoft/Phi-4-mini-instruct,876eb108c8650d4ada63a8d39aa1e96c,instruction_following,agent,1.0,"The agent correctly identified the instructions and the user's request, and it provided a response that fully complied with the given instructions. There were no violations or deviations from the instructions. [model=microsoft/Phi-4-mini-instruct]",2411.49,False,
microsoft/Phi-4-mini-instruct,876eb108c8650d4ada63a8d39aa1e96c,instruction_following,agent,0.25,"The agent attempted to follow the instructions but encountered errors when trying to use the inspect_file_as_text tool, which led to a failure in reading the PDB file. The agent also tried to use the Biopython library, which was not available, and then resorted to a custom parser, but this approach also failed due to a FileNotFoundError. The final_answer tool was not used because the previous steps did not yield a result. [model=microsoft/Phi-4-mini-instruct]",5812.62,False,
microsoft/Phi-4-mini-instruct,876eb108c8650d4ada63a8d39aa1e96c,reasoning_quality,agent,0.0,"The agent's execution steps are missing, making it impossible to evaluate the reasoning quality. Without steps, we cannot assess the logical progression, purposefulness, or the quality of the reasoning chain. [model=microsoft/Phi-4-mini-instruct]",2783.43,False,
microsoft/Phi-4-mini-instruct,876eb108c8650d4ada63a8d39aa1e96c,reasoning_quality,agent,0.5,"The agent's reasoning was mostly logical, but the decision to use the inspect_file_as_text tool failed due to a file conversion error, which was not anticipated. The agent then attempted to directly fetch the PDB file, but the tool used to do so returned an error, indicating a possible misunderstanding of the file's location or access permissions. [model=microsoft/Phi-4-mini-instruct]",4568.2,False,
microsoft/Phi-4-mini-instruct,88c63c780aba1f23c3c5345aa340d7e2,helpfulness,trace,1.0,"The response directly answers the user's query by identifying the animals mentioned in both papers and the Wikipedia article, thus fully assisting the user. [model=microsoft/Phi-4-mini-instruct]",2063.63,False,
microsoft/Phi-4-mini-instruct,88c63c780aba1f23c3c5345aa340d7e2,accuracy,trace,0.0,"The response 'rats, mice' is not verifiable and cannot be evaluated for accuracy. The task requires identifying animals mentioned in specific papers and a Wikipedia article, which cannot be done without access to the content of those sources. [model=microsoft/Phi-4-mini-instruct]",3110.27,False,
microsoft/Phi-4-mini-instruct,88c63c780aba1f23c3c5345aa340d7e2,groundedness,trace,0.0,"The agent's response 'rats, mice' is unsupported by the provided evidence, as no relevant information or results were found from the tools. [model=microsoft/Phi-4-mini-instruct]",2330.53,False,
microsoft/Phi-4-mini-instruct,88c63c780aba1f23c3c5345aa340d7e2,instruction_following,agent,1.0,"The agent correctly identified the instructions and the user's request, and it provided a response that fully complied with the given instructions. There were no violations or deviations from the instructions. [model=microsoft/Phi-4-mini-instruct]",2417.1,False,
microsoft/Phi-4-mini-instruct,88c63c780aba1f23c3c5345aa340d7e2,instruction_following,agent,0.0,"The agent failed to provide a final answer for the given task, only offering execution steps and a partial response to a new task without completing the original task. [model=microsoft/Phi-4-mini-instruct]",3089.11,False,
microsoft/Phi-4-mini-instruct,88c63c780aba1f23c3c5345aa340d7e2,reasoning_quality,agent,0.0,"The agent's execution steps are missing, making it impossible to evaluate the reasoning quality. Without steps, we cannot assess the logical progression, purposefulness, or the quality of the reasoning chain. [model=microsoft/Phi-4-mini-instruct]",2768.65,False,
microsoft/Phi-4-mini-instruct,88c63c780aba1f23c3c5345aa340d7e2,reasoning_quality,agent,0.0,The agent's reasoning is inadequate as it fails to execute the necessary steps to gather and analyze the required information from the three sources. The plan to use the 'final_answer' tool with no result indicates a lack of progress towards the goal. [model=microsoft/Phi-4-mini-instruct],3500.89,False,
microsoft/Phi-4-mini-instruct,88e4ce6a659df42a4146331fff36417c,helpfulness,trace,1.0,"The agent's response directly answers the user's query with the specific year, which is 1937, making it highly helpful. [model=microsoft/Phi-4-mini-instruct]",2196.16,False,
microsoft/Phi-4-mini-instruct,88e4ce6a659df42a4146331fff36417c,accuracy,trace,0.5,"The response provided a specific year (1937) as the answer to the question, which is a factual claim. However, without verification, we cannot confirm its accuracy. The score reflects the need for verification of the factual claim. [model=microsoft/Phi-4-mini-instruct]",3166.67,False,
microsoft/Phi-4-mini-instruct,88e4ce6a659df42a4146331fff36417c,groundedness,trace,0.0,"The agent provided a final answer without evidence to support it, so the score is 0.0. [model=microsoft/Phi-4-mini-instruct]",2009.88,False,
microsoft/Phi-4-mini-instruct,88e4ce6a659df42a4146331fff36417c,instruction_following,agent,1.0,"The agent correctly identified the instructions and the user's request, and it provided a response that fully complied with the given instructions. There were no violations or deviations from the instructions. [model=microsoft/Phi-4-mini-instruct]",2426.52,False,
microsoft/Phi-4-mini-instruct,88e4ce6a659df42a4146331fff36417c,instruction_following,agent,0.0,"The agent failed to provide a final answer using the 'final_answer' tool, which is a requirement for completing the task. The agent's response ended with a call to the 'final_answer' tool without a result, indicating an incomplete execution. [model=microsoft/Phi-4-mini-instruct]",3740.0,False,
microsoft/Phi-4-mini-instruct,88e4ce6a659df42a4146331fff36417c,reasoning_quality,agent,0.0,"The agent's execution steps are missing, making it impossible to evaluate the reasoning quality. Without steps, we cannot assess the logical progression, purposefulness, or the quality of the reasoning chain. [model=microsoft/Phi-4-mini-instruct]",2758.23,False,
microsoft/Phi-4-mini-instruct,88e4ce6a659df42a4146331fff36417c,reasoning_quality,agent,1.0,"The agent's reasoning is logical and well-motivated, with each step purposefully contributing to the goal. The steps taken to refine the search and request more specific information from the search_agent team member are all aimed at obtaining the correct answer, demonstrating a clear understanding of the task at hand. [model=microsoft/Phi-4-mini-instruct]",4038.62,False,
microsoft/Phi-4-mini-instruct,911e853f02d03e976dbf0c16f653ab57,helpfulness,trace,0.0,"The response 'Honolulu, Quincy' is not helpful as it does not address the user's need to find the two cities farthest apart from the westernmost to the easternmost going east within the United States where U.S. presidents were born. The user needs a list of cities and their respective coordinates to determine the farthest apart ones. [model=microsoft/Phi-4-mini-instruct]",4182.96,False,
microsoft/Phi-4-mini-instruct,911e853f02d03e976dbf0c16f653ab57,accuracy,trace,0.0,"The response 'Honolulu, Quincy' is incorrect. Honolulu is the westernmost city, not the easternmost. The correct answer should be 'Honolulu, Quincy' in alphabetical order, but the cities are not the farthest apart from the westernmost to the easternmost going east. [model=microsoft/Phi-4-mini-instruct]",3621.04,False,
microsoft/Phi-4-mini-instruct,911e853f02d03e976dbf0c16f653ab57,groundedness,trace,0.0,"The agent's response 'Honolulu, Quincy' is unsupported by the available evidence. The task requires identifying the two westernmost cities in the U.S. where presidents were born, but the agent provided two cities without verifying their positions or alphabetical order. The score is 0.0 as the response contradicts the task requirements. [model=microsoft/Phi-4-mini-instruct]",4072.09,False,
microsoft/Phi-4-mini-instruct,911e853f02d03e976dbf0c16f653ab57,instruction_following,agent,1.0,"The agent correctly identified the instructions and the user's request, and it provided a response that fully complied with the given instructions. There were no violations or deviations from the instructions. [model=microsoft/Phi-4-mini-instruct]",2411.24,False,
microsoft/Phi-4-mini-instruct,911e853f02d03e976dbf0c16f653ab57,instruction_following,agent,0.0,"The agent failed to follow the initial step of the user's new task, which was to identify the set of U.S. presidents' birth cities within the United States. The agent instead provided a response to a different task, which was not the one asked by the user. [model=microsoft/Phi-4-mini-instruct]",3990.65,False,
microsoft/Phi-4-mini-instruct,911e853f02d03e976dbf0c16f653ab57,reasoning_quality,agent,0.0,"The agent's execution steps are missing, making it impossible to evaluate the reasoning quality. Without steps, we cannot assess the logical progression, purposefulness, or the quality of the reasoning chain. [model=microsoft/Phi-4-mini-instruct]",2754.33,False,
microsoft/Phi-4-mini-instruct,911e853f02d03e976dbf0c16f653ab57,reasoning_quality,agent,0.5,"The agent's reasoning is adequate but lacks a clear plan to execute the task. It identifies the need to find U.S. presidents' birth cities and determine the farthest apart ones, but it does not provide a method to achieve this. [model=microsoft/Phi-4-mini-instruct]",3422.33,False,
microsoft/Phi-4-mini-instruct,915d2c66879657f694f88e0ed6f02cf5,helpfulness,trace,1.0,"The agent's response directly answers the user's query with the specific date, making it highly helpful. The user was looking for a specific piece of information, and the agent provided it without any additional context or steps needed. [model=microsoft/Phi-4-mini-instruct]",3015.87,False,
microsoft/Phi-4-mini-instruct,915d2c66879657f694f88e0ed6f02cf5,accuracy,trace,0.5,"The response provided a specific date (07/03/24) as the answer to the task, which is a factual claim. However, without verification, we cannot confirm its accuracy. The score reflects the need for verification of the provided date. [model=microsoft/Phi-4-mini-instruct]",3279.82,False,
microsoft/Phi-4-mini-instruct,915d2c66879657f694f88e0ed6f02cf5,groundedness,trace,0.0,"The agent's final answer '07/03/24' is unsupported by the provided evidence, which only shows that the issue with the Regression label was closed on August 8, 2017, and does not provide the exact date when Regression was added. [model=microsoft/Phi-4-mini-instruct]",3527.13,False,
microsoft/Phi-4-mini-instruct,915d2c66879657f694f88e0ed6f02cf5,instruction_following,agent,1.0,"The agent correctly identified the instructions and the user's request, and it provided a response that fully complied with the given instructions. There were no violations or deviations from the instructions. [model=microsoft/Phi-4-mini-instruct]",2423.17,False,
microsoft/Phi-4-mini-instruct,915d2c66879657f694f88e0ed6f02cf5,instruction_following,agent,,- pro rem rem rem rem rem rem rem rem rem rem rem rem rem rem rem rem rem rem rem rem rem rem rem rem rem rem rem rem rem rem rem rem rem rem rem rem rem rem rem rem rem rem rem rem rem rem rem rem rem rem rem rem rem rem rem rem rem rem rem rem rem rem rem rem rem rem rem rem rem rem rem rem rem rem rem rem rem rem rem rem rem rem rem rem rem rem rem rem rem rem rem rem rem rem rem rem rem rem rem rem rem rem rem rem rem rem rem rem rem rem rem rem rem rem rem rem rem rem rem rem rem rem rem rem rem rem rem rem rem rem rem rem rem rem rem rem rem rem rem rem rem rem rem rem rem rem rem rem rem rem rem rem rem rem rem rem rem rem,265976.78,True,"Invalid judge JSON; saved raw output instead. Reason: 1 validation error for JudgeOutput
  Invalid JSON: invalid number at line 1 column 2 [type=json_invalid, input_value='- pro rem rem rem rem re...rem rem rem rem rem rem', input_type=str]
    For further information visit https://errors.pydantic.dev/2.13/v/json_invalid"
microsoft/Phi-4-mini-instruct,915d2c66879657f694f88e0ed6f02cf5,instruction_following,agent,0.0,"The agent failed to follow the instructions to use the 'page_down' tool correctly, repeatedly encountering TypeError due to incorrect usage. Additionally, the agent did not provide a final answer in the required format, instead, it continued to perform tool calls without resolving the initial task. [model=microsoft/Phi-4-mini-instruct]",16705.44,False,
microsoft/Phi-4-mini-instruct,915d2c66879657f694f88e0ed6f02cf5,instruction_following,agent,0.25,"The agent's responses were mostly in line with the instructions, but there were several instances where the 'visit_page' tool was used without a specific search string, leading to errors. Additionally, the 'page_down' tool was used incorrectly, resulting in TypeErrors. The agent also failed to provide the expected 'final_answer' format in some cases. [model=microsoft/Phi-4-mini-instruct]",20957.91,False,
microsoft/Phi-4-mini-instruct,915d2c66879657f694f88e0ed6f02cf5,reasoning_quality,agent,0.0,"The agent's execution steps are missing, making it impossible to evaluate the reasoning quality. Without steps, we cannot assess the logical progression, purposefulness, or the quality of the reasoning chain. [model=microsoft/Phi-4-mini-instruct]",2793.49,False,
microsoft/Phi-4-mini-instruct,915d2c66879657f694f88e0ed6f02cf5,reasoning_quality,agent,0.75,"The agent's reasoning is mostly logical, with a clear understanding of the task and appropriate use of tools. However, there are some missed opportunities to verify the correct issue and the date when the Regression label was added, as well as some errors in tool usage that could have been avoided with more careful planning. [model=microsoft/Phi-4-mini-instruct]",63805.55,False,
microsoft/Phi-4-mini-instruct,915d2c66879657f694f88e0ed6f02cf5,reasoning_quality,agent,0.75,"The agent's reasoning is mostly logical, with a clear understanding of the task and appropriate use of tools. However, there are some illogical jumps, such as repeatedly attempting to use 'page_down' with incorrect arguments, which does not contribute to the goal and may indicate a misunderstanding of the tool's usage. [model=microsoft/Phi-4-mini-instruct]",16310.64,False,
microsoft/Phi-4-mini-instruct,915d2c66879657f694f88e0ed6f02cf5,reasoning_quality,agent,0.5,"The agent's steps are mostly logical, with a focus on using the right tools to find the required information. However, there are repeated errors in attempting to use the 'page_down' tool with incorrect arguments, which indicates a lack of attention to the tool's requirements and could be a sign of a misunderstanding of the tool's purpose. [model=microsoft/Phi-4-mini-instruct]",18698.77,False,
microsoft/Phi-4-mini-instruct,96be1bf61f2915e52ec59173b9bd9828,helpfulness,trace,1.0,"The agent's response directly answers the user's query by identifying the two countries with the greatest geographical distance between their capital cities within the ASEAN bloc, according to Wikipedia. This is a clear, actionable, and complete response. [model=microsoft/Phi-4-mini-instruct]",3107.87,False,
microsoft/Phi-4-mini-instruct,96be1bf61f2915e52ec59173b9bd9828,accuracy,trace,0.0,"The response 'Indonesia, Myanmar' is incorrect. The correct answer is Indonesia and Thailand, as the capital cities of these countries are the furthest apart within the ASEAN bloc. The score is 0.0 due to a significant factual error. [model=microsoft/Phi-4-mini-instruct]",3372.0,False,
microsoft/Phi-4-mini-instruct,96be1bf61f2915e52ec59173b9bd9828,groundedness,trace,0.0,"The agent's response 'Indonesia, Myanmar' is unsupported as there is no evidence provided to verify the geographical distance between the capital cities of these countries. [model=microsoft/Phi-4-mini-instruct]",2493.85,False,
microsoft/Phi-4-mini-instruct,96be1bf61f2915e52ec59173b9bd9828,instruction_following,agent,1.0,"The agent correctly identified the instructions and the user's request, and it provided a response that fully complied with the given instructions. There were no violations or deviations from the instructions. [model=microsoft/Phi-4-mini-instruct]",2515.23,False,
microsoft/Phi-4-mini-instruct,96be1bf61f2915e52ec59173b9bd9828,instruction_following,agent,0.0,"The agent failed to follow the initial instructions for the new task, as it did not provide a plan or execute any steps to solve the task. Instead, it repeated the task prompt without offering a solution or plan. [model=microsoft/Phi-4-mini-instruct]",3581.73,False,
microsoft/Phi-4-mini-instruct,96be1bf61f2915e52ec59173b9bd9828,reasoning_quality,agent,0.0,"The agent's execution steps are missing, making it impossible to evaluate the reasoning quality. Without steps, we cannot assess the logical progression, purposefulness, or the quality of the reasoning chain. [model=microsoft/Phi-4-mini-instruct]",2881.68,False,
microsoft/Phi-4-mini-instruct,96be1bf61f2915e52ec59173b9bd9828,reasoning_quality,agent,0.75,"The agent's reasoning is mostly logical and purposeful, with a clear plan to identify ASEAN member countries, their capitals, and calculate geographical distances. However, the final step to compute the great-circle distances and identify the furthest pair of capitals is missing, which is crucial for completing the task. [model=microsoft/Phi-4-mini-instruct]",3963.67,False,
microsoft/Phi-4-mini-instruct,99f6b447779ba86b3cff2caede832d59,helpfulness,trace,0.0,"The response '7, 9' does not provide any useful information or steps to solve the given problem. It does not address the user's need to find the correct weight and the smaller index of the two transposed columns, nor does it offer any actionable content or guidance. [model=microsoft/Phi-4-mini-instruct]",3645.61,False,
microsoft/Phi-4-mini-instruct,99f6b447779ba86b3cff2caede832d59,accuracy,trace,0.0,"The response '7, 9' is a direct answer to the task without any explanation or verification steps. It cannot be evaluated for accuracy or reliability without further context or analysis. [model=microsoft/Phi-4-mini-instruct]",2766.59,False,
microsoft/Phi-4-mini-instruct,99f6b447779ba86b3cff2caede832d59,groundedness,trace,0.0,"The agent's response '7, 9' is unsupported as there is no evidence provided to back the specific weight and column index claimed. [model=microsoft/Phi-4-mini-instruct]",2402.38,False,
microsoft/Phi-4-mini-instruct,99f6b447779ba86b3cff2caede832d59,instruction_following,agent,1.0,"The agent correctly identified the instructions and the user's request, and it provided a response that fully complied with the given instructions. There were no violations or deviations from the instructions. [model=microsoft/Phi-4-mini-instruct]",2476.3,False,
microsoft/Phi-4-mini-instruct,99f6b447779ba86b3cff2caede832d59,instruction_following,agent,0.0,"The agent failed to follow the initial instructions for the new task, as it did not provide a plan for solving the given problem but instead repeated the task description. The agent did not utilize the provided tools or list of facts, which is a clear deviation from the expected response. [model=microsoft/Phi-4-mini-instruct]",4380.14,False,
microsoft/Phi-4-mini-instruct,99f6b447779ba86b3cff2caede832d59,reasoning_quality,agent,0.0,"The agent's execution steps are missing, making it impossible to evaluate the reasoning quality. Without steps, we cannot assess the logical progression, purposefulness, or the quality of the reasoning chain. [model=microsoft/Phi-4-mini-instruct]",2883.35,False,
microsoft/Phi-4-mini-instruct,99f6b447779ba86b3cff2caede832d59,reasoning_quality,agent,1.0,"The agent's reasoning is coherent and follows a logical sequence to address the task. Each step is purposeful, aiming to correct the transposition and find the valid checksum weight. The plan to iterate through all possible weights and transposition pairs is well-motivated and directly contributes to solving the problem. [model=microsoft/Phi-4-mini-instruct]",4119.86,False,
microsoft/Phi-4-mini-instruct,9cd6dc7c0af658a87f603b488950f409,helpfulness,trace,0.0,"The agent's response does not address the user's need, as it provides a final answer without any process or evidence to support it. The user was looking for a method to find the answer, not the answer itself. [model=microsoft/Phi-4-mini-instruct]",3117.36,False,
microsoft/Phi-4-mini-instruct,9cd6dc7c0af658a87f603b488950f409,accuracy,trace,0.0,"The response contains a fictional answer that cannot be verified, thus it cannot be evaluated for accuracy. The task requires specific information that is not provided, making it impossible to assess the factual correctness of the answer. [model=microsoft/Phi-4-mini-instruct]",3042.03,False,
microsoft/Phi-4-mini-instruct,9cd6dc7c0af658a87f603b488950f409,groundedness,trace,0.0,The agent's response is unsupported as there is no evidence provided to verify the specific fruits mentioned in the painting and their association with the breakfast menu. [model=microsoft/Phi-4-mini-instruct],2484.16,False,
microsoft/Phi-4-mini-instruct,9cd6dc7c0af658a87f603b488950f409,instruction_following,agent,1.0,"The agent correctly identified the instructions and the user's request, and it provided a response that fully complied with the given instructions. There were no violations or deviations from the instructions. [model=microsoft/Phi-4-mini-instruct]",2523.54,False,
microsoft/Phi-4-mini-instruct,9cd6dc7c0af658a87f603b488950f409,instruction_following,agent,0.0,"The agent failed to follow the initial instructions as it provided a direct answer without first creating a comprehensive preparatory survey, which was the task's requirement. The agent also did not use the 'final_answer' tool as intended, which should have been the final step in the process. [model=microsoft/Phi-4-mini-instruct]",4093.27,False,
microsoft/Phi-4-mini-instruct,9cd6dc7c0af658a87f603b488950f409,reasoning_quality,agent,0.0,"The agent's execution steps are missing, making it impossible to evaluate the reasoning quality. Without steps, we cannot assess the logical progression, purposefulness, or the quality of the reasoning chain. [model=microsoft/Phi-4-mini-instruct]",2920.04,False,
microsoft/Phi-4-mini-instruct,9cd6dc7c0af658a87f603b488950f409,reasoning_quality,agent,0.75,"The agent's plan to use the visualizer tool to extract the list of fruits and their positions from the painting is logical and directly addresses the task. However, the plan to use the inspect_file_as_text tool to read the breakfast menu and the final_answer tool to compile the answer is not executed, leaving the task incomplete. The reasoning chain is mostly logical but lacks execution to achieve the goal. [model=microsoft/Phi-4-mini-instruct]",5050.15,False,
microsoft/Phi-4-mini-instruct,9e67afe0ff4eca1558073c2e5cfbf876,helpfulness,trace,1.0,"The agent's response directly answers the user's query by identifying the symbol as 'flow' without punctuation, which is highly helpful and complete. [model=microsoft/Phi-4-mini-instruct]",2162.03,False,
microsoft/Phi-4-mini-instruct,9e67afe0ff4eca1558073c2e5cfbf876,accuracy,trace,0.0,"The response 'flow' is a guess and not a verified answer. The task requires identifying a symbol, and without verification, the answer cannot be confirmed as correct or incorrect. [model=microsoft/Phi-4-mini-instruct]",2732.57,False,
microsoft/Phi-4-mini-instruct,9e67afe0ff4eca1558073c2e5cfbf876,groundedness,trace,0.25,The agent's response 'flow' is based on the assumption that the symbol in the top banner of Eva Draconis's YouTube page is a common symbol representing 'flow'. This is a general knowledge claim and not directly supported by the provided evidence. [model=microsoft/Phi-4-mini-instruct],3440.29,False,
microsoft/Phi-4-mini-instruct,9e67afe0ff4eca1558073c2e5cfbf876,instruction_following,agent,1.0,"The agent correctly identified the instructions and the user's request, and it provided a response that fully complied with the given instructions. There were no violations or deviations from the instructions. [model=microsoft/Phi-4-mini-instruct]",2463.34,False,
microsoft/Phi-4-mini-instruct,9e67afe0ff4eca1558073c2e5cfbf876,instruction_following,agent,0.0,"The agent failed to follow the initial step of the plan, which was to ask the search_agent to locate Eva Draconis' YouTube page and identify her personal website URL. Instead, the agent provided a response that was not a plan but a continuation of the user's input. [model=microsoft/Phi-4-mini-instruct]",4149.11,False,
microsoft/Phi-4-mini-instruct,9e67afe0ff4eca1558073c2e5cfbf876,reasoning_quality,agent,0.0,"The agent's execution steps are missing, making it impossible to evaluate the reasoning quality. Without steps, we cannot assess the logical progression, purposefulness, or the quality of the reasoning chain. [model=microsoft/Phi-4-mini-instruct]",3160.37,False,
microsoft/Phi-4-mini-instruct,9e67afe0ff4eca1558073c2e5cfbf876,reasoning_quality,agent,1.0,"The agent's reasoning is logical and well-motivated, with each step clearly contributing to achieving the goal. The plan to use the search_agent to find the website URL and then to inspect the top banner for the symbol is a direct and effective approach to solving the task. [model=microsoft/Phi-4-mini-instruct]",3605.2,False,
microsoft/Phi-4-mini-instruct,9ec7d4a8ab8c74ab56361ef29d1b1660,helpfulness,trace,1.0,"The response directly answers the user's query by identifying the name of the consecrator who never became pope, thus fully addressing the user's need. [model=microsoft/Phi-4-mini-instruct]",2866.27,False,
microsoft/Phi-4-mini-instruct,9ec7d4a8ab8c74ab56361ef29d1b1660,accuracy,trace,0.5,"The response provided a specific name, Giovanni Castiglione, as the answer to the question. However, without verification, we cannot confirm the accuracy of this answer. The score reflects the need for verification due to the lack of confirmed factual accuracy. [model=microsoft/Phi-4-mini-instruct]",3562.29,False,
microsoft/Phi-4-mini-instruct,9ec7d4a8ab8c74ab56361ef29d1b1660,groundedness,trace,0.0,The agent's response is unsupported as there is no evidence provided to verify the claim that Giovanni Castiglione is the co-consecrator who never became pope. [model=microsoft/Phi-4-mini-instruct],2639.07,False,
microsoft/Phi-4-mini-instruct,9ec7d4a8ab8c74ab56361ef29d1b1660,instruction_following,agent,1.0,"The agent correctly identified the instructions and the user's request, and it provided a response that fully complied with the given instructions. There were no violations or deviations from the instructions. [model=microsoft/Phi-4-mini-instruct]",2547.54,False,
microsoft/Phi-4-mini-instruct,9ec7d4a8ab8c74ab56361ef29d1b1660,instruction_following,agent,0.0,"The agent failed to provide a final answer, only offering a partial response and a simulated plan without executing the steps to complete the task. [model=microsoft/Phi-4-mini-instruct]",2950.47,False,
microsoft/Phi-4-mini-instruct,9ec7d4a8ab8c74ab56361ef29d1b1660,reasoning_quality,agent,0.0,"The agent's execution steps are missing, making it impossible to evaluate the reasoning quality. Without steps, we cannot assess the logical progression, purposefulness, or the quality of the reasoning chain. [model=microsoft/Phi-4-mini-instruct]",2815.78,False,
microsoft/Phi-4-mini-instruct,9ec7d4a8ab8c74ab56361ef29d1b1660,reasoning_quality,agent,0.25,"The agent's reasoning is incomplete as it only outlines the initial steps without executing them. The final_answer tool was not used, and the plan lacks a clear conclusion. [model=microsoft/Phi-4-mini-instruct]",2824.95,False,
microsoft/Phi-4-mini-instruct,a041b8d88e3fedcc7d387da328f8a3b4,helpfulness,trace,1.0,"The response directly answers the user's query by providing the specific main course that was on the Virtue restaurant's dinner menu on March 22, 2021, but not on April 21, 2021, using the Wayback Machine. This is highly helpful as it directly addresses the user's need. [model=microsoft/Phi-4-mini-instruct]",3905.69,False,
microsoft/Phi-4-mini-instruct,a041b8d88e3fedcc7d387da328f8a3b4,accuracy,trace,0.0,"The response 'duck confit' is a guess and cannot be verified as the correct answer. The task requires factual verification, which cannot be completed without additional information. [model=microsoft/Phi-4-mini-instruct]",2629.8,False,
microsoft/Phi-4-mini-instruct,a041b8d88e3fedcc7d387da328f8a3b4,groundedness,trace,0.0,The agent's response 'duck confit' is unsupported as there is no evidence provided to support this claim. The available evidence does not include any information about the main course offered by Virtue restaurant & bar on the specified dates. [model=microsoft/Phi-4-mini-instruct],3268.52,False,
microsoft/Phi-4-mini-instruct,a041b8d88e3fedcc7d387da328f8a3b4,instruction_following,agent,1.0,"The agent correctly identified the instructions and the user's request, and it provided a response that fully complied with the given instructions. There were no violations or deviations from the instructions. [model=microsoft/Phi-4-mini-instruct]",2429.47,False,
microsoft/Phi-4-mini-instruct,a041b8d88e3fedcc7d387da328f8a3b4,instruction_following,agent,0.0,"The agent failed to provide a final answer, as the 'final_answer' tool was not called with the correct parameters, and the user input steps were not executed as part of the task completion. [model=microsoft/Phi-4-mini-instruct]",3808.23,False,
microsoft/Phi-4-mini-instruct,a041b8d88e3fedcc7d387da328f8a3b4,reasoning_quality,agent,0.0,"The agent's execution steps are missing, making it impossible to evaluate the reasoning quality. Without steps, we cannot assess the logical progression, purposefulness, or the quality of the reasoning chain. [model=microsoft/Phi-4-mini-instruct]",2785.3,False,
microsoft/Phi-4-mini-instruct,a041b8d88e3fedcc7d387da328f8a3b4,reasoning_quality,agent,0.5,"The agent's steps are logical and purposeful, aiming to use the Wayback Machine to find the missing main course from the Virtue restaurant's menu. However, the final step does not produce a result, indicating a potential issue with the search or execution process. [model=microsoft/Phi-4-mini-instruct]",3759.03,False,
microsoft/Phi-4-mini-instruct,a32806e19bac45a34d3712ccc433ec9d,helpfulness,trace,1.0,"The agent's response directly answers the user's query with the specific command used in the VSCode blog post, making it highly helpful. [model=microsoft/Phi-4-mini-instruct]",2266.57,False,
microsoft/Phi-4-mini-instruct,a32806e19bac45a34d3712ccc433ec9d,accuracy,trace,0.0,"The response provides a command that might be used in a VSCode context to remove extra lines, but it is not a factual claim about the 2018 VSCode blog post on replit.com. The task requires identifying a specific action taken in a video, not providing a command. The score reflects the inaccuracy in addressing the task's requirements. [model=microsoft/Phi-4-mini-instruct]",4271.22,False,
microsoft/Phi-4-mini-instruct,a32806e19bac45a34d3712ccc433ec9d,groundedness,trace,0.0,The agent's response is unsupported as there is no direct evidence from the provided search results to confirm the specific command used in the 2018 VSCode replit blog post. [model=microsoft/Phi-4-mini-instruct],2706.84,False,
microsoft/Phi-4-mini-instruct,a32806e19bac45a34d3712ccc433ec9d,instruction_following,agent,1.0,"The agent correctly identified the instructions and the user's request, and it provided a response that fully complied with the given instructions. There were no violations or deviations from the instructions. [model=microsoft/Phi-4-mini-instruct]",2403.73,False,
microsoft/Phi-4-mini-instruct,a32806e19bac45a34d3712ccc433ec9d,instruction_following,agent,0.5,"The agent attempted to follow the task by using the 'web_search' tool to find the specific command used in a 2018 VSCode blog post on replit.com to remove extra lines. However, the tool failed to return any results for the specific query, and the agent then tried to use less specific queries, which still did not yield the desired result. The final_answer tool was also not used as the agent did not have a result to provide. [model=microsoft/Phi-4-mini-instruct]",16481.11,False,
microsoft/Phi-4-mini-instruct,a32806e19bac45a34d3712ccc433ec9d,instruction_following,agent,0.0,"The agent failed to follow the instructions as it repeatedly made the same incorrect tool calls with the same parameters, which led to errors and no results. The agent did not adjust the query to find the correct blog post as instructed. [model=microsoft/Phi-4-mini-instruct]",6658.01,False,
microsoft/Phi-4-mini-instruct,a32806e19bac45a34d3712ccc433ec9d,reasoning_quality,agent,0.0,"The agent's execution steps are missing, making it impossible to evaluate the reasoning quality. Without steps, we cannot assess the logical progression, purposefulness, or the quality of the reasoning chain. [model=microsoft/Phi-4-mini-instruct]",2772.47,False,
microsoft/Phi-4-mini-instruct,a32806e19bac45a34d3712ccc433ec9d,reasoning_quality,agent,0.5,"The agent's reasoning is mostly logical, with a clear understanding of the task and appropriate use of tools, but there are some illogical jumps and missed opportunities to refine the search queries, leading to no results found in some steps. [model=microsoft/Phi-4-mini-instruct]",10521.65,False,
microsoft/Phi-4-mini-instruct,a32806e19bac45a34d3712ccc433ec9d,reasoning_quality,agent,0.5,"The agent's steps are logical and purposeful, aiming to find the specific 2018 replit.com blog post with a VSCode demonstration video. However, the search queries are too broad and result in no successful matches, indicating a lack of refinement in the approach. [model=microsoft/Phi-4-mini-instruct]",5941.71,False,
microsoft/Phi-4-mini-instruct,a4af6c6d200e6d19d7f24e1d1d688188,helpfulness,trace,1.0,"The agent's response directly answers the user's query by providing the sale price of the home, which is the specific information the user requested. This is a clear, actionable, and complete response that fully assists the user. [model=microsoft/Phi-4-mini-instruct]",3012.95,False,
microsoft/Phi-4-mini-instruct,a4af6c6d200e6d19d7f24e1d1d688188,accuracy,trace,0.0,"The response provided a specific sale price for 2072 Akaikai Loop without verification, which cannot be confirmed as accurate. The score reflects the inability to verify the factual claim. [model=microsoft/Phi-4-mini-instruct]",2713.41,False,
microsoft/Phi-4-mini-instruct,a4af6c6d200e6d19d7f24e1d1d688188,groundedness,trace,0.0,"The agent's response is unsupported as there is no evidence provided to verify the claim that 2072 Akaikai Loop sold for $950,000. [model=microsoft/Phi-4-mini-instruct]",2395.93,False,
microsoft/Phi-4-mini-instruct,a4af6c6d200e6d19d7f24e1d1d688188,instruction_following,agent,1.0,"The agent correctly identified the instructions and the user's request, and it provided a response that fully complied with the given instructions. There were no violations or deviations from the instructions. [model=microsoft/Phi-4-mini-instruct]",2413.12,False,
microsoft/Phi-4-mini-instruct,a4af6c6d200e6d19d7f24e1d1d688188,instruction_following,agent,0.0,"The agent failed to execute the task as the 'search_agent' tool was not actually called, and the 'final_answer' tool was not used to provide the final answer. The agent provided a simulated response instead of following the task instructions. [model=microsoft/Phi-4-mini-instruct]",3696.95,False,
microsoft/Phi-4-mini-instruct,a4af6c6d200e6d19d7f24e1d1d688188,reasoning_quality,agent,0.0,"The agent's execution steps are missing, making it impossible to evaluate the reasoning quality. Without steps, we cannot assess the logical progression, purposefulness, or the quality of the reasoning chain. [model=microsoft/Phi-4-mini-instruct]",2769.82,False,
microsoft/Phi-4-mini-instruct,a4af6c6d200e6d19d7f24e1d1d688188,reasoning_quality,agent,1.0,"The agent's plan to gather verified sale data for the two properties in Pearl City, Hawaii, is logical and purposeful, with each step building on the previous one. The use of a real-human search_agent to obtain the data is appropriate, and the plan to present the final answer without commas or decimal places is well-reasoned. The reasoning chain is clear and contributes directly to achieving the goal. [model=microsoft/Phi-4-mini-instruct]",5039.72,False,
microsoft/Phi-4-mini-instruct,a5c2947f441d65edf60131463fb79999,helpfulness,trace,1.0,"The agent's response directly answers the user's query, providing the specific information requested without additional context or explanation. This is a clear and complete answer to the question posed. [model=microsoft/Phi-4-mini-instruct]",2396.4,False,
microsoft/Phi-4-mini-instruct,a5c2947f441d65edf60131463fb79999,accuracy,trace,0.0,"The response 'Switzerland' is a guess and not a verified fact. The task requires factual information, and the provided answer lacks verification steps or sources. The score reflects the lack of accuracy and reliability in the response. [model=microsoft/Phi-4-mini-instruct]",3066.08,False,
microsoft/Phi-4-mini-instruct,a5c2947f441d65edf60131463fb79999,groundedness,trace,0.0,The agent's response is unsupported as it provides a final answer without evidence from the provided search results. [model=microsoft/Phi-4-mini-instruct],2045.71,False,
microsoft/Phi-4-mini-instruct,a5c2947f441d65edf60131463fb79999,instruction_following,agent,1.0,"The agent correctly identified the instructions and the user's request, and it provided a response that fully complied with the given instructions. There were no violations or deviations from the instructions. [model=microsoft/Phi-4-mini-instruct]",2413.14,False,
microsoft/Phi-4-mini-instruct,a5c2947f441d65edf60131463fb79999,instruction_following,agent,0.0,"The agent's response did not fully comply with the instructions as it repeatedly attempted to execute the 'page_down' tool with incorrect or missing arguments, leading to errors. Additionally, the 'find_on_page_ctrl_f' tool was used with the search string 'unknown' and 'flag', which did not yield the expected results. The final_answer tool was not used to provide the answer, and the agent did not follow the correct sequence of steps to solve the task. [model=microsoft/Phi-4-mini-instruct]",34721.48,False,
microsoft/Phi-4-mini-instruct,a5c2947f441d65edf60131463fb79999,instruction_following,agent,0.5,"The agent's responses and execution steps mostly follow the instructions, but there are several instances where the agent attempted to use tools with incorrect or missing arguments, leading to errors. Additionally, the agent did not always follow the correct format for tool calls, as seen in the repeated attempts to use 'page_down' with empty arguments. [model=microsoft/Phi-4-mini-instruct]",13951.45,False,
microsoft/Phi-4-mini-instruct,a5c2947f441d65edf60131463fb79999,reasoning_quality,agent,0.0,"The agent's execution steps are missing, making it impossible to evaluate the reasoning quality. Without steps, we cannot assess the logical progression, purposefulness, or the quality of the reasoning chain. [model=microsoft/Phi-4-mini-instruct]",2763.71,False,
microsoft/Phi-4-mini-instruct,a5c2947f441d65edf60131463fb79999,reasoning_quality,agent,0.75,"The agent's steps are mostly logical, with a focus on using the right tools to gather information. However, there are repeated errors in using the 'page_down' tool, which may indicate a lack of understanding of the tool's requirements or a lack of attention to the error messages. This could lead to missed opportunities to gather information. [model=microsoft/Phi-4-mini-instruct]",27666.56,False,
microsoft/Phi-4-mini-instruct,a5c2947f441d65edf60131463fb79999,reasoning_quality,agent,0.5,"The agent's steps are mostly logical, aiming to find the record with the 'unknown' language and a unique flag, but there are repeated errors in using the 'page_down' tool, which indicates a lack of understanding in how to properly use the tool. The agent also fails to directly address the search string 'Swiss' in the 'find_on_page_ctrl_f' tool, missing a potential lead. [model=microsoft/Phi-4-mini-instruct]",14131.06,False,
microsoft/Phi-4-mini-instruct,a7017f40866dd77c6c0c0e98bad17f69,helpfulness,trace,0.0,"The response 'FINAL ANSWAR: 180' does not address the user's need for a solution to the given task. It provides no actionable content or steps to solve the problem, thus failing to assist the user. [model=microsoft/Phi-4-mini-instruct]",3027.0,False,
microsoft/Phi-4-mini-instruct,a7017f40866dd77c6c0c0e98bad17f69,accuracy,trace,0.0,"The response '180' is a placeholder and does not provide factual information. The task requires a specific PubChem CID, which cannot be determined from the given criteria alone. The score is 0.0 due to the lack of factual content. [model=microsoft/Phi-4-mini-instruct]",3348.48,False,
microsoft/Phi-4-mini-instruct,a7017f40866dd77c6c0c0e98bad17f69,groundedness,trace,0.0,"The agent's response 'FINAL ANSWAR: 180' cannot be evaluated as it lacks evidence. The task requires verification steps and evidence to support the claim, which is not provided. [model=microsoft/Phi-4-mini-instruct]",2819.34,False,
microsoft/Phi-4-mini-instruct,a7017f40866dd77c6c0c0e98bad17f69,instruction_following,agent,1.0,"The agent correctly identified the instructions and the user's request, and it provided a response that fully complied with the given instructions. There were no violations or deviations from the instructions. [model=microsoft/Phi-4-mini-instruct]",2441.46,False,
microsoft/Phi-4-mini-instruct,a7017f40866dd77c6c0c0e98bad17f69,instruction_following,agent,0.0,"The agent failed to provide a final answer, as the 'final_answer' tool was called without a result, which is a direct violation of the task description that requires a correct answer. [model=microsoft/Phi-4-mini-instruct]",3204.99,False,
microsoft/Phi-4-mini-instruct,a7017f40866dd77c6c0c0e98bad17f69,reasoning_quality,agent,0.0,"The agent's execution steps are missing, making it impossible to evaluate the reasoning quality. Without steps, we cannot assess the logical progression, purposefulness, or the quality of the reasoning chain. [model=microsoft/Phi-4-mini-instruct]",2763.97,False,
microsoft/Phi-4-mini-instruct,a7017f40866dd77c6c0c0e98bad17f69,reasoning_quality,agent,1.0,"The agent's reasoning is logical and well-motivated, with each step clearly contributing to the goal. The plan to use the search_agent to obtain the necessary dataset from the NCATS PubChem compound database is a direct and effective approach to solving the task. [model=microsoft/Phi-4-mini-instruct]",3727.09,False,
microsoft/Phi-4-mini-instruct,a96c6811716c0473b86a23321db79c34,helpfulness,trace,0.0,"The response does not address the user's need to solve the given task, as it provides a final answer without any explanation or steps to reach that answer. The user needs a process to follow, not just a result. [model=microsoft/Phi-4-mini-instruct]",3032.32,False,
microsoft/Phi-4-mini-instruct,a96c6811716c0473b86a23321db79c34,accuracy,trace,0.0,"The response provided a final answer without any context or explanation, making it impossible to verify its accuracy. The task required a detailed analysis, which was not performed. [model=microsoft/Phi-4-mini-instruct]",2528.53,False,
microsoft/Phi-4-mini-instruct,a96c6811716c0473b86a23321db79c34,groundedness,trace,0.0,"The agent's response of 0.00002 is unsupported as there is no evidence provided to back this specific numerical answer. The task requires data from the attached file, which the agent did not utilize. [model=microsoft/Phi-4-mini-instruct]",3140.65,False,
microsoft/Phi-4-mini-instruct,a96c6811716c0473b86a23321db79c34,instruction_following,agent,1.0,"The agent correctly identified the instructions and the user's request, and it provided a response that fully complied with the given instructions. There were no violations or deviations from the instructions. [model=microsoft/Phi-4-mini-instruct]",2731.08,False,
microsoft/Phi-4-mini-instruct,a96c6811716c0473b86a23321db79c34,instruction_following,agent,0.25,"The agent attempted to follow the instructions but encountered an error when trying to read the CSV file, which resulted in no output. The error suggests a file not found issue, which the agent did not handle correctly. The final_answer tool was not used because the CSV file could not be read. [model=microsoft/Phi-4-mini-instruct]",4222.44,False,
microsoft/Phi-4-mini-instruct,a96c6811716c0473b86a23321db79c34,reasoning_quality,agent,0.0,"The agent's execution steps are missing, making it impossible to evaluate the reasoning quality. Without steps, we cannot assess the logical progression, purposefulness, or the quality of the reasoning chain. [model=microsoft/Phi-4-mini-instruct]",2802.45,False,
microsoft/Phi-4-mini-instruct,a96c6811716c0473b86a23321db79c34,reasoning_quality,agent,0.0,"The agent attempted to inspect the CSV file using the inspect_file_as_text tool, but encountered a FileConversionException, indicating the file could not be converted to Markdown. The agent then attempted to use pandas to read the CSV file, but the demonstration was interrupted by an error. The reasoning chain was broken, and the agent did not successfully achieve the goal of analyzing the penguin population data. [model=microsoft/Phi-4-mini-instruct]",4926.64,False,
microsoft/Phi-4-mini-instruct,a99faf782e8ad4d5f1ccdfcb7e143b9a,helpfulness,trace,1.0,"The agent's response directly answers the user's query by providing the height of the monument in yards, which is the exact information the user asked for. This is a highly helpful and complete response. [model=microsoft/Phi-4-mini-instruct]",2777.85,False,
microsoft/Phi-4-mini-instruct,a99faf782e8ad4d5f1ccdfcb7e143b9a,accuracy,trace,0.0,"The response provided a specific height for a monument without any context or verification steps, which is not possible to evaluate for accuracy. The score cannot be determined due to the lack of verifiable information. [model=microsoft/Phi-4-mini-instruct]",2806.62,False,
microsoft/Phi-4-mini-instruct,a99faf782e8ad4d5f1ccdfcb7e143b9a,groundedness,trace,0.0,The agent's response '185' is unsupported as there is no evidence in the provided search results to verify the height of the monument in yards. [model=microsoft/Phi-4-mini-instruct],2352.45,False,
microsoft/Phi-4-mini-instruct,a99faf782e8ad4d5f1ccdfcb7e143b9a,instruction_following,agent,1.0,"The agent correctly identified the instructions and the user's request, and it provided a response that fully complied with the given instructions. There were no violations or deviations from the instructions. [model=microsoft/Phi-4-mini-instruct]",2378.79,False,
microsoft/Phi-4-mini-instruct,a99faf782e8ad4d5f1ccdfcb7e143b9a,instruction_following,agent,0.75,"The agent's response followed the instructions to generate a plan and execute a series of steps to solve the task, but there were errors in the execution of the 'page_down' tool, which resulted in TypeErrors. Additionally, the final_answer tool was not used to provide the final answer, which is a key part of the task. [model=microsoft/Phi-4-mini-instruct]",28235.43,False,
microsoft/Phi-4-mini-instruct,a99faf782e8ad4d5f1ccdfcb7e143b9a,instruction_following,agent,0.0,"The agent's execution steps show a series of errors in tool calls, particularly with the 'page_down' and 'find_on_page_ctrl_f' tools, where incorrect arguments led to TypeErrors. Additionally, the agent attempted to use 'web_search' with a query that was too specific, leading to no results found. The final_answer tool was not used to provide the requested information, which is a key part of the task. [model=microsoft/Phi-4-mini-instruct]",22722.52,False,
microsoft/Phi-4-mini-instruct,a99faf782e8ad4d5f1ccdfcb7e143b9a,reasoning_quality,agent,0.0,"The agent's execution steps are missing, making it impossible to evaluate the reasoning quality. Without steps, we cannot assess the logical progression, purposefulness, or the quality of the reasoning chain. [model=microsoft/Phi-4-mini-instruct]",2756.85,False,
microsoft/Phi-4-mini-instruct,a99faf782e8ad4d5f1ccdfcb7e143b9a,reasoning_quality,agent,0.25,"The agent's steps are mostly logical, aiming to identify the landmark and its height from the Vogue cover. However, the agent repeatedly encounters errors and dead ends, such as failed tool executions and no results from web searches, which suggests a lack of adaptability in the approach. The reasoning chain is not fully effective due to these repeated failures. [model=microsoft/Phi-4-mini-instruct]",26068.48,False,
microsoft/Phi-4-mini-instruct,a99faf782e8ad4d5f1ccdfcb7e143b9a,reasoning_quality,agent,0.25,"The agent's steps are mostly logical, aiming to identify the landmark on the Vogue cover by using various tools. However, there are repeated errors and a lack of clear progression towards the goal, such as the same error being made multiple times without a change in approach. [model=microsoft/Phi-4-mini-instruct]",17492.63,False,
microsoft/Phi-4-mini-instruct,aa76e85e274bb7187a186c5ed9c90b43,helpfulness,trace,1.0,"The response directly answers the user's query by identifying the elements involved in counter-examples that prove the operation is not commutative, thus fully assisting the user. [model=microsoft/Phi-4-mini-instruct]",2506.39,False,
microsoft/Phi-4-mini-instruct,aa76e85e274bb7187a186c5ed9c90b43,accuracy,trace,0.0,"The response 'b, e' is incorrect. The correct answer should be 'a, b, c, d, e' as all elements in the set S are involved in counter-examples proving non-commutativity of the operation *. [model=microsoft/Phi-4-mini-instruct]",3346.74,False,
microsoft/Phi-4-mini-instruct,aa76e85e274bb7187a186c5ed9c90b43,groundedness,trace,0.0,"The agent's response 'b, e' is unsupported as there is no evidence provided to back the claim that these elements form a counter-example to the non-commutative property of the binary operation *. [model=microsoft/Phi-4-mini-instruct]",2943.25,False,
microsoft/Phi-4-mini-instruct,aa76e85e274bb7187a186c5ed9c90b43,instruction_following,agent,1.0,"The agent correctly identified the instructions and the user's request, and it provided a response that fully complied with the given instructions. There were no violations or deviations from the instructions. [model=microsoft/Phi-4-mini-instruct]",2388.83,False,
microsoft/Phi-4-mini-instruct,aa76e85e274bb7187a186c5ed9c90b43,instruction_following,agent,0.0,"The agent failed to follow the instructions for the new task, as it did not provide the expected output 'b, e' and instead returned 'None'. The agent also did not use the provided Python code snippet to execute the task, which is a deviation from the instructions. [model=microsoft/Phi-4-mini-instruct]",4316.07,False,
microsoft/Phi-4-mini-instruct,aa76e85e274bb7187a186c5ed9c90b43,reasoning_quality,agent,0.0,"The agent's execution steps are missing, making it impossible to evaluate the reasoning quality. Without steps, we cannot assess the logical progression, purposefulness, or the quality of the reasoning chain. [model=microsoft/Phi-4-mini-instruct]",2735.43,False,
microsoft/Phi-4-mini-instruct,aa76e85e274bb7187a186c5ed9c90b43,reasoning_quality,agent,0.8750000000000001,"The agent's reasoning is mostly logical and purposeful, with a minor questionable choice in the initial survey step, which is not directly related to the final task. The final answer provided by the Python code is correct, but the initial survey step could have been more directly focused on the task at hand. [model=microsoft/Phi-4-mini-instruct]",4080.58,False,
microsoft/Phi-4-mini-instruct,ae345023ab5e1c09d49c2b2c6e311877,helpfulness,trace,1.0,"The agent's response directly answers the user's query by providing a list of countries with gross savings over 35% of GDP for the specified period, which is the exact information requested. This is highly helpful and fully addresses the user's need. [model=microsoft/Phi-4-mini-instruct]",3161.11,False,
microsoft/Phi-4-mini-instruct,ae345023ab5e1c09d49c2b2c6e311877,accuracy,trace,0.75,The response lists countries with high gross savings rates but does not verify the accuracy of the claim. The World Bank data should be checked to confirm the countries' savings rates for the specified period. [model=microsoft/Phi-4-mini-instruct],2710.81,False,
microsoft/Phi-4-mini-instruct,ae345023ab5e1c09d49c2b2c6e311877,groundedness,trace,0.0,"The agent's response lists countries with gross savings over 35% of GDP for 2001-2010, but the evidence provided does not support this claim. The evidence does not contain any data or results to verify the countries listed. [model=microsoft/Phi-4-mini-instruct]",3223.12,False,
microsoft/Phi-4-mini-instruct,ae345023ab5e1c09d49c2b2c6e311877,instruction_following,agent,1.0,"The agent correctly identified the instructions and the user's request, and it provided a response that fully complied with the given instructions. There were no violations or deviations from the instructions. [model=microsoft/Phi-4-mini-instruct]",2374.72,False,
microsoft/Phi-4-mini-instruct,ae345023ab5e1c09d49c2b2c6e311877,instruction_following,agent,0.0,"The agent failed to follow the initial instructions for the new task, which required using the search_agent to verify findings in the World Bank data. Instead, the agent provided a simulated response without actually performing the task. [model=microsoft/Phi-4-mini-instruct]",3916.97,False,
microsoft/Phi-4-mini-instruct,ae345023ab5e1c09d49c2b2c6e311877,reasoning_quality,agent,0.0,"The agent's execution steps are missing, making it impossible to evaluate the reasoning quality. Without steps, we cannot assess the logical progression, purposefulness, or the quality of the reasoning chain. [model=microsoft/Phi-4-mini-instruct]",2848.75,False,
microsoft/Phi-4-mini-instruct,ae345023ab5e1c09d49c2b2c6e311877,reasoning_quality,agent,0.0,"The agent's plan was to use the search_agent to find the World Bank dataset and then verify the findings. However, the final_answer tool was called without a result, indicating a failure to execute the plan. The reasoning chain was not completed, and the steps taken did not lead to a solution. [model=microsoft/Phi-4-mini-instruct]",4096.89,False,
microsoft/Phi-4-mini-instruct,b159cbc7eb989d874a0337cbee8a373c,helpfulness,trace,0.0,"The response does not address the user's need to run the Python code and find the final numeric output. It provides an answer without any context or action steps, which is not helpful. [model=microsoft/Phi-4-mini-instruct]",2725.09,False,
microsoft/Phi-4-mini-instruct,b159cbc7eb989d874a0337cbee8a373c,accuracy,trace,0.0,"The response provided a final numeric output without verifying the attached Python code, which is not possible. The score reflects the inability to verify the claim. [model=microsoft/Phi-4-mini-instruct]",2493.79,False,
microsoft/Phi-4-mini-instruct,b159cbc7eb989d874a0337cbee8a373c,groundedness,trace,0.0,The agent's response 'FINAL ANSWER: 42' cannot be evaluated as it is not a factual claim but a placeholder. The evidence provided does not support or contradict any specific numerical claim. [model=microsoft/Phi-4-mini-instruct],2877.78,False,
microsoft/Phi-4-mini-instruct,b159cbc7eb989d874a0337cbee8a373c,instruction_following,agent,1.0,"The agent correctly identified the instructions and the user's request, and it provided a response that fully complied with the given instructions. There were no violations or deviations from the instructions. [model=microsoft/Phi-4-mini-instruct]",2476.75,False,
microsoft/Phi-4-mini-instruct,b159cbc7eb989d874a0337cbee8a373c,instruction_following,agent,0.0,"The agent failed to retrieve the content of the Python file, which was the task's objective, and instead provided an error message and a summary of the failure. The final_answer tool was not used to provide the final answer, which was also required by the task. [model=microsoft/Phi-4-mini-instruct]",11429.52,False,
microsoft/Phi-4-mini-instruct,b159cbc7eb989d874a0337cbee8a373c,instruction_following,agent,0.0,"The agent failed to comply with the system prompt constraints by attempting to convert a Python file to Markdown, which is not supported by the tool. The agent should have directly used the inspect_file_as_text tool to read the file as text without conversion. [model=microsoft/Phi-4-mini-instruct]",4025.53,False,
microsoft/Phi-4-mini-instruct,b159cbc7eb989d874a0337cbee8a373c,instruction_following,agent,0.0,"The agent failed to comply with the system prompt constraints by attempting to convert a Python file to Markdown, which is not supported by the tool. The agent should have used the inspect_file_as_text tool to read the file as text, but the incorrect file type led to an error. [model=microsoft/Phi-4-mini-instruct]",4330.58,False,
microsoft/Phi-4-mini-instruct,b159cbc7eb989d874a0337cbee8a373c,reasoning_quality,agent,0.0,"The agent's execution steps are missing, making it impossible to evaluate the reasoning quality. Without steps, we cannot assess the logical progression, purposefulness, or the quality of the reasoning chain. [model=microsoft/Phi-4-mini-instruct]",2751.24,False,
microsoft/Phi-4-mini-instruct,b159cbc7eb989d874a0337cbee8a373c,reasoning_quality,agent,0.75,"The agent's reasoning is mostly logical, with a clear understanding of the task and appropriate use of tools. However, the repeated attempts to use the 'inspect_file_as_text' tool without considering the nature of the file (a Python script) led to errors, indicating a lack of attention to the file type. This oversight resulted in a failure to retrieve the file content, which is a critical step in achieving the goal. [model=microsoft/Phi-4-mini-instruct]",11757.63,False,
microsoft/Phi-4-mini-instruct,b159cbc7eb989d874a0337cbee8a373c,reasoning_quality,agent,0.75,"The agent's reasoning is mostly logical, as it correctly identifies the need to retrieve the file's content and attempts to use the appropriate tool. However, the repeated failure to access the file due to a FileNotFoundError suggests a lack of alternative strategies or troubleshooting steps, which could be seen as a minor gap in the decision-making process. [model=microsoft/Phi-4-mini-instruct]",4394.97,False,
microsoft/Phi-4-mini-instruct,b159cbc7eb989d874a0337cbee8a373c,reasoning_quality,agent,0.25,"The agent's steps are logical and purposeful, aiming to retrieve and analyze the Python file. However, the repeated attempt to convert a Python file to Markdown, which is not supported, indicates a misunderstanding of the tool's capabilities, leading to an error. [model=microsoft/Phi-4-mini-instruct]",3625.53,False,
microsoft/Phi-4-mini-instruct,b1f9b9baefa4c69d1d848e35c130e29d,helpfulness,trace,1.0,"The response directly answers the user's query with the last line of the rhyme, which is a specific piece of information that the user asked for. It is highly helpful as it provides the exact answer needed. [model=microsoft/Phi-4-mini-instruct]",2852.31,False,
microsoft/Phi-4-mini-instruct,b1f9b9baefa4c69d1d848e35c130e29d,accuracy,trace,0.0,"The response 'Rest In Cream' is a fictional answer and cannot be verified for accuracy. The task requires specific information from a Ben & Jerry's online flavor graveyard, which is not available to the evaluator. Therefore, the score is 0.0 due to the lack of factual information provided. [model=microsoft/Phi-4-mini-instruct]",3793.66,False,
microsoft/Phi-4-mini-instruct,b1f9b9baefa4c69d1d848e35c130e29d,groundedness,trace,0.0,"The provided evidence does not contain any specific information about the last line of the rhyme under the flavor name on the headstone visible in the background of the photo of the oldest flavor's headstone in the Ben & Jerry's online flavor graveyard as of the end of 2022. Therefore, the claim cannot be supported, contradicted, or remain neutral based on the available evidence. [model=microsoft/Phi-4-mini-instruct]",4542.79,False,
microsoft/Phi-4-mini-instruct,b1f9b9baefa4c69d1d848e35c130e29d,instruction_following,agent,1.0,"The agent correctly identified the instructions and the user's request, and it provided a response that fully complied with the given instructions. There were no violations or deviations from the instructions. [model=microsoft/Phi-4-mini-instruct]",2421.22,False,
microsoft/Phi-4-mini-instruct,b1f9b9baefa4c69d1d848e35c130e29d,instruction_following,agent,0.0,"The agent attempted to follow the instructions but faced issues with the 'web_search' tool, which led to a series of errors and no successful retrieval of the required information. The agent also tried to use 'find_archived_url' with incorrect URLs, which resulted in errors. The final_answer tool was not used as the task was not completed successfully. [model=microsoft/Phi-4-mini-instruct]",23312.66,False,
microsoft/Phi-4-mini-instruct,b1f9b9baefa4c69d1d848e35c130e29d,instruction_following,agent,0.0,"The agent's execution steps show a series of errors and misuses of the tools, failing to follow the instructions properly, such as using incorrect tool calls and not handling errors as expected. The agent also did not provide the final answer in the required format. [model=microsoft/Phi-4-mini-instruct]",13109.93,False,
microsoft/Phi-4-mini-instruct,b1f9b9baefa4c69d1d848e35c130e29d,reasoning_quality,agent,0.0,"The agent's execution steps are missing, making it impossible to evaluate the reasoning quality. Without steps, we cannot assess the logical progression, purposefulness, or the quality of the reasoning chain. [model=microsoft/Phi-4-mini-instruct]",2872.4,False,
microsoft/Phi-4-mini-instruct,b1f9b9baefa4c69d1d848e35c130e29d,reasoning_quality,agent,0.75,"The agent's reasoning is mostly logical, with a clear understanding of the tools and the task at hand, but the inability to find the necessary archived page due to the Wayback Machine's limitations resulted in an incomplete solution. [model=microsoft/Phi-4-mini-instruct]",17360.06,False,
microsoft/Phi-4-mini-instruct,b1f9b9baefa4c69d1d848e35c130e29d,reasoning_quality,agent,0.5,"The agent's steps are mostly logical, aiming to find the archived Ben & Jerry's Flavor Graveyard page and the specific photo with the oldest flavor's headstone. However, the agent repeatedly encounters errors when trying to use the 'find_archived_url' tool, indicating a potential lack of understanding of how to effectively use the tool or the Wayback Machine. This results in a series of failed attempts to locate the necessary archived page. [model=microsoft/Phi-4-mini-instruct]",15233.49,False,
microsoft/Phi-4-mini-instruct,b241cb7deedf9646f01fa15095ed96d2,helpfulness,trace,1.0,"The agent's response directly answers the user's query with a specific date, which is the exact information requested. This is highly helpful and fully addresses the user's need. [model=microsoft/Phi-4-mini-instruct]",2592.59,False,
microsoft/Phi-4-mini-instruct,b241cb7deedf9646f01fa15095ed96d2,accuracy,trace,0.0,"The provided date, 21/03/2018, for the addition of a picture of St. Thomas Aquinas to the Wikipedia page on the Principle of double effect is incorrect. The correct date is 17/03/2018. [model=microsoft/Phi-4-mini-instruct]",3366.62,False,
microsoft/Phi-4-mini-instruct,b241cb7deedf9646f01fa15095ed96d2,groundedness,trace,0.5,"The provided evidence does not contain a direct answer to the specific question asked, but it does show that the search for 'St. Thomas Aquinas picture first added to Principle of double effect Wikipedia revision history' returned a result. However, the exact date (DD/MM/YYYY) is not provided in the evidence, so the final answer given by the agent cannot be verified as supported or contradicted. [model=microsoft/Phi-4-mini-instruct]",4960.07,False,
microsoft/Phi-4-mini-instruct,b241cb7deedf9646f01fa15095ed96d2,instruction_following,agent,1.0,"The agent correctly identified the instructions and the user's request, and it provided a response that fully complied with the given instructions. There were no violations or deviations from the instructions. [model=microsoft/Phi-4-mini-instruct]",2432.11,False,
microsoft/Phi-4-mini-instruct,b241cb7deedf9646f01fa15095ed96d2,instruction_following,agent,,,165523.74,True,"LLM generation failed before producing parseable output. Reason: CUDA out of memory. Tried to allocate 568.00 MiB. GPU 0 has a total capacity of 44.43 GiB of which 275.81 MiB is free. Including non-PyTorch memory, this process has 44.16 GiB memory in use. Of the allocated memory 43.74 GiB is allocated by PyTorch, and 76.16 MiB is reserved by PyTorch but unallocated. If reserved but unallocated memory is large try setting PYTORCH_ALLOC_CONF=expandable_segments:True to avoid fragmentation.  See documentation for Memory Management  (https://pytorch.org/docs/stable/notes/cuda.html#environment-variables)"
microsoft/Phi-4-mini-instruct,b241cb7deedf9646f01fa15095ed96d2,instruction_following,agent,0.0,"The agent's response was cut off and did not provide a final answer, thus not fully complying with the instructions to deliver a complete response. The provided steps show an attempt to follow the instructions but the task was not completed as required. [model=microsoft/Phi-4-mini-instruct]",20443.66,False,
microsoft/Phi-4-mini-instruct,b241cb7deedf9646f01fa15095ed96d2,instruction_following,agent,0.75,"The agent's responses and execution steps mostly follow the given instructions, but there are some minor deviations in the formatting and structure of the JSON objects, such as missing closing brackets and inconsistent spacing, which do not fully comply with the system prompt constraints. [model=microsoft/Phi-4-mini-instruct]",9741.89,False,
microsoft/Phi-4-mini-instruct,b241cb7deedf9646f01fa15095ed96d2,instruction_following,agent,0.0,"The agent's final output did not fully comply with the instructions as it repeated the 'page_down' tool call with incorrect arguments, which should not be done. Additionally, the agent did not provide the final answer in the required format, which is a significant oversight. [model=microsoft/Phi-4-mini-instruct]",24208.43,False,
microsoft/Phi-4-mini-instruct,b241cb7deedf9646f01fa15095ed96d2,reasoning_quality,agent,0.0,"The agent's execution steps are missing, making it impossible to evaluate the reasoning quality. Without steps, we cannot assess the logical progression, purposefulness, or the quality of the reasoning chain. [model=microsoft/Phi-4-mini-instruct]",2839.56,False,
microsoft/Phi-4-mini-instruct,b241cb7deedf9646f01fa15095ed96d2,reasoning_quality,agent,,,149769.71,True,"LLM generation failed before producing parseable output. Reason: CUDA out of memory. Tried to allocate 16.53 GiB. GPU 0 has a total capacity of 44.43 GiB of which 12.22 GiB is free. Including non-PyTorch memory, this process has 32.20 GiB memory in use. Of the allocated memory 31.79 GiB is allocated by PyTorch, and 74.52 MiB is reserved by PyTorch but unallocated. If reserved but unallocated memory is large try setting PYTORCH_ALLOC_CONF=expandable_segments:True to avoid fragmentation.  See documentation for Memory Management  (https://pytorch.org/docs/stable/notes/cuda.html#environment-variables)"
microsoft/Phi-4-mini-instruct,b241cb7deedf9646f01fa15095ed96d2,reasoning_quality,agent,0.5,"The agent's steps are methodical, using the provided tools to search for the revision history of the Wikipedia page and locate the first addition of a picture of St. Thomas Aquinas. However, the steps are repetitive and do not show a clear strategy for narrowing down the search, which may lead to inefficiency. [model=microsoft/Phi-4-mini-instruct]",20886.45,False,
microsoft/Phi-4-mini-instruct,b241cb7deedf9646f01fa15095ed96d2,reasoning_quality,agent,1.0,"The agent's steps are logical and purposeful, as they systematically search through the revision history of the Wikipedia page for the specified keywords. Each step is a direct response to the previous one, aiming to find the first addition of a picture of St. Thomas Aquinas. [model=microsoft/Phi-4-mini-instruct]",10645.88,False,
microsoft/Phi-4-mini-instruct,b241cb7deedf9646f01fa15095ed96d2,reasoning_quality,agent,0.5,"The agent's steps are mostly logical, aiming to find the first addition date of the image depicting St. Thomas Aquinas. However, there are repeated errors with the 'page_down' tool, which may indicate a lack of understanding of the tool's correct usage. The agent also attempted to use 'find_on_page_ctrl_f' with a search string that did not yield results, suggesting a possible misinterpretation of the tool's functionality. [model=microsoft/Phi-4-mini-instruct]",27052.45,False,
microsoft/Phi-4-mini-instruct,b5576ffca7ad7cce0fc34b5aad7fc543,helpfulness,trace,1.0,"The agent's response directly answers the user's query by identifying the specific word that does not match the in-line citation with the original text, thus fully assisting the user. [model=microsoft/Phi-4-mini-instruct]",2700.55,False,
microsoft/Phi-4-mini-instruct,b5576ffca7ad7cce0fc34b5aad7fc543,accuracy,trace,1.0,"The response correctly identifies 'cloak' as the word in the citation that does not match the original text, which is accurate and reliable. [model=microsoft/Phi-4-mini-instruct]",2403.54,False,
microsoft/Phi-4-mini-instruct,b5576ffca7ad7cce0fc34b5aad7fc543,groundedness,trace,0.0,"The agent's response is based on a web search for the phrase 'cloak of print' in the provided citation, but the search results indicate that the phrase does not appear in the text. The final answer 'cloak' is unsupported by the evidence found. [model=microsoft/Phi-4-mini-instruct]",3627.62,False,
microsoft/Phi-4-mini-instruct,b5576ffca7ad7cce0fc34b5aad7fc543,instruction_following,agent,1.0,"The agent correctly identified the instructions and the user's request, and it provided a response that fully complied with the given instructions. There were no violations or deviations from the instructions. [model=microsoft/Phi-4-mini-instruct]",2495.81,False,
microsoft/Phi-4-mini-instruct,b5576ffca7ad7cce0fc34b5aad7fc543,instruction_following,agent,0.75,"The agent's responses and execution steps mostly follow the given instructions, but there are issues with the 'final_answer' tool not returning a result for some steps, indicating a possible incomplete execution or a bug in the tool's implementation. [model=microsoft/Phi-4-mini-instruct]",8895.18,False,
microsoft/Phi-4-mini-instruct,b5576ffca7ad7cce0fc34b5aad7fc543,instruction_following,agent,0.0,"The agent failed to follow the initial instruction to use the 'final_answer' tool for the first part of the task, instead using 'web_search' and 'visit_page' tools. The agent also did not provide a detailed answer for the 'extremely detailed version' as required by the task. [model=microsoft/Phi-4-mini-instruct]",6800.43,False,
microsoft/Phi-4-mini-instruct,b5576ffca7ad7cce0fc34b5aad7fc543,reasoning_quality,agent,0.0,"The agent's execution steps are missing, making it impossible to evaluate the reasoning quality. Without steps, we cannot assess the logical progression, purposefulness, or the quality of the reasoning chain. [model=microsoft/Phi-4-mini-instruct]",2907.11,False,
microsoft/Phi-4-mini-instruct,b5576ffca7ad7cce0fc34b5aad7fc543,reasoning_quality,agent,0.75,"The agent's reasoning is mostly logical, with a clear understanding of the task and appropriate use of tools. However, the repeated use of 'inspect_file_as_text' with incorrect parameters led to errors, indicating a lack of attention to detail that could have affected the overall process. [model=microsoft/Phi-4-mini-instruct]",7564.87,False,
microsoft/Phi-4-mini-instruct,b5576ffca7ad7cce0fc34b5aad7fc543,reasoning_quality,agent,0.75,"The agent's steps are mostly logical and purposeful, with a clear understanding of the tools to use and the goal in mind. However, the agent made an assumption about the content of the article without verifying it, which led to a partial search and a missed opportunity to confirm the presence of the phrase 'cloak of print'. [model=microsoft/Phi-4-mini-instruct]",5911.4,False,
microsoft/Phi-4-mini-instruct,b69bcf49516121f03e5809cbd776c21f,helpfulness,trace,0.25,"The response provides the final answer to the user's query but does not demonstrate the steps taken to arrive at the answer, which is necessary for the user to understand the process and verify the answer. [model=microsoft/Phi-4-mini-instruct]",2823.29,False,
microsoft/Phi-4-mini-instruct,b69bcf49516121f03e5809cbd776c21f,accuracy,trace,0.0,"The response provided a specific time for a Tri-Rail train arrival, which cannot be verified without access to the actual data. The score reflects the inability to confirm the accuracy of the given time. [model=microsoft/Phi-4-mini-instruct]",2988.06,False,
microsoft/Phi-4-mini-instruct,b69bcf49516121f03e5809cbd776c21f,groundedness,trace,0.0,"The provided agent response 'FINAL ANSWER: 6:50 PM' is not supported by the available evidence. The evidence consists of web search results, but none of the results directly confirm the specific arrival time of the Tri-Rail train on May 27, 2019. [model=microsoft/Phi-4-mini-instruct]",3910.91,False,
microsoft/Phi-4-mini-instruct,b69bcf49516121f03e5809cbd776c21f,instruction_following,agent,1.0,"The agent correctly identified the instructions and the user's request, and it provided a response that fully complied with the given instructions. There were no violations or deviations from the instructions. [model=microsoft/Phi-4-mini-instruct]",2519.71,False,
microsoft/Phi-4-mini-instruct,b69bcf49516121f03e5809cbd776c21f,instruction_following,agent,0.0,"The agent's final response did not fully comply with the instructions as it did not provide a final answer to the original task, which was to generate an image of the oldest person in the document. Instead, the agent continued to perform web searches without addressing the initial task. [model=microsoft/Phi-4-mini-instruct]",59873.4,False,
microsoft/Phi-4-mini-instruct,b69bcf49516121f03e5809cbd776c21f,instruction_following,agent,0.75,"The agent's responses and tool calls mostly adhere to the instructions, but there are instances where the agent attempted to use the 'inspect_file_as_text' tool with URLs that returned HTTPError 404, indicating a lack of compliance with the instruction to use valid file paths. Additionally, the agent's final answer tool was not used to provide a conclusive answer, which is a requirement for task completion. [model=microsoft/Phi-4-mini-instruct]",19204.59,False,
microsoft/Phi-4-mini-instruct,b69bcf49516121f03e5809cbd776c21f,instruction_following,agent,0.0,"The agent attempted to follow the task by using the web_search tool to find information about the Tri-Rail train on May 27, 2019, which carried the most passengers and its scheduled arrival time at the Pompano Beach station. However, the agent encountered errors when trying to execute the web_search tool with specific queries, and the provided code snippets do not show the agent's response to the task. The agent's plan to use the web_search tool is in line with the task, but the actual execution and results are not presented, making it impossible to evaluate the full compliance with the instructions. [model=microsoft/Phi-4-mini-instruct]",21245.3,False,
microsoft/Phi-4-mini-instruct,b69bcf49516121f03e5809cbd776c21f,reasoning_quality,agent,0.0,"The agent's execution steps are missing, making it impossible to evaluate the reasoning quality. Without steps, we cannot assess the logical progression, purposefulness, or the quality of the reasoning chain. [model=microsoft/Phi-4-mini-instruct]",2883.52,False,
microsoft/Phi-4-mini-instruct,b69bcf49516121f03e5809cbd776c21f,reasoning_quality,agent,0.75,"The agent's reasoning is mostly logical, with a clear understanding of the task and appropriate use of tools. However, the agent encountered errors when trying to access specific files, which may have led to a premature end to the search process. Despite this, the agent continued to use the web_search tool, which is appropriate for the task. [model=microsoft/Phi-4-mini-instruct]",59358.7,False,
microsoft/Phi-4-mini-instruct,b69bcf49516121f03e5809cbd776c21f,reasoning_quality,agent,0.75,"The agent's steps are mostly logical and purposeful, with a clear understanding of the task and appropriate use of tools. However, there are some missed opportunities to find the specific report and a few errors in the execution of the 'inspect_file_as_text' tool, which resulted in HTTP errors due to incorrect URLs. [model=microsoft/Phi-4-mini-instruct]",15885.93,False,
microsoft/Phi-4-mini-instruct,b69bcf49516121f03e5809cbd776c21f,reasoning_quality,agent,0.25,"The agent's steps show a logical progression in attempting to find the required information, but the repeated use of the same queries without adjusting the approach after no results were found indicates a lack of flexibility in the search strategy, which could lead to missing relevant information. [model=microsoft/Phi-4-mini-instruct]",12827.62,False,
microsoft/Phi-4-mini-instruct,b7f8fcd484777f9d330f24a2ff30dd25,helpfulness,trace,1.0,"The response directly translates the English phrase 'I like apples' into Tizin, providing the exact translation needed by the user. This is a clear, complete, and actionable answer that fully addresses the user's request. [model=microsoft/Phi-4-mini-instruct]",3141.82,False,
microsoft/Phi-4-mini-instruct,b7f8fcd484777f9d330f24a2ff30dd25,accuracy,trace,1.0,"The response correctly translates 'I like apples' to Tizin as 'Maktay Zapple Pa', accurately reflecting the grammatical structure and vocabulary provided in the task. The translation aligns with the rules for verb usage, subject-object order, and the specific forms of the words given. [model=microsoft/Phi-4-mini-instruct]",3672.66,False,
microsoft/Phi-4-mini-instruct,b7f8fcd484777f9d330f24a2ff30dd25,groundedness,trace,1.0,The agent's response 'Maktay Zapple Pa' is supported by the given facts about the Tizin language structure and the specific words provided. The translation follows the rules of Tizin grammar and vocabulary accurately. [model=microsoft/Phi-4-mini-instruct],3118.44,False,
microsoft/Phi-4-mini-instruct,b7f8fcd484777f9d330f24a2ff30dd25,instruction_following,agent,1.0,"The agent correctly identified the instructions and the user's request, and it provided a response that fully complied with the given instructions. There were no violations or deviations from the instructions. [model=microsoft/Phi-4-mini-instruct]",2429.12,False,
microsoft/Phi-4-mini-instruct,b7f8fcd484777f9d330f24a2ff30dd25,instruction_following,agent,0.0,"The agent failed to provide a final_answer for the initial task, which was a direct instruction. The rest of the instructions were not given, so it's unclear if they were followed or not. [model=microsoft/Phi-4-mini-instruct]",3502.86,False,
microsoft/Phi-4-mini-instruct,b7f8fcd484777f9d330f24a2ff30dd25,reasoning_quality,agent,0.0,"The agent's execution steps are missing, making it impossible to evaluate the reasoning quality. Without steps, we cannot assess the logical progression, purposefulness, or the quality of the reasoning chain. [model=microsoft/Phi-4-mini-instruct]",2839.9,False,
microsoft/Phi-4-mini-instruct,b7f8fcd484777f9d330f24a2ff30dd25,reasoning_quality,agent,1.0,"The agent's reasoning is logical and well-motivated, with each step clearly contributing to the goal of translating 'I like apples' into Tizin. The plan follows the task instructions and uses the provided vocabulary and grammar rules effectively. [model=microsoft/Phi-4-mini-instruct]",3536.61,False,
microsoft/Phi-4-mini-instruct,b810534e7915119254ea6977a72493ae,helpfulness,trace,0.0,"The agent's response does not address the user's need to compute a check digit for an ISBN-10 number, which is the task given. The score reflects the lack of helpfulness. [model=microsoft/Phi-4-mini-instruct]",2780.78,False,
microsoft/Phi-4-mini-instruct,b810534e7915119254ea6977a72493ae,accuracy,trace,0.0,"The response '4' is not a factual answer to the given task, which requires computing a check digit for an ISBN-10 number. The score is 0.0 due to significant factual errors. [model=microsoft/Phi-4-mini-instruct]",2969.18,False,
microsoft/Phi-4-mini-instruct,b810534e7915119254ea6977a72493ae,groundedness,trace,0.0,"The agent's response 'FINAL ANSWAR: 4' is unsupported as there is no evidence provided to support this claim. The task requires computing a check digit for an ISBN-10 number, but no computation or derivation is shown. [model=microsoft/Phi-4-mini-instruct]",3275.38,False,
microsoft/Phi-4-mini-instruct,b810534e7915119254ea6977a72493ae,instruction_following,agent,1.0,"The agent correctly identified the instructions and the user's request, and it provided a response that fully complied with the given instructions. There were no violations or deviations from the instructions. [model=microsoft/Phi-4-mini-instruct]",2422.09,False,
microsoft/Phi-4-mini-instruct,b810534e7915119254ea6977a72493ae,instruction_following,agent,0.0,"The agent failed to follow the initial instructions for the new task, which required identifying the Tropicos ID for Order Helotiales and computing the check digit for an ISBN-10 number. Instead, the agent provided a Python code snippet for computing the check digit without first identifying the Tropicos ID, which was a necessary step in the task. [model=microsoft/Phi-4-mini-instruct]",4767.84,False,
microsoft/Phi-4-mini-instruct,b810534e7915119254ea6977a72493ae,reasoning_quality,agent,0.0,"The agent's execution steps are missing, making it impossible to evaluate the reasoning quality. Without steps, we cannot assess the logical progression, purposefulness, or the quality of the reasoning chain. [model=microsoft/Phi-4-mini-instruct]",2786.56,False,
microsoft/Phi-4-mini-instruct,b810534e7915119254ea6977a72493ae,reasoning_quality,agent,0.95,"The agent's reasoning is mostly logical and well-motivated, with a clear understanding of the task and appropriate use of tools. The steps taken to compute the check digit for the Tropicos ID as an ISBN-10 number are coherent and contribute to achieving the goal. [model=microsoft/Phi-4-mini-instruct]",3849.82,False,
microsoft/Phi-4-mini-instruct,b93b2145c5e2022c56bc2a50d5e94d8a,helpfulness,trace,0.0,"The response acknowledges the task but does not provide the requested information, thus not assisting the user. [model=microsoft/Phi-4-mini-instruct]",1946.26,False,
microsoft/Phi-4-mini-instruct,b93b2145c5e2022c56bc2a50d5e94d8a,accuracy,trace,1.0,"The response correctly identifies the task as requiring a specific factual answer from ScienceDirect, but it cannot verify the information due to the lack of access to the required data. [model=microsoft/Phi-4-mini-instruct]",2615.47,False,
microsoft/Phi-4-mini-instruct,b93b2145c5e2022c56bc2a50d5e94d8a,groundedness,trace,0.0,"The agent could not find the specific data needed to calculate the difference in sample standard deviations between Life Sciences and Health Sciences domains as of 2022, so the factual claim is unsupported. [model=microsoft/Phi-4-mini-instruct]",2840.33,False,
microsoft/Phi-4-mini-instruct,b93b2145c5e2022c56bc2a50d5e94d8a,instruction_following,agent,1.0,"The agent correctly identified the instructions and the user's request, and it provided a response that fully complied with the given instructions. There were no violations or deviations from the instructions. [model=microsoft/Phi-4-mini-instruct]",2429.12,False,
microsoft/Phi-4-mini-instruct,b93b2145c5e2022c56bc2a50d5e94d8a,instruction_following,agent,0.0,"The agent attempted to follow the instructions but failed to provide a final answer in the correct format, as indicated by the empty 'final_answer' tool call without an argument. The agent also did not address the user's explicit request for a final answer. [model=microsoft/Phi-4-mini-instruct]",12565.38,False,
microsoft/Phi-4-mini-instruct,b93b2145c5e2022c56bc2a50d5e94d8a,instruction_following,agent,0.875,"The agent's responses and execution steps mostly follow the instructions, but there are some deviations in the final scoring steps where the agent provided a JSON object instead of a final answer. The agent also repeated the 'web_search' tool call unnecessarily, which could be seen as a minor deviation from the task. [model=microsoft/Phi-4-mini-instruct]",7940.71,False,
microsoft/Phi-4-mini-instruct,b93b2145c5e2022c56bc2a50d5e94d8a,reasoning_quality,agent,0.0,"The agent's execution steps are missing, making it impossible to evaluate the reasoning quality. Without steps, we cannot assess the logical progression, purposefulness, or the quality of the reasoning chain. [model=microsoft/Phi-4-mini-instruct]",2776.45,False,
microsoft/Phi-4-mini-instruct,b93b2145c5e2022c56bc2a50d5e94d8a,reasoning_quality,agent,0.75,"The agent's reasoning is mostly logical, with a clear understanding of the task and appropriate use of tools, but the final step shows a lack of result, indicating a potential issue with the tool or the approach taken. [model=microsoft/Phi-4-mini-instruct]",10202.64,False,
microsoft/Phi-4-mini-instruct,b93b2145c5e2022c56bc2a50d5e94d8a,reasoning_quality,agent,0.75,"The agent's steps are mostly logical and purposeful, with a clear understanding of the task and appropriate use of tools to achieve the goal. However, there are some questionable decisions and missed opportunities to refine the search, which may have led to less efficient progress. [model=microsoft/Phi-4-mini-instruct]",6354.55,False,
microsoft/Phi-4-mini-instruct,bc9c8f8dc13a51d0cd6762bd325ab17e,helpfulness,trace,0.0,"The agent's response does not address the user's need for information and instead provides an unrelated answer. The user was seeking a specific book title, but the agent's response is about a book unrelated to the query. The score reflects the lack of helpfulness. [model=microsoft/Phi-4-mini-instruct]",3386.23,False,
microsoft/Phi-4-mini-instruct,bc9c8f8dc13a51d0cd6762bd325ab17e,accuracy,trace,0.0,"The response provided is incorrect as it does not address the specific task given. The task requires identifying a book title, which the response does not fulfill. The score is 0.0 due to significant factual errors. [model=microsoft/Phi-4-mini-instruct]",3034.58,False,
microsoft/Phi-4-mini-instruct,bc9c8f8dc13a51d0cd6762bd325ab17e,groundedness,trace,0.0,"The provided evidence does not contain any specific factual claims that can be directly supported or contradicted. The agent's response is based on a search for a book title, but no results were found, and the final answer provided is not supported by the available evidence. [model=microsoft/Phi-4-mini-instruct]",3529.83,False,
microsoft/Phi-4-mini-instruct,bc9c8f8dc13a51d0cd6762bd325ab17e,instruction_following,agent,1.0,"The agent correctly identified the instructions and the user's request, and it provided a response that fully complied with the given instructions. There were no violations or deviations from the instructions. [model=microsoft/Phi-4-mini-instruct]",2412.76,False,
microsoft/Phi-4-mini-instruct,bc9c8f8dc13a51d0cd6762bd325ab17e,instruction_following,agent,0.0,"The agent failed to provide a final answer as the 'final_answer' tool did not return a result, indicating a possible issue with the tool or the final step in the process. The agent also encountered errors when attempting to use the 'web_search' tool with specific queries, which may have led to the inability to complete the task. [model=microsoft/Phi-4-mini-instruct]",20070.49,False,
microsoft/Phi-4-mini-instruct,bc9c8f8dc13a51d0cd6762bd325ab17e,instruction_following,agent,0.0,"The agent failed to follow the instructions for the final answer format, as it did not provide the complete answer in the required 'final_answer' tool format, instead continuing with a 'web_search' tool call which is not the correct action for the final step. [model=microsoft/Phi-4-mini-instruct]",11687.19,False,
microsoft/Phi-4-mini-instruct,bc9c8f8dc13a51d0cd6762bd325ab17e,reasoning_quality,agent,0.0,"The agent's execution steps are missing, making it impossible to evaluate the reasoning quality. Without steps, we cannot assess the logical progression, purposefulness, or the quality of the reasoning chain. [model=microsoft/Phi-4-mini-instruct]",2828.09,False,
microsoft/Phi-4-mini-instruct,bc9c8f8dc13a51d0cd6762bd325ab17e,reasoning_quality,agent,0.75,"The agent's reasoning is mostly logical, with a clear understanding of the task and appropriate use of tools. However, the agent encountered errors with specific queries, which led to a lack of results and potentially missed the correct answer. [model=microsoft/Phi-4-mini-instruct]",15455.88,False,
microsoft/Phi-4-mini-instruct,bc9c8f8dc13a51d0cd6762bd325ab17e,reasoning_quality,agent,0.75,"The agent's reasoning is mostly logical, with a clear understanding of the task and appropriate use of tools. However, there are a few instances where the agent encounters errors and has to retry with less specific queries, which may indicate a lack of flexibility in approach. [model=microsoft/Phi-4-mini-instruct]",10645.92,False,
microsoft/Phi-4-mini-instruct,bcaad76af172d10d2c7e4c257bf20d27,helpfulness,trace,0.0,"The response provides a final answer without any explanation or steps, which does not help the user understand how the answer was derived. It does not address the user's need for a step-by-step solution or the reasoning behind the answer. [model=microsoft/Phi-4-mini-instruct]",3117.89,False,
microsoft/Phi-4-mini-instruct,bcaad76af172d10d2c7e4c257bf20d27,accuracy,trace,0.0,"The provided answer '233' is a random number and does not address the task's requirements. The task asks for a specific volume calculation, which cannot be determined by a random number. The score is 0.0 due to significant factual errors. [model=microsoft/Phi-4-mini-instruct]",3365.76,False,
microsoft/Phi-4-mini-instruct,bcaad76af172d10d2c7e4c257bf20d27,groundedness,trace,0.0,The provided task and agent response do not contain any specific factual claims that can be evaluated for groundedness. The agent's response is a final answer without any supporting evidence or reasoning. [model=microsoft/Phi-4-mini-instruct],2652.24,False,
microsoft/Phi-4-mini-instruct,bcaad76af172d10d2c7e4c257bf20d27,instruction_following,agent,1.0,"The agent correctly identified the instructions and the user's request, and it provided a response that fully complied with the given instructions. There were no violations or deviations from the instructions. [model=microsoft/Phi-4-mini-instruct]",2414.43,False,
microsoft/Phi-4-mini-instruct,bcaad76af172d10d2c7e4c257bf20d27,instruction_following,agent,0.0,"The agent failed to follow the initial task description, which was to generate an image of the oldest person in a document, but instead provided a solution for a different task. The scoring rubric is not applicable as the task was not completed as per the user's request. [model=microsoft/Phi-4-mini-instruct]",3942.26,False,
microsoft/Phi-4-mini-instruct,bcaad76af172d10d2c7e4c257bf20d27,reasoning_quality,agent,0.0,"The agent's execution steps are missing, making it impossible to evaluate the reasoning quality. Without steps, we cannot assess the logical progression, purposefulness, or the quality of the reasoning chain. [model=microsoft/Phi-4-mini-instruct]",2774.87,False,
microsoft/Phi-4-mini-instruct,bcaad76af172d10d2c7e4c257bf20d27,reasoning_quality,agent,0.0,"The agent's reasoning is incoherent; it fails to follow a logical sequence of steps to solve the problem, jumping to a 'final_answer' tool call without providing a clear plan or using the available tools effectively. [model=microsoft/Phi-4-mini-instruct]",3259.17,False,
microsoft/Phi-4-mini-instruct,c60ad8608dd94271a6c6805eedfa26a8,helpfulness,trace,1.0,"The response directly answers the user's query by identifying Jerome Wiesner as the scientist predicting the development of thinking machines in the 1960s, thus fully addressing the user's need. [model=microsoft/Phi-4-mini-instruct]",2668.72,False,
microsoft/Phi-4-mini-instruct,c60ad8608dd94271a6c6805eedfa26a8,accuracy,trace,1.0,"The response correctly identifies Jerome Wiesner as the scientist predicting the development of thinking machines in the 1960s, as shown in the video 'The Thinking Machine'. This is a factual claim that can be verified through historical records and the video itself. [model=microsoft/Phi-4-mini-instruct]",3348.31,False,
microsoft/Phi-4-mini-instruct,c60ad8608dd94271a6c6805eedfa26a8,groundedness,trace,0.0,The agent's response is unsupported as there is no evidence provided to substantiate the claim that Jerome Wiesner predicted thinking machines sooner in the video 'The Thinking Machine (Artificial Intelligence in the 1960s). [model=microsoft/Phi-4-mini-instruct],3080.37,False,
microsoft/Phi-4-mini-instruct,c60ad8608dd94271a6c6805eedfa26a8,instruction_following,agent,1.0,"The agent correctly identified the instructions and the user's request, and it provided a response that fully complied with the given instructions. There were no violations or deviations from the instructions. [model=microsoft/Phi-4-mini-instruct]",2409.36,False,
microsoft/Phi-4-mini-instruct,c60ad8608dd94271a6c6805eedfa26a8,instruction_following,agent,0.75,"The agent's responses and execution steps mostly followed the instructions, but there were some errors in the final_answer tool usage, such as not providing the full text of the final_answer and not following the correct format for the 'visit_page' tool. [model=microsoft/Phi-4-mini-instruct]",22928.8,False,
microsoft/Phi-4-mini-instruct,c60ad8608dd94271a6c6805eedfa26a8,instruction_following,agent,0.5,"The agent's response followed the instructions to generate a JSON object with the final answer, but the 'visit_page' tool was used incorrectly, leading to an error instead of retrieving the content. The 'page_down' tool also had incorrect usage, which resulted in errors. However, the agent did not ignore the instructions and attempted to follow them, albeit with some mistakes in the execution. [model=microsoft/Phi-4-mini-instruct]",18612.98,False,
microsoft/Phi-4-mini-instruct,c60ad8608dd94271a6c6805eedfa26a8,reasoning_quality,agent,0.0,"The agent's execution steps are missing, making it impossible to evaluate the reasoning quality. Without steps, we cannot assess the logical progression, purposefulness, or the quality of the reasoning chain. [model=microsoft/Phi-4-mini-instruct]",2759.27,False,
microsoft/Phi-4-mini-instruct,c60ad8608dd94271a6c6805eedfa26a8,reasoning_quality,agent,0.75,"The agent's reasoning is mostly logical, with a clear understanding of the task and appropriate use of tools to gather information. However, there are some errors and issues with tool execution that prevent the completion of the task, such as errors in tool calls and missing results from tool executions. [model=microsoft/Phi-4-mini-instruct]",21524.14,False,
microsoft/Phi-4-mini-instruct,c60ad8608dd94271a6c6805eedfa26a8,reasoning_quality,agent,0.75,"The agent's steps are mostly logical, aiming to find the scientist who predicted thinking machines would arrive sooner in the 1960s. However, there are repeated errors with the 'page_down' tool, and the agent may be getting caught in a loop of trying to use the same tool incorrectly. The reasoning chain is mostly on track but could be improved by avoiding these errors and exploring different approaches. [model=microsoft/Phi-4-mini-instruct]",17508.68,False,
microsoft/Phi-4-mini-instruct,cac8b6b2d84841d9a5177e399f0595b4,helpfulness,trace,0.0,The agent's response does not provide any useful information or steps to help the user find the answer to their question. It simply states a number without context or verification. [model=microsoft/Phi-4-mini-instruct],2555.04,False,
microsoft/Phi-4-mini-instruct,cac8b6b2d84841d9a5177e399f0595b4,accuracy,trace,0.0,"The response provided a final answer without any supporting evidence or verification steps, which is not in line with the task requirements. The score cannot be determined due to the lack of a factual claim to evaluate. [model=microsoft/Phi-4-mini-instruct]",2867.36,False,
microsoft/Phi-4-mini-instruct,cac8b6b2d84841d9a5177e399f0595b4,groundedness,trace,0.0,"The agent's response claims a specific number of edits (2150) to the Wikipedia page on Antidisestablishmentarianism until June 2023, but no direct evidence or specific number is provided in the available search results. Therefore, the claim is unsupported. [model=microsoft/Phi-4-mini-instruct]",3428.61,False,
microsoft/Phi-4-mini-instruct,cac8b6b2d84841d9a5177e399f0595b4,instruction_following,agent,1.0,"The agent correctly identified the instructions and the user's request, and it provided a response that fully complied with the given instructions. There were no violations or deviations from the instructions. [model=microsoft/Phi-4-mini-instruct]",2393.97,False,
microsoft/Phi-4-mini-instruct,cac8b6b2d84841d9a5177e399f0595b4,instruction_following,agent,1.0,"The agent successfully completed the task by following the instructions to find the number of edits to the Wikipedia page 'Antidisestablishmentarianism' until June 2023, using the provided tools and adhering to the rules. The final_answer tool was used to present the results in the required format. [model=microsoft/Phi-4-mini-instruct]",13237.58,False,
microsoft/Phi-4-mini-instruct,cac8b6b2d84841d9a5177e399f0595b4,instruction_following,agent,0.0,"The agent failed to follow the instructions as it did not provide a final_answer JSON object with the required 'name' and 'arguments' fields. Instead, it provided a series of steps and observations that do not constitute a valid JSON object. [model=microsoft/Phi-4-mini-instruct]",6765.2,False,
microsoft/Phi-4-mini-instruct,cac8b6b2d84841d9a5177e399f0595b4,reasoning_quality,agent,0.0,"The agent's execution steps are missing, making it impossible to evaluate the reasoning quality. Without steps, we cannot assess the logical progression, purposefulness, or the quality of the reasoning chain. [model=microsoft/Phi-4-mini-instruct]",2769.89,False,
microsoft/Phi-4-mini-instruct,cac8b6b2d84841d9a5177e399f0595b4,reasoning_quality,agent,0.75,"The agent's steps are mostly logical and purposeful, with a clear focus on using the right tools to achieve the goal of counting Wikipedia edits. However, there are some unnecessary steps, such as visiting the GitHub repository and searching on Google, which do not directly contribute to the final answer. [model=microsoft/Phi-4-mini-instruct]",11208.57,False,
microsoft/Phi-4-mini-instruct,cac8b6b2d84841d9a5177e399f0595b4,reasoning_quality,agent,0.5,"The agent's steps are mostly logical and purposeful, aiming to gather information about the total number of edits to the Wikipedia page 'Antidisestablishmentarianism' up to June 2023. However, the steps taken are somewhat random and lack a clear, focused approach to directly answer the task, such as using a web search to find the specific count or querying the Wikipedia API. [model=microsoft/Phi-4-mini-instruct]",7138.0,False,
microsoft/Phi-4-mini-instruct,cbefff615c15f4de61bd0ffd1ce97d2e,helpfulness,trace,0.0,"The response provides the final answer without any context or steps, which does not help the user understand how the answer was derived. It also does not address the user's need to understand the process of finding the value of x. [model=microsoft/Phi-4-mini-instruct]",3060.21,False,
microsoft/Phi-4-mini-instruct,cbefff615c15f4de61bd0ffd1ce97d2e,accuracy,trace,0.0,"The response provided a final answer without verifying the facts, which is not in line with the task requirements. The score cannot be determined without the necessary verification steps. [model=microsoft/Phi-4-mini-instruct]",2523.87,False,
microsoft/Phi-4-mini-instruct,cbefff615c15f4de61bd0ffd1ce97d2e,groundedness,trace,0.0,The agent's response is unsupported as it provides a final answer without evidence to back it up. [model=microsoft/Phi-4-mini-instruct],1891.76,False,
microsoft/Phi-4-mini-instruct,cbefff615c15f4de61bd0ffd1ce97d2e,instruction_following,agent,1.0,"The agent correctly identified the instructions and the user's request, and it provided a response that fully complied with the given instructions. There were no violations or deviations from the instructions. [model=microsoft/Phi-4-mini-instruct]",2399.04,False,
microsoft/Phi-4-mini-instruct,cbefff615c15f4de61bd0ffd1ce97d2e,instruction_following,agent,0.25,"The agent's response did not fully comply with the instructions as it did not provide the final_answer tool's output, which is required to complete the task. The agent instead directly printed the result of the code snippet. [model=microsoft/Phi-4-mini-instruct]",3509.98,False,
microsoft/Phi-4-mini-instruct,cbefff615c15f4de61bd0ffd1ce97d2e,reasoning_quality,agent,0.0,"The agent's execution steps are missing, making it impossible to evaluate the reasoning quality. Without steps, we cannot assess the logical progression, purposefulness, or the quality of the reasoning chain. [model=microsoft/Phi-4-mini-instruct]",2751.58,False,
microsoft/Phi-4-mini-instruct,cbefff615c15f4de61bd0ffd1ce97d2e,reasoning_quality,agent,0.75,"The agent's reasoning is mostly logical and follows the steps outlined in the task, but there is a lack of clarity in the final step and the use of the 'final_answer' tool without a result. The reasoning chain is mostly coherent, but the final step is not fully executed, which affects the score. [model=microsoft/Phi-4-mini-instruct]",4221.04,False,
microsoft/Phi-4-mini-instruct,d277cf50c742ad43ddf128587f59b363,helpfulness,trace,1.0,"The response directly answers the user's query with the name of the composer, making it highly helpful. The user was looking for the name of the composer, and the response provided it in the requested format. [model=microsoft/Phi-4-mini-instruct]",2912.39,False,
microsoft/Phi-4-mini-instruct,d277cf50c742ad43ddf128587f59b363,accuracy,trace,0.0,"The response 'Roger Miller' is incorrect as it does not address the task's requirements. The task asks for the composer of a song performed by a rooster and a hamster in separate animated videos, which is not a factual question with a known answer. The score reflects the inaccuracy of the response. [model=microsoft/Phi-4-mini-instruct]",3766.31,False,
microsoft/Phi-4-mini-instruct,d277cf50c742ad43ddf128587f59b363,groundedness,trace,1.0,"The agent's response is based on a Google search result linking the song 'The Hampsterdance Song' to a YouTube video, which is the song performed by a rooster and a hamster. The song's composer, Roger Miller, is identified as the final answer. The evidence directly supports the claim that Roger Miller composed the song performed in the animated videos. [model=microsoft/Phi-4-mini-instruct]",4278.4,False,
microsoft/Phi-4-mini-instruct,d277cf50c742ad43ddf128587f59b363,instruction_following,agent,1.0,"The agent correctly identified the instructions and the user's request, and it provided a response that fully complied with the given instructions. There were no violations or deviations from the instructions. [model=microsoft/Phi-4-mini-instruct]",2404.73,False,
microsoft/Phi-4-mini-instruct,d277cf50c742ad43ddf128587f59b363,instruction_following,agent,0.5,"The agent's final_answer tool was used to provide the answer to the user's complex task, but the execution steps did not fully comply with the instructions as the 'final_answer' tool was not called with the correct parameters, and the 'web_search' tool was not used to its full potential to gather the necessary information before making the final answer. [model=microsoft/Phi-4-mini-instruct]",11207.3,False,
microsoft/Phi-4-mini-instruct,d277cf50c742ad43ddf128587f59b363,instruction_following,agent,0.0,"The agent failed to follow the instructions properly by not using the correct input format for the web_search tool, leading to an error and not providing a detailed plan for the remaining steps. [model=microsoft/Phi-4-mini-instruct]",4408.49,False,
microsoft/Phi-4-mini-instruct,d277cf50c742ad43ddf128587f59b363,reasoning_quality,agent,0.0,"The agent's execution steps are missing, making it impossible to evaluate the reasoning quality. Without steps, we cannot assess the logical progression, purposefulness, or the quality of the reasoning chain. [model=microsoft/Phi-4-mini-instruct]",2766.52,False,
microsoft/Phi-4-mini-instruct,d277cf50c742ad43ddf128587f59b363,reasoning_quality,agent,0.0,"The agent's initial approach to find the song composer was logical, but the subsequent steps were not well-structured, leading to an invalid JSON response. The agent attempted to use the 'web_search' tool with a specific query but failed, and the final_answer tool was not used correctly, resulting in no output. [model=microsoft/Phi-4-mini-instruct]",19279.49,False,
microsoft/Phi-4-mini-instruct,d277cf50c742ad43ddf128587f59b363,reasoning_quality,agent,0.5,"The agent's steps are mostly logical, aiming to find the original composer of a song featured in two animated videos. However, the search queries are too broad, leading to no results found, and the agent should refine their approach to be more targeted. [model=microsoft/Phi-4-mini-instruct]",4357.61,False,
microsoft/Phi-4-mini-instruct,d2868d12880a41ad5ed1fb3bb39159d5,helpfulness,trace,1.0,"The agent's response directly answers the user's query, providing the specific information requested without any additional commentary or unnecessary details. This is a clear and complete answer to the user's question. [model=microsoft/Phi-4-mini-instruct]",2662.92,False,
microsoft/Phi-4-mini-instruct,d2868d12880a41ad5ed1fb3bb39159d5,accuracy,trace,0.0,The response 'Rockhopper Penguin' is incorrect. The Rockhopper Penguin is not featured in the BBC Earth video of the Top 5 Silliest Animal Moments. The correct species of bird featured in the video is the 'Black-capped Petrel'. The score is 0.0 due to a significant factual error. [model=microsoft/Phi-4-mini-instruct],4034.92,False,
microsoft/Phi-4-mini-instruct,d2868d12880a41ad5ed1fb3bb39159d5,groundedness,trace,0.0,The agent's response is unsupported as the evidence provided does not contain the specific bird species featured in the BBC Earth YouTube video. [model=microsoft/Phi-4-mini-instruct],2295.02,False,
microsoft/Phi-4-mini-instruct,d2868d12880a41ad5ed1fb3bb39159d5,instruction_following,agent,1.0,"The agent correctly identified the instructions and the user's request, and it provided a response that fully complied with the given instructions. There were no violations or deviations from the instructions. [model=microsoft/Phi-4-mini-instruct]",2412.62,False,
microsoft/Phi-4-mini-instruct,d2868d12880a41ad5ed1fb3bb39159d5,instruction_following,agent,1.0,"The agent successfully completed the task by following the instructions to identify the bird species featured in the BBC Earth video, using a web search and cross-referencing multiple sources for verification. The final_answer tool was used to provide a structured response with a short version, detailed version, and additional context as requested. [model=microsoft/Phi-4-mini-instruct]",6741.02,False,
microsoft/Phi-4-mini-instruct,d2868d12880a41ad5ed1fb3bb39159d5,instruction_following,agent,0.0,"The agent failed to follow the instructions as it did not provide a final_answer with the required format, instead, it provided an observation from a web search tool call. [model=microsoft/Phi-4-mini-instruct]",3302.35,False,
microsoft/Phi-4-mini-instruct,d2868d12880a41ad5ed1fb3bb39159d5,reasoning_quality,agent,0.0,"The agent's execution steps are missing, making it impossible to evaluate the reasoning quality. Without steps, we cannot assess the logical progression, purposefulness, or the quality of the reasoning chain. [model=microsoft/Phi-4-mini-instruct]",2780.51,False,
microsoft/Phi-4-mini-instruct,d2868d12880a41ad5ed1fb3bb39159d5,reasoning_quality,agent,0.95,"The agent's reasoning is mostly logical and purposeful, with a clear plan to use the web_search tool to find the bird species featured in the BBC Earth video, and then to use final_answer to present the findings. The steps are well-motivated and contribute to achieving the goal, with the final_answer providing a detailed and verified answer. [model=microsoft/Phi-4-mini-instruct]",5651.95,False,
microsoft/Phi-4-mini-instruct,d2868d12880a41ad5ed1fb3bb39159d5,reasoning_quality,agent,1.0,"The agent's steps are logical and directly contribute to achieving the goal, with a clear plan to use the web search tool to find the video and verify the bird species featured in it. [model=microsoft/Phi-4-mini-instruct]",3202.51,False,
microsoft/Phi-4-mini-instruct,d67a8ae853c0b8ed0e55f7fafe4e2f64,helpfulness,trace,1.0,"The agent's response directly answers the user's query by providing the name of the predictor base command that received a bug fix in the Scikit-Learn July 2017 changelog, which is 'predict_proba'. This is a highly helpful and complete response. [model=microsoft/Phi-4-mini-instruct]",3432.79,False,
microsoft/Phi-4-mini-instruct,d67a8ae853c0b8ed0e55f7fafe4e2f64,accuracy,trace,0.0,"The response 'predict_proba' is not the correct answer to the given task. The task asks for the name of another predictor base command that received a bug fix in the Scikit-Learn July 2017 changelog, not the command itself. The correct answer should be the name of the command, not the function or method associated with it. [model=microsoft/Phi-4-mini-instruct]",4282.22,False,
microsoft/Phi-4-mini-instruct,d67a8ae853c0b8ed0e55f7fafe4e2f64,groundedness,trace,0.0,"The agent's response 'predict_proba' is unsupported as there is no evidence provided to back this claim. The task requires a fact from the Scikit-Learn July 2017 changelog, which the agent did not access. [model=microsoft/Phi-4-mini-instruct]",3171.81,False,
microsoft/Phi-4-mini-instruct,d67a8ae853c0b8ed0e55f7fafe4e2f64,instruction_following,agent,1.0,"The agent correctly identified the instructions and the user's request, and it provided a response that fully complied with the given instructions. There were no violations or deviations from the instructions. [model=microsoft/Phi-4-mini-instruct]",2413.69,False,
microsoft/Phi-4-mini-instruct,d67a8ae853c0b8ed0e55f7fafe4e2f64,instruction_following,agent,0.0,"The agent failed to follow the instructions as it did not provide a final_answer for the given task, which was to retrieve the name of the other predictor base command that received a bug fix from the Scikit-Learn July 2017 changelog. Instead, it provided a thought and a code snippet for the user to complete. [model=microsoft/Phi-4-mini-instruct]",4653.44,False,
microsoft/Phi-4-mini-instruct,d67a8ae853c0b8ed0e55f7fafe4e2f64,reasoning_quality,agent,0.0,"The agent's execution steps are missing, making it impossible to evaluate the reasoning quality. Without steps, we cannot assess the logical progression, purposefulness, or the quality of the reasoning chain. [model=microsoft/Phi-4-mini-instruct]",2749.02,False,
microsoft/Phi-4-mini-instruct,d67a8ae853c0b8ed0e55f7fafe4e2f64,reasoning_quality,agent,0.9,"The agent's reasoning is mostly logical and purposeful, with a clear understanding of the task and the tools available. The steps taken are well-motivated and contribute to achieving the goal, although there is a minor issue with the final_answer tool not providing a result. [model=microsoft/Phi-4-mini-instruct]",3670.72,False,
microsoft/Phi-4-mini-instruct,d7f2f823ff4d4d8bbec1039c6c302a06,helpfulness,trace,1.0,"The response directly answers the user's query by providing the zip code where the fish species was found as a nonnative species, which is highly helpful and complete. [model=microsoft/Phi-4-mini-instruct]",2476.83,False,
microsoft/Phi-4-mini-instruct,d7f2f823ff4d4d8bbec1039c6c302a06,accuracy,trace,0.0,"The response '33040' is a zip code, not a factual answer to the question. The task requires the five-digit zip codes of places where the fish species was found, not a single zip code. The response is misleading and incorrect. [model=microsoft/Phi-4-mini-instruct]",3274.3,False,
microsoft/Phi-4-mini-instruct,d7f2f823ff4d4d8bbec1039c6c302a06,groundedness,trace,0.0,"The agent's response '33040' is unsupported as there is no evidence provided to back this claim. The task required finding the five-digit zip codes of places where the fish species was found as a nonnative species before 2020, but no such evidence was given. [model=microsoft/Phi-4-mini-instruct]",3564.74,False,
microsoft/Phi-4-mini-instruct,d7f2f823ff4d4d8bbec1039c6c302a06,instruction_following,agent,1.0,"The agent correctly identified the instructions and the user's request, and it provided a response that fully complied with the given instructions. There were no violations or deviations from the instructions. [model=microsoft/Phi-4-mini-instruct]",2418.23,False,
microsoft/Phi-4-mini-instruct,d7f2f823ff4d4d8bbec1039c6c302a06,instruction_following,agent,0.0,"The agent failed to provide a final_answer for the last task, which was to give the five-digit zip codes of the places where the invasive species was found, as the 'final_answer' tool was called with no result. [model=microsoft/Phi-4-mini-instruct]",3885.12,False,
microsoft/Phi-4-mini-instruct,d7f2f823ff4d4d8bbec1039c6c302a06,reasoning_quality,agent,0.0,"The agent's execution steps are missing, making it impossible to evaluate the reasoning quality. Without steps, we cannot assess the logical progression, purposefulness, or the quality of the reasoning chain. [model=microsoft/Phi-4-mini-instruct]",2761.24,False,
microsoft/Phi-4-mini-instruct,d7f2f823ff4d4d8bbec1039c6c302a06,reasoning_quality,agent,0.5,"The agent's steps are logical and purposeful, aiming to identify the species and obtain the required USGS records. However, the final step does not produce a result, which is a critical part of the task. [model=microsoft/Phi-4-mini-instruct]",3325.41,False,
microsoft/Phi-4-mini-instruct,d857dc7d137db732306e97c3820652bd,helpfulness,trace,0.0,"The agent's response 'not' does not address the user's need for a specific fact or information, thus it is not helpful. [model=microsoft/Phi-4-mini-instruct]",2245.43,False,
microsoft/Phi-4-mini-instruct,d857dc7d137db732306e97c3820652bd,accuracy,trace,0.0,The response 'not' is too vague and does not provide any factual information or analysis. It fails to address the task and does not meet the criteria for accuracy or reliability. [model=microsoft/Phi-4-mini-instruct],2669.39,False,
microsoft/Phi-4-mini-instruct,d857dc7d137db732306e97c3820652bd,groundedness,trace,0.0,"The agent's response 'not' is a placeholder and does not provide a factual answer. The evidence available does not support or contradict the claim, as no specific facts or results are provided. [model=microsoft/Phi-4-mini-instruct]",2800.62,False,
microsoft/Phi-4-mini-instruct,d857dc7d137db732306e97c3820652bd,instruction_following,agent,1.0,"The agent correctly identified the instructions and the user's request, and it provided a response that fully complied with the given instructions. There were no violations or deviations from the instructions. [model=microsoft/Phi-4-mini-instruct]",2405.33,False,
microsoft/Phi-4-mini-instruct,d857dc7d137db732306e97c3820652bd,instruction_following,agent,0.0,"The agent failed to provide a final answer, only outputting 'None' instead of the required information about the word deleted in the last amendment to the first rule in the article with the most 'witnesses' titles. [model=microsoft/Phi-4-mini-instruct]",3548.57,False,
microsoft/Phi-4-mini-instruct,d857dc7d137db732306e97c3820652bd,reasoning_quality,agent,0.0,"The agent's execution steps are missing, making it impossible to evaluate the reasoning quality. Without steps, we cannot assess the logical progression, purposefulness, or the quality of the reasoning chain. [model=microsoft/Phi-4-mini-instruct]",2779.18,False,
microsoft/Phi-4-mini-instruct,d857dc7d137db732306e97c3820652bd,reasoning_quality,agent,1.0,"The agent's reasoning is logical and purposeful, with each step contributing to the goal of finding the word deleted in the last amendment to the first rule in the article with the most 'witnesses' titles. The steps are well-motivated and show an understanding of how to approach the task using the available tools. [model=microsoft/Phi-4-mini-instruct]",4312.04,False,
microsoft/Phi-4-mini-instruct,d9a8dff7edce2d1b15ed4769886d9a2a,helpfulness,trace,0.0,"The response does not address the user's need to find a specific piece of information from the papers mentioned. It provides a final answer without any context or verification steps, which is not helpful for the user to understand how the answer was reached or to find the information themselves. [model=microsoft/Phi-4-mini-instruct]",3476.58,False,
microsoft/Phi-4-mini-instruct,d9a8dff7edce2d1b15ed4769886d9a2a,accuracy,trace,0.0,"The response provided a final answer without any supporting evidence or steps to verify the answer, which is not in line with the task requirements. The score cannot be determined due to the lack of a complete response. [model=microsoft/Phi-4-mini-instruct]",2937.44,False,
microsoft/Phi-4-mini-instruct,d9a8dff7edce2d1b15ed4769886d9a2a,groundedness,trace,0.0,The agent's response 'FINAL ANSWAR: 20' is unsupported as there is no evidence provided to support the claim that 20% is the correct answer. [model=microsoft/Phi-4-mini-instruct],2561.63,False,
microsoft/Phi-4-mini-instruct,d9a8dff7edce2d1b15ed4769886d9a2a,instruction_following,agent,1.0,"The agent correctly identified the instructions and the user's request, and it provided a response that fully complied with the given instructions. There were no violations or deviations from the instructions. [model=microsoft/Phi-4-mini-instruct]",2419.39,False,
microsoft/Phi-4-mini-instruct,d9a8dff7edce2d1b15ed4769886d9a2a,instruction_following,agent,0.0,"The agent's final answer was not processed by the 'final_answer' tool, indicating a failure to comply with the system prompt's instructions for using the tool correctly. [model=microsoft/Phi-4-mini-instruct]",3311.58,False,
microsoft/Phi-4-mini-instruct,d9a8dff7edce2d1b15ed4769886d9a2a,reasoning_quality,agent,0.0,"The agent's execution steps are missing, making it impossible to evaluate the reasoning quality. Without steps, we cannot assess the logical progression, purposefulness, or the quality of the reasoning chain. [model=microsoft/Phi-4-mini-instruct]",2773.3,False,
microsoft/Phi-4-mini-instruct,d9a8dff7edce2d1b15ed4769886d9a2a,reasoning_quality,agent,1.0,"The agent's reasoning is logical and well-motivated, with each step clearly contributing to the goal. The final answer is reached by extracting necessary values from the literature and performing a simple calculation, which is a direct and appropriate use of the available tools. [model=microsoft/Phi-4-mini-instruct]",3746.36,False,
microsoft/Phi-4-mini-instruct,dbc070b918d4a052c0b686081408fb52,helpfulness,trace,0.0,The agent's response 'FINAL ANSWER: Bravo' does not address the user's need for a specific answer to the task. It is not helpful as it does not provide the required information or a method to obtain it. [model=microsoft/Phi-4-mini-instruct],3072.55,False,
microsoft/Phi-4-mini-instruct,dbc070b918d4a052c0b686081408fb52,accuracy,trace,0.0,"The response 'Bravo' is not a factual answer to the given task. The task requires finding the explosive force of a catastrophe and the name of a US nuclear test with the same yield. 'Bravo' is a term used to describe the yield of a nuclear weapon, but it does not provide the specific information requested in the task. The score is 0.0 due to significant factual errors. [model=microsoft/Phi-4-mini-instruct]",4727.42,False,
microsoft/Phi-4-mini-instruct,dbc070b918d4a052c0b686081408fb52,groundedness,trace,0.0,"The agent's response 'Bravo' is not a factual claim and cannot be evaluated for groundedness. The task requires factual information, but the agent provided an answer that is not based on the given task or any evidence. [model=microsoft/Phi-4-mini-instruct]",3072.67,False,
microsoft/Phi-4-mini-instruct,dbc070b918d4a052c0b686081408fb52,instruction_following,agent,1.0,"The agent correctly identified the instructions and the user's request, and it provided a response that fully complied with the given instructions. There were no violations or deviations from the instructions. [model=microsoft/Phi-4-mini-instruct]",2398.69,False,
microsoft/Phi-4-mini-instruct,dbc070b918d4a052c0b686081408fb52,instruction_following,agent,0.0,"The agent failed to follow the initial instructions to create a comprehensive preparatory survey and instead provided a response that did not comply with the system prompt constraints. The agent's response was not a survey but a direct answer to a new task, which was not requested by the user. [model=microsoft/Phi-4-mini-instruct]",3843.74,False,
microsoft/Phi-4-mini-instruct,dbc070b918d4a052c0b686081408fb52,reasoning_quality,agent,0.0,"The agent's execution steps are missing, making it impossible to evaluate the reasoning quality. Without steps, we cannot assess the logical progression, purposefulness, or the quality of the reasoning chain. [model=microsoft/Phi-4-mini-instruct]",2762.84,False,
microsoft/Phi-4-mini-instruct,dbc070b918d4a052c0b686081408fb52,reasoning_quality,agent,0.0,"The agent's reasoning is inadequate as it fails to follow through with the initial plan to use the provided tools to find the required information. The steps taken do not contribute to achieving the goal, and the final_answer tool is not used as intended. [model=microsoft/Phi-4-mini-instruct]",3470.3,False,
microsoft/Phi-4-mini-instruct,dcb89b6b049d424caf4c3e5fcd22c84c,helpfulness,trace,1.0,"The agent's response directly answers the user's query with the specific number of at bats, which is highly helpful and complete. [model=microsoft/Phi-4-mini-instruct]",2157.88,False,
microsoft/Phi-4-mini-instruct,dcb89b6b049d424caf4c3e5fcd22c84c,accuracy,trace,0.0,The provided answer '525' is a specific number and cannot be verified without additional context or data. The evaluation cannot be completed as the factual information required to verify the answer is not provided. [model=microsoft/Phi-4-mini-instruct],2777.89,False,
microsoft/Phi-4-mini-instruct,dcb89b6b049d424caf4c3e5fcd22c84c,groundedness,trace,0.0,The provided evidence does not contain the specific information about the Yankee with the most walks in the 1977 regular season or their at-bats. The evidence only shows an error 403 and an archived page without the required data. [model=microsoft/Phi-4-mini-instruct],3199.98,False,
microsoft/Phi-4-mini-instruct,dcb89b6b049d424caf4c3e5fcd22c84c,instruction_following,agent,1.0,"The agent correctly identified the instructions and the user's request, and it provided a response that fully complied with the given instructions. There were no violations or deviations from the instructions. [model=microsoft/Phi-4-mini-instruct]",2419.77,False,
microsoft/Phi-4-mini-instruct,dcb89b6b049d424caf4c3e5fcd22c84c,instruction_following,agent,0.5,"The agent's response and execution steps mostly follow the instructions, but there are some issues with the final_answer tool not being used correctly and the 'page_down' tool being called with incorrect parameters, leading to errors. Additionally, the agent's final_answer does not seem to be formatted as a JSON object, which is required for the final submission. [model=microsoft/Phi-4-mini-instruct]",31342.91,False,
microsoft/Phi-4-mini-instruct,dcb89b6b049d424caf4c3e5fcd22c84c,instruction_following,agent,0.5,"The agent's response followed the instructions to the best of its ability, but it encountered errors when trying to use the 'page_down' tool, which resulted in a TypeError. This indicates a partial failure to comply with the instructions as the agent was unable to complete the task due to a tool error. [model=microsoft/Phi-4-mini-instruct]",20647.28,False,
microsoft/Phi-4-mini-instruct,dcb89b6b049d424caf4c3e5fcd22c84c,reasoning_quality,agent,0.0,"The agent's execution steps are missing, making it impossible to evaluate the reasoning quality. Without steps, we cannot assess the logical progression, purposefulness, or the quality of the reasoning chain. [model=microsoft/Phi-4-mini-instruct]",2759.72,False,
microsoft/Phi-4-mini-instruct,dcb89b6b049d424caf4c3e5fcd22c84c,reasoning_quality,agent,0.75,"The agent's steps are mostly logical, with a focus on using the right tools to gather the required data. However, there are repeated attempts to use the 'page_down' tool with incorrect parameters, which may indicate a lack of understanding of the tool's proper use. Additionally, the agent's final answer is not directly provided, but rather the result of a Python script, which may not be the most efficient way to present the information. [model=microsoft/Phi-4-mini-instruct]",31162.05,False,
microsoft/Phi-4-mini-instruct,dcb89b6b049d424caf4c3e5fcd22c84c,reasoning_quality,agent,0.75,"The agent's steps are mostly logical, aiming to find the player who led the New York Yankees in walks in 1977 and their at bats total. However, there are repeated attempts to use the 'page_down' tool with incorrect parameters, which may indicate a lack of understanding of the tool's proper use. The agent also directly searches for 'Thurman Munson' and 'Reggie Jackson' without first confirming the player's identity, which could be seen as a less efficient approach. Despite these issues, the agent does eventually find the correct information using the 'visit_page' tool. [model=microsoft/Phi-4-mini-instruct]",25870.44,False,
microsoft/Phi-4-mini-instruct,e491d73ca2fd8a2a6f8984feb1c408a3,helpfulness,trace,1.0,"The agent's response directly addresses the user's need by providing a list of ingredients for the pie filling, which the user requested. The ingredients are alphabetized, as requested, and the response is actionable and complete, leaving the user better off than before they asked. [model=microsoft/Phi-4-mini-instruct]",3422.91,False,
microsoft/Phi-4-mini-instruct,e491d73ca2fd8a2a6f8984feb1c408a3,accuracy,trace,0.75,"The response provided is a fictional list of ingredients for a strawberry pie filling, which cannot be verified. The score is based on the assumption that the ingredients are correct, but without the actual audio file, the accuracy cannot be confirmed. [model=microsoft/Phi-4-mini-instruct]",3161.06,False,
microsoft/Phi-4-mini-instruct,e491d73ca2fd8a2a6f8984feb1c408a3,groundedness,trace,0.0,"The agent's response lists ingredients for a pie filling, but the evidence provided does not support the specific ingredients listed. The attached file is an audio file, not a text file, and the tools used do not provide any results to verify the ingredients. [model=microsoft/Phi-4-mini-instruct]",3352.09,False,
microsoft/Phi-4-mini-instruct,e491d73ca2fd8a2a6f8984feb1c408a3,instruction_following,agent,1.0,"The agent correctly identified the instructions and the user's request, and it provided a response that fully complied with the given instructions. There were no violations or deviations from the instructions. [model=microsoft/Phi-4-mini-instruct]",2383.74,False,
microsoft/Phi-4-mini-instruct,e491d73ca2fd8a2a6f8984feb1c408a3,instruction_following,agent,0.25,"The agent attempted to transcribe an audio file using a tool that does not support audio files, leading to an error. The agent then provided a final answer based on a typical strawberry pie filling recipe without using the provided audio file, which is not in line with the task's requirements. [model=microsoft/Phi-4-mini-instruct]",4581.61,False,
microsoft/Phi-4-mini-instruct,e491d73ca2fd8a2a6f8984feb1c408a3,reasoning_quality,agent,0.0,"The agent's execution steps are missing, making it impossible to evaluate the reasoning quality. Without steps, we cannot assess the logical progression, purposefulness, or the quality of the reasoning chain. [model=microsoft/Phi-4-mini-instruct]",2759.78,False,
microsoft/Phi-4-mini-instruct,e491d73ca2fd8a2a6f8984feb1c408a3,reasoning_quality,agent,0.75,"The agent's reasoning is mostly logical, but it encounters a significant error when attempting to transcribe an audio file, which it cannot do directly. The agent then resorts to using a typical strawberry pie filling recipe, which may not be accurate for the specific recipe in the audio file. [model=microsoft/Phi-4-mini-instruct]",4030.2,False,
microsoft/Phi-4-mini-instruct,e6ca28af6722fc00fc7294d1b291bea4,helpfulness,trace,1.0,"The response directly answers the user's query by identifying the character needed to output 'For penguins' in Unlambda, which is 'i'. This is highly helpful as it provides the exact solution the user asked for. [model=microsoft/Phi-4-mini-instruct]",2966.3,False,
microsoft/Phi-4-mini-instruct,e6ca28af6722fc00fc7294d1b291bea4,accuracy,trace,1.0,"The response correctly identifies the character needed to complete the Unlambda code to output 'For penguins'. The Unlambda language is a minimalist programming language, and the character 'i' is indeed the correct one to add after the last period to produce the desired output. [model=microsoft/Phi-4-mini-instruct]",3474.56,False,
microsoft/Phi-4-mini-instruct,e6ca28af6722fc00fc7294d1b291bea4,groundedness,trace,0.0,"The agent's response 'i' is based on the assumption that adding the character 'i' to the given Unlambda code will produce the desired output 'For penguins'. This is a factual claim that needs verification. The evidence provided does not support or contradict this claim, as the tool 'final_answer' returned no result. Therefore, the score is 0.0. [model=microsoft/Phi-4-mini-instruct]",4527.19,False,
microsoft/Phi-4-mini-instruct,e6ca28af6722fc00fc7294d1b291bea4,instruction_following,agent,1.0,"The agent correctly identified the instructions and the user's request, and it provided a response that fully complied with the given instructions. There were no violations or deviations from the instructions. [model=microsoft/Phi-4-mini-instruct]",2403.16,False,
microsoft/Phi-4-mini-instruct,e6ca28af6722fc00fc7294d1b291bea4,instruction_following,agent,0.0,"The agent failed to provide a response to the new task, instead repeating the task prompt without offering a solution or analysis. This does not comply with the instruction to answer the question or provide a solution. [model=microsoft/Phi-4-mini-instruct]",3412.5,False,
microsoft/Phi-4-mini-instruct,e6ca28af6722fc00fc7294d1b291bea4,reasoning_quality,agent,0.0,"The agent's execution steps are missing, making it impossible to evaluate the reasoning quality. Without steps, we cannot assess the logical progression, purposefulness, or the quality of the reasoning chain. [model=microsoft/Phi-4-mini-instruct]",2761.1,False,
microsoft/Phi-4-mini-instruct,e6ca28af6722fc00fc7294d1b291bea4,reasoning_quality,agent,0.0,"The agent's reasoning is flawed as it fails to provide a logical chain of steps to solve the Unlambda code problem. The steps are missing, and the final answer tool is not used to derive a solution. [model=microsoft/Phi-4-mini-instruct]",3194.93,False,
microsoft/Phi-4-mini-instruct,e7d5dd0d36db95a40a4fbe258edd0aba,helpfulness,trace,1.0,"The response directly answers the user's query with the final answer, which is highly helpful and complete. [model=microsoft/Phi-4-mini-instruct]",1941.59,False,
microsoft/Phi-4-mini-instruct,e7d5dd0d36db95a40a4fbe258edd0aba,accuracy,trace,0.0,"The response 'FINAL ANSWER: 10' is not a factual answer but a placeholder indicating the task's completion. The actual answer requires data from Box Office Mojo's 2020 lists, which is not provided. The score is 0.0 due to the lack of a factual answer. [model=microsoft/Phi-4-mini-instruct]",3775.56,False,
microsoft/Phi-4-mini-instruct,e7d5dd0d36db95a40a4fbe258edd0aba,groundedness,trace,0.0,"The agent's response 'FINAL ANSWER: 10' is unsupported as there is no evidence provided to substantiate the claim that all 10 of the top 10 highest-grossing worldwide movies are also in the top 10 highest-grossing domestic movies. The evidence provided only includes links to Box Office Mojo's top 10 lists for worldwide and domestic grosses, but no direct comparison or data to confirm the numerical value. [model=microsoft/Phi-4-mini-instruct]",4988.44,False,
microsoft/Phi-4-mini-instruct,e7d5dd0d36db95a40a4fbe258edd0aba,instruction_following,agent,1.0,"The agent correctly identified the instructions and the user's request, and it provided a response that fully complied with the given instructions. There were no violations or deviations from the instructions. [model=microsoft/Phi-4-mini-instruct]",2388.69,False,
microsoft/Phi-4-mini-instruct,e7d5dd0d36db95a40a4fbe258edd0aba,instruction_following,agent,0.25,"The agent attempted to follow the task of finding the top 10 highest-grossing worldwide movies from Box Office Mojo but encountered errors when trying to use the 'page_down' tool. The agent also made a web search for the 2020 worldwide highest-grossing movies, but the results were not fully presented due to the output being truncated. The final_answer tool was not used as the agent did not provide a complete answer. [model=microsoft/Phi-4-mini-instruct]",21426.8,False,
microsoft/Phi-4-mini-instruct,e7d5dd0d36db95a40a4fbe258edd0aba,instruction_following,agent,0.0,"The agent failed to follow the instructions as it repeatedly attempted to use the 'page_down' tool with incorrect arguments, leading to errors. This indicates a lack of attention to the tool's usage guidelines and the ability to handle errors or unexpected results. [model=microsoft/Phi-4-mini-instruct]",11196.29,False,
microsoft/Phi-4-mini-instruct,e7d5dd0d36db95a40a4fbe258edd0aba,reasoning_quality,agent,0.0,"The agent's execution steps are missing, making it impossible to evaluate the reasoning quality. Without steps, we cannot assess the logical progression, purposefulness, or the quality of the reasoning chain. [model=microsoft/Phi-4-mini-instruct]",2764.03,False,
microsoft/Phi-4-mini-instruct,e7d5dd0d36db95a40a4fbe258edd0aba,reasoning_quality,agent,0.75,"The agent's reasoning is mostly logical, with a clear understanding of the task and appropriate use of tools. However, there are repeated errors with the 'page_down' tool, which may indicate a lack of attention to detail or a misunderstanding of the tool's requirements. [model=microsoft/Phi-4-mini-instruct]",14950.98,False,
microsoft/Phi-4-mini-instruct,e7d5dd0d36db95a40a4fbe258edd0aba,reasoning_quality,agent,0.25,"The agent's steps are mostly logical, aiming to retrieve the required movie titles from Box Office Mojo's 2020 lists. However, the repeated use of 'page_down' with incorrect arguments and the lack of a clear plan to extract the movie titles from the HTML content indicate a lack of a structured approach to the task. [model=microsoft/Phi-4-mini-instruct]",11405.59,False,
microsoft/Phi-4-mini-instruct,ea313eef484bb042ddb079771359c8e6,helpfulness,trace,1.0,"The response directly answers the user's query by providing the exact setting from the script, which is highly helpful and complete. [model=microsoft/Phi-4-mini-instruct]",2099.73,False,
microsoft/Phi-4-mini-instruct,ea313eef484bb042ddb079771359c8e6,accuracy,trace,1.0,"The response correctly identifies the setting of the scene from Doctor Who, Series 9, Episode 11, as 'INT. THE CASTLE - DAY'. This is a factual claim that can be verified by checking the official script or episode details. [model=microsoft/Phi-4-mini-instruct]",3265.88,False,
microsoft/Phi-4-mini-instruct,ea313eef484bb042ddb079771359c8e6,groundedness,trace,1.0,"The agent's response directly quotes the scene heading from the script, which is supported by the evidence provided. The score is 1.0 as every factual claim is grounded in the provided evidence. [model=microsoft/Phi-4-mini-instruct]",2844.58,False,
microsoft/Phi-4-mini-instruct,ea313eef484bb042ddb079771359c8e6,instruction_following,agent,1.0,"The agent correctly identified the instructions and the user's request, and it provided a response that fully complied with the given instructions. There were no violations or deviations from the instructions. [model=microsoft/Phi-4-mini-instruct]",2421.37,False,
microsoft/Phi-4-mini-instruct,ea313eef484bb042ddb079771359c8e6,instruction_following,agent,1.0,"The agent successfully completed the task by following the user's instructions to find the first scene heading from the Doctor Who Series 9, Episode 11 script, which is 'INT. THE CASTLE - DAY'. The agent used the appropriate tools to search for the script and extract the information, adhering to the task's requirements and the provided instructions. [model=microsoft/Phi-4-mini-instruct]",8110.08,False,
microsoft/Phi-4-mini-instruct,ea313eef484bb042ddb079771359c8e6,instruction_following,agent,0.0,"The agent failed to follow the instructions as it did not provide a final_answer tool call with the 'final_answer' name, which is required to complete the task. Instead, it provided a series of steps and observations that do not constitute a final answer. [model=microsoft/Phi-4-mini-instruct]",4243.47,False,
microsoft/Phi-4-mini-instruct,ea313eef484bb042ddb079771359c8e6,reasoning_quality,agent,0.0,"The agent's execution steps are missing, making it impossible to evaluate the reasoning quality. Without steps, we cannot assess the logical progression, purposefulness, or the quality of the reasoning chain. [model=microsoft/Phi-4-mini-instruct]",2769.84,False,
microsoft/Phi-4-mini-instruct,ea313eef484bb042ddb079771359c8e6,reasoning_quality,agent,1.0,"The agent's steps are logical and purposeful, with each action building on the previous one to achieve the goal of identifying the location of the ever-shifting maze in the Doctor Who script. [model=microsoft/Phi-4-mini-instruct]",4646.07,False,
microsoft/Phi-4-mini-instruct,ea313eef484bb042ddb079771359c8e6,reasoning_quality,agent,1.0,"The agent's steps are logical and purposeful, with a clear focus on finding the exact scene heading from the official script. The use of the 'web_search' tool to locate the script and 'inspect_file_as_text' to extract the specific text is well-motivated and directly contributes to achieving the goal. [model=microsoft/Phi-4-mini-instruct]",4239.75,False,
microsoft/Phi-4-mini-instruct,eb42da715add1437eced9e494b0f62f7,helpfulness,trace,1.0,"The response directly answers the user's query by providing the number of slides that mention crustaceans in the given PowerPoint presentation, which is highly helpful and actionable. [model=microsoft/Phi-4-mini-instruct]",2518.67,False,
microsoft/Phi-4-mini-instruct,eb42da715add1437eced9e494b0f62f7,accuracy,trace,0.0,"The response provided a final answer without any supporting evidence or verification steps, which is not in line with the task requirements. The score cannot be determined due to the lack of a complete and verifiable response. [model=microsoft/Phi-4-mini-instruct]",2856.16,False,
microsoft/Phi-4-mini-instruct,eb42da715add1437eced9e494b0f62f7,groundedness,trace,0.0,The agent's response 'FINAL ANSWER: 2' is unsupported as there is no evidence provided to back the claim that there are 2 slides mentioning crustaceans in the PowerPoint presentation. [model=microsoft/Phi-4-mini-instruct],2882.14,False,
microsoft/Phi-4-mini-instruct,eb42da715add1437eced9e494b0f62f7,instruction_following,agent,1.0,"The agent correctly identified the instructions and the user's request, and it provided a response that fully complied with the given instructions. There were no violations or deviations from the instructions. [model=microsoft/Phi-4-mini-instruct]",2403.17,False,
microsoft/Phi-4-mini-instruct,eb42da715add1437eced9e494b0f62f7,instruction_following,agent,0.0,"The agent failed to execute the task as the PowerPoint file could not be accessed due to a FileNotFoundError, which was not resolved by the agent's response. The agent attempted to use the inspect_file_as_text tool, but the file path was incorrect or the file was not found. [model=microsoft/Phi-4-mini-instruct]",8097.79,False,
microsoft/Phi-4-mini-instruct,eb42da715add1437eced9e494b0f62f7,instruction_following,agent,0.0,"The agent failed to execute the task because the PowerPoint file was not found at the specified path, which is a direct result of the file path being incorrect or the file being unavailable. [model=microsoft/Phi-4-mini-instruct]",3572.45,False,
microsoft/Phi-4-mini-instruct,eb42da715add1437eced9e494b0f62f7,reasoning_quality,agent,0.0,"The agent's execution steps are missing, making it impossible to evaluate the reasoning quality. Without steps, we cannot assess the logical progression, purposefulness, or the quality of the reasoning chain. [model=microsoft/Phi-4-mini-instruct]",2791.03,False,
microsoft/Phi-4-mini-instruct,eb42da715add1437eced9e494b0f62f7,reasoning_quality,agent,0.75,"The agent's reasoning is mostly logical, with a clear understanding of the task and appropriate use of tools. However, the final_answer tool was not used, which resulted in a lack of a complete answer. [model=microsoft/Phi-4-mini-instruct]",5295.5,False,
microsoft/Phi-4-mini-instruct,eb42da715add1437eced9e494b0f62f7,reasoning_quality,agent,0.5,"The agent's reasoning is mostly logical, aiming to extract text from a PowerPoint file to count slides mentioning 'crustaceans'. However, the agent encountered a FileNotFoundError, indicating a possible issue with the file path or file access permissions. The agent's approach to retrying the task with a different method is a logical next step, but the repeated failure to access the file suggests a persistent issue that the agent did not address. [model=microsoft/Phi-4-mini-instruct]",5365.21,False,
microsoft/Phi-4-mini-instruct,ee9335fbe7329b273a8d922bd3f73b84,helpfulness,trace,1.0,"The agent's response directly answers the user's query, providing the specific word sought in the task. The response is highly helpful as it directly addresses the user's need without any gaps in usefulness. [model=microsoft/Phi-4-mini-instruct]",2744.85,False,
microsoft/Phi-4-mini-instruct,ee9335fbe7329b273a8d922bd3f73b84,accuracy,trace,0.0,"The response 'tricksy' is not a factual answer to the given task and cannot be verified as correct or incorrect. The task requires identifying a specific word from a June 2014 article, which cannot be determined by guessing. The score is 0.0 due to the significant factual error. [model=microsoft/Phi-4-mini-instruct]",3821.83,False,
microsoft/Phi-4-mini-instruct,ee9335fbe7329b273a8d922bd3f73b84,groundedness,trace,0.0,"The agent's final answer 'tricksy' is unsupported by the provided evidence, which only includes partial text from a web page and does not contain the specific quoted word from Emily Midkiff's article. [model=microsoft/Phi-4-mini-instruct]",3067.77,False,
microsoft/Phi-4-mini-instruct,ee9335fbe7329b273a8d922bd3f73b84,instruction_following,agent,1.0,"The agent correctly identified the instructions and the user's request, and it provided a response that fully complied with the given instructions. There were no violations or deviations from the instructions. [model=microsoft/Phi-4-mini-instruct]",2422.56,False,
microsoft/Phi-4-mini-instruct,ee9335fbe7329b273a8d922bd3f73b84,instruction_following,agent,0.0,"The agent failed to provide the requested passage from the article, as the file provided did not include the full text of Emily Midkiff’s article, and thus the passage could not be extracted. The agent attempted to use the 'inspect_file_as_text' tool, but the file was incomplete, leading to an inability to fulfill the task. [model=microsoft/Phi-4-mini-instruct]",14860.66,False,
microsoft/Phi-4-mini-instruct,ee9335fbe7329b273a8d922bd3f73b84,instruction_following,agent,0.0,"The agent failed to follow the instructions to extract a specific passage from Emily Midkiff's article, as the provided file did not contain the full text of the article. The agent attempted to use the 'inspect_file_as_text' tool, but the file was incomplete, leading to an inability to fulfill the task as requested. [model=microsoft/Phi-4-mini-instruct]",8818.02,False,
microsoft/Phi-4-mini-instruct,ee9335fbe7329b273a8d922bd3f73b84,reasoning_quality,agent,0.0,"The agent's execution steps are missing, making it impossible to evaluate the reasoning quality. Without steps, we cannot assess the logical progression, purposefulness, or the quality of the reasoning chain. [model=microsoft/Phi-4-mini-instruct]",2852.59,False,
microsoft/Phi-4-mini-instruct,ee9335fbe7329b273a8d922bd3f73b84,reasoning_quality,agent,0.75,"The agent's reasoning is mostly logical, with a clear understanding of the task and appropriate use of tools, but the final answer is not provided due to a lack of results from the tools used. [model=microsoft/Phi-4-mini-instruct]",10059.51,False,
microsoft/Phi-4-mini-instruct,ee9335fbe7329b273a8d922bd3f73b84,reasoning_quality,agent,0.5,"The agent's steps are mostly logical, aiming to locate the specific passage from Emily Midkiff's article. However, the agent encounters errors and limitations, such as the inability to access the full text of the article and the lack of results from web searches, which hinders progress toward the goal. [model=microsoft/Phi-4-mini-instruct]",7212.33,False,
microsoft/Phi-4-mini-instruct,ee939c276d2bdab808593f5121c52faf,helpfulness,trace,1.0,The response directly answers the user's query by providing the last name of the author who influenced the neurologist's belief in 'endopsychic myths' as mentioned in the book with the given doi. [model=microsoft/Phi-4-mini-instruct],2945.56,False,
microsoft/Phi-4-mini-instruct,ee939c276d2bdab808593f5121c52faf,accuracy,trace,0.0,"The response provided a specific last name, Kleinpaul, as the answer to the question, which is a factual claim. Without access to the book with the given DOI, it is impossible to verify the accuracy of this response. Therefore, the score reflects the inability to verify the claim. [model=microsoft/Phi-4-mini-instruct]",3725.58,False,
microsoft/Phi-4-mini-instruct,ee939c276d2bdab808593f5121c52faf,groundedness,trace,0.0,"The provided evidence does not contain any information about the book with the DOI 10.1353/book.24372 or its contents, including the specific chapter or the author influenced by the neurologist's belief in 'endopsychic myths'. Therefore, the claim 'Kleinpaul' is unsupported. [model=microsoft/Phi-4-mini-instruct]",3914.77,False,
microsoft/Phi-4-mini-instruct,ee939c276d2bdab808593f5121c52faf,instruction_following,agent,1.0,"The agent correctly identified the instructions and the user's request, and it provided a response that fully complied with the given instructions. There were no violations or deviations from the instructions. [model=microsoft/Phi-4-mini-instruct]",2419.87,False,
microsoft/Phi-4-mini-instruct,ee939c276d2bdab808593f5121c52faf,instruction_following,agent,0.0,"The agent's response did not fully comply with the instructions as it provided a final answer without first following the required steps to obtain the necessary information, such as using the 'web_search' and 'visit_page' tools to find the relevant commentary on Chapter 2 of the book. [model=microsoft/Phi-4-mini-instruct]",40201.76,False,
microsoft/Phi-4-mini-instruct,ee939c276d2bdab808593f5121c52faf,instruction_following,agent,0.0,"The agent failed to follow the instructions as it repeatedly attempted to use the 'page_down' tool with incorrect arguments, leading to errors. Additionally, the agent did not provide a final_answer with the required format, which is the last step in the process. [model=microsoft/Phi-4-mini-instruct]",9870.86,False,
microsoft/Phi-4-mini-instruct,ee939c276d2bdab808593f5121c52faf,instruction_following,agent,0.5,"The agent failed to comply with the user's explicit request to provide a complete excerpt of Chapter 2 from the book, which is a location-based request for copyrighted text. The agent correctly identified the inability to provide the text due to copyright restrictions and provided a response that included the last name of the influential author, which is the only part of the task that could be completed. [model=microsoft/Phi-4-mini-instruct]",5014.62,False,
microsoft/Phi-4-mini-instruct,ee939c276d2bdab808593f5121c52faf,instruction_following,agent,0.0,"The agent failed to follow the instructions as it did not provide a JSON object with the required 'explanation' and 'score' fields. Instead, it outputted the content of the 'visit_page' tool call, which is not a valid JSON response. [model=microsoft/Phi-4-mini-instruct]",7947.39,False,
microsoft/Phi-4-mini-instruct,ee939c276d2bdab808593f5121c52faf,reasoning_quality,agent,0.0,"The agent's execution steps are missing, making it impossible to evaluate the reasoning quality. Without steps, we cannot assess the logical progression, purposefulness, or the quality of the reasoning chain. [model=microsoft/Phi-4-mini-instruct]",2829.54,False,
microsoft/Phi-4-mini-instruct,ee939c276d2bdab808593f5121c52faf,reasoning_quality,agent,0.75,"The agent's reasoning is mostly logical, with a clear understanding of the task and appropriate use of tools. However, there are some errors in tool usage and a lack of complete information in the final answer, which slightly hinders the goal achievement. [model=microsoft/Phi-4-mini-instruct]",36725.61,False,
microsoft/Phi-4-mini-instruct,ee939c276d2bdab808593f5121c52faf,reasoning_quality,agent,0.5,"The agent's steps are mostly logical, aiming to find the required passage from the book using various tools. However, the agent repeatedly encounters errors with the 'page_down' tool, which may indicate a lack of understanding of the tool's correct usage or the need for a different approach. This results in a lack of progress towards the goal. [model=microsoft/Phi-4-mini-instruct]",10141.88,False,
microsoft/Phi-4-mini-instruct,ee939c276d2bdab808593f5121c52faf,reasoning_quality,agent,1.0,"The agent's plan is well-structured, with each step logically following from the previous one and directly contributing to the goal. The use of the web_search tool to locate the book and the final_answer tool to provide the answer is appropriate and demonstrates a clear understanding of the task requirements. [model=microsoft/Phi-4-mini-instruct]",4076.27,False,
microsoft/Phi-4-mini-instruct,ee939c276d2bdab808593f5121c52faf,reasoning_quality,agent,1.0,"The agent's steps are logical and purposeful, aiming to gather information from a specific chapter and locate commentary on 'endopsychic myths' and the influence of Rudolf Kleinpaul's work. The use of tools like 'web_search' and 'visit_page' is appropriate for the task. [model=microsoft/Phi-4-mini-instruct]",7367.44,False,
microsoft/Phi-4-mini-instruct,ef0207e4427fe22aeb1c2105932b74d7,helpfulness,trace,1.0,"The agent's response directly answers the user's query, providing the specific information requested without any additional context or unnecessary details. This is a clear and complete answer to the user's question. [model=microsoft/Phi-4-mini-instruct]",2667.94,False,
microsoft/Phi-4-mini-instruct,ef0207e4427fe22aeb1c2105932b74d7,accuracy,trace,0.0,"The response provided an incorrect answer to the task. The correct answer to the question 'What writer is quoted by Merriam-Webster for the Word of the Day from June 27, 2022?' is not Annie Levin, and the response should have been verified for accuracy. [model=microsoft/Phi-4-mini-instruct]",3659.4,False,
microsoft/Phi-4-mini-instruct,ef0207e4427fe22aeb1c2105932b74d7,groundedness,trace,0.0,"The provided evidence does not contain the specific quote from Merriam-Webster for the Word of the Day from June 27, 2022, so the factual claim cannot be supported or contradicted. [model=microsoft/Phi-4-mini-instruct]",2965.0,False,
microsoft/Phi-4-mini-instruct,ef0207e4427fe22aeb1c2105932b74d7,instruction_following,agent,1.0,"The agent correctly identified the instructions and the user's request, and it provided a response that fully complied with the given instructions. There were no violations or deviations from the instructions. [model=microsoft/Phi-4-mini-instruct]",2413.58,False,
microsoft/Phi-4-mini-instruct,ef0207e4427fe22aeb1c2105932b74d7,instruction_following,agent,0.75,"The agent's responses and execution steps mostly followed the instructions, but there were some errors in the final_answer tool usage, such as missing the 'final_answer' function call and providing incorrect arguments. Additionally, there were some issues with the 'page_down' tool calls, which resulted in errors due to unexpected keyword arguments. [model=microsoft/Phi-4-mini-instruct]",23437.84,False,
microsoft/Phi-4-mini-instruct,ef0207e4427fe22aeb1c2105932b74d7,instruction_following,agent,0.0,"The agent's execution steps show a series of errors and misuses of the 'page_down' tool, which indicates a lack of adherence to the provided instructions. The agent repeatedly encounters TypeErrors when attempting to use the 'page_down' tool with incorrect or empty arguments, suggesting a misunderstanding of the tool's proper usage. Additionally, the agent's final answer does not follow the specified format, as it does not include the required '1. Task outcome (short version)', '2. Task outcome (extremely detailed version)', and '3. Additional context'. [model=microsoft/Phi-4-mini-instruct]",15068.23,False,
microsoft/Phi-4-mini-instruct,ef0207e4427fe22aeb1c2105932b74d7,reasoning_quality,agent,0.0,"The agent's execution steps are missing, making it impossible to evaluate the reasoning quality. Without steps, we cannot assess the logical progression, purposefulness, or the quality of the reasoning chain. [model=microsoft/Phi-4-mini-instruct]",2786.96,False,
microsoft/Phi-4-mini-instruct,ef0207e4427fe22aeb1c2105932b74d7,reasoning_quality,agent,0.875,"The agent's reasoning is mostly logical, with a clear understanding of the task and appropriate use of tools to find the answer. However, there are some errors in the execution of the 'page_down' tool, which are not directly related to the reasoning process but do affect the outcome. [model=microsoft/Phi-4-mini-instruct]",20155.18,False,
microsoft/Phi-4-mini-instruct,ef0207e4427fe22aeb1c2105932b74d7,reasoning_quality,agent,0.75,"The agent's reasoning is mostly logical, with a clear understanding of the task and appropriate use of tools. However, there are some errors in the execution of the 'page_down' tool, which are not addressed, and the agent may have missed the correct quotation due to the errors. [model=microsoft/Phi-4-mini-instruct]",9619.22,False,
microsoft/Phi-4-mini-instruct,f04b425c107f7b972209528a46c407d9,helpfulness,trace,0.0,The response does not provide any useful information or steps to solve the given task. It simply states the final answer without any context or explanation. [model=microsoft/Phi-4-mini-instruct],2357.95,False,
microsoft/Phi-4-mini-instruct,f04b425c107f7b972209528a46c407d9,accuracy,trace,0.0,"The response claims a final answer without providing the necessary analysis or steps to reach the conclusion. The score is 0.0 due to the lack of factual information and the absence of a clear, logical process to derive the answer. [model=microsoft/Phi-4-mini-instruct]",3173.48,False,
microsoft/Phi-4-mini-instruct,f04b425c107f7b972209528a46c407d9,groundedness,trace,0.0,The agent's response 'FINAL ANSWER: 2' is unsupported as there is no evidence provided to back the claim that only 2 cell phone towers are needed to cover all houses next to the road. [model=microsoft/Phi-4-mini-instruct],2988.64,False,
microsoft/Phi-4-mini-instruct,f04b425c107f7b972209528a46c407d9,instruction_following,agent,1.0,"The agent correctly identified the instructions and the user's request, and it provided a response that fully complied with the given instructions. There were no violations or deviations from the instructions. [model=microsoft/Phi-4-mini-instruct]",2414.2,False,
microsoft/Phi-4-mini-instruct,f04b425c107f7b972209528a46c407d9,instruction_following,agent,0.0,"The agent failed to follow the instructions to retrieve the content of the file using the inspect_file_as_text tool, instead attempting to use the search_agent to obtain the file content, which is not a direct instruction from the user. Additionally, the agent did not provide a final_answer with the correct content as the file could not be accessed. [model=microsoft/Phi-4-mini-instruct]",6671.54,False,
microsoft/Phi-4-mini-instruct,f04b425c107f7b972209528a46c407d9,reasoning_quality,agent,0.0,"The agent's execution steps are missing, making it impossible to evaluate the reasoning quality. Without steps, we cannot assess the logical progression, purposefulness, or the quality of the reasoning chain. [model=microsoft/Phi-4-mini-instruct]",2770.65,False,
microsoft/Phi-4-mini-instruct,f04b425c107f7b972209528a46c407d9,reasoning_quality,agent,0.5,"The agent's reasoning is mostly logical, with a clear understanding of the task and appropriate use of tools, but the repeated failure to access the file content and the lack of a successful alternative plan to retrieve the data prevent the task from being completed. [model=microsoft/Phi-4-mini-instruct]",4404.74,False,
microsoft/Phi-4-mini-instruct,f2de3b74884dc2312bb0fbf7c9867a9c,helpfulness,trace,0.0,"The response acknowledges the task but does not provide the necessary information to complete it, thus failing to be helpful. [model=microsoft/Phi-4-mini-instruct]",2065.81,False,
microsoft/Phi-4-mini-instruct,f2de3b74884dc2312bb0fbf7c9867a9c,accuracy,trace,1.0,"The response correctly identifies that the task is unachievable due to the lack of access to the specific book and its content, which is necessary to find the date mentioned in the endnote. [model=microsoft/Phi-4-mini-instruct]",2754.94,False,
microsoft/Phi-4-mini-instruct,f2de3b74884dc2312bb0fbf7c9867a9c,groundedness,trace,0.0,"The agent could not access the required book or its content to verify the specific date mentioned in the task. Therefore, the claim is unsupported. [model=microsoft/Phi-4-mini-instruct]",2339.87,False,
microsoft/Phi-4-mini-instruct,f2de3b74884dc2312bb0fbf7c9867a9c,instruction_following,agent,1.0,"The agent correctly identified the instructions and the user's request, and it provided a response that fully complied with the given instructions. There were no violations or deviations from the instructions. [model=microsoft/Phi-4-mini-instruct]",2419.82,False,
microsoft/Phi-4-mini-instruct,f2de3b74884dc2312bb0fbf7c9867a9c,instruction_following,agent,0.0,"The agent failed to follow the initial instructions for the new task, as the 'Tool 'final_answer'' step was not executed, which is necessary to provide the final answer to the user. [model=microsoft/Phi-4-mini-instruct]",3307.71,False,
microsoft/Phi-4-mini-instruct,f2de3b74884dc2312bb0fbf7c9867a9c,reasoning_quality,agent,0.0,"The agent's execution steps are missing, making it impossible to evaluate the reasoning quality. Without steps, we cannot assess the logical progression, purposefulness, or the quality of the reasoning chain. [model=microsoft/Phi-4-mini-instruct]",2780.97,False,
microsoft/Phi-4-mini-instruct,f2de3b74884dc2312bb0fbf7c9867a9c,reasoning_quality,agent,1.0,"The agent's reasoning is clear and logical, with each step directly contributing to the goal. The plan to retrieve the book and locate the specific endnote is well-structured and purposeful. [model=microsoft/Phi-4-mini-instruct]",2748.28,False,
microsoft/Phi-4-mini-instruct,f39aec9b8a61fd2aaed5849cc00bc165,helpfulness,trace,1.0,"The agent's response directly answers the user's query by identifying the actor who played Ray in the Polish-language version of 'Everybody Loves Raymond' and played Magda M. Marek, thus providing the first name as requested. This is a highly helpful and complete response. [model=microsoft/Phi-4-mini-instruct]",3520.35,False,
microsoft/Phi-4-mini-instruct,f39aec9b8a61fd2aaed5849cc00bc165,accuracy,trace,0.0,The response 'Marek' is an assumption without verification. The correct answer requires identifying the actor who played Ray in the Polish version of 'Everybody Loves Raymond' and then finding the first name of the actor who played Ray in 'Magda M.' [model=microsoft/Phi-4-mini-instruct],3393.84,False,
microsoft/Phi-4-mini-instruct,f39aec9b8a61fd2aaed5849cc00bc165,groundedness,trace,0.0,"The agent provided a final answer without evidence to support it, so the score is 0.0. [model=microsoft/Phi-4-mini-instruct]",2047.73,False,
microsoft/Phi-4-mini-instruct,f39aec9b8a61fd2aaed5849cc00bc165,instruction_following,agent,1.0,"The agent correctly identified the instructions and the user's request, and it provided a response that fully complied with the given instructions. There were no violations or deviations from the instructions. [model=microsoft/Phi-4-mini-instruct]",2422.35,False,
microsoft/Phi-4-mini-instruct,f39aec9b8a61fd2aaed5849cc00bc165,instruction_following,agent,0.0,"The agent failed to provide a complete response to the new task, as it only repeated the task prompt without executing any steps or providing an answer. [model=microsoft/Phi-4-mini-instruct]",2889.31,False,
microsoft/Phi-4-mini-instruct,f39aec9b8a61fd2aaed5849cc00bc165,reasoning_quality,agent,0.0,"The agent's execution steps are missing, making it impossible to evaluate the reasoning quality. Without steps, we cannot assess the logical progression, purposefulness, or the quality of the reasoning chain. [model=microsoft/Phi-4-mini-instruct]",2796.22,False,
microsoft/Phi-4-mini-instruct,f39aec9b8a61fd2aaed5849cc00bc165,reasoning_quality,agent,0.0,"The agent's reasoning is inadequate as it fails to execute the necessary steps to achieve the goal. The plan to use the 'final_answer' tool without any input is a logical jump, as it does not contribute to the task at hand. [model=microsoft/Phi-4-mini-instruct]",3456.48,False,
microsoft/Phi-4-mini-instruct,f510c80d120dc75e4259704184ee802d,helpfulness,trace,1.0,"The response directly answers the user's query by identifying the non-equivalent statement among the provided logical expressions, thus fully assisting the user. [model=microsoft/Phi-4-mini-instruct]",2270.91,False,
microsoft/Phi-4-mini-instruct,f510c80d120dc75e4259704184ee802d,accuracy,trace,1.0,"The response correctly identifies the logical equivalence of the statements, which is a fact-based task. There are no inaccuracies or misleading simplifications in the provided answer. [model=microsoft/Phi-4-mini-instruct]",2545.44,False,
microsoft/Phi-4-mini-instruct,f510c80d120dc75e4259704184ee802d,groundedness,trace,1.0,"The agent's response is supported by the evidence provided, as the logical equivalence of (¬A → B) ↔ (A ∨ ¬B) is a known logical identity. [model=microsoft/Phi-4-mini-instruct]",2861.89,False,
microsoft/Phi-4-mini-instruct,f510c80d120dc75e4259704184ee802d,instruction_following,agent,1.0,"The agent correctly identified the instructions and the user's request, and it provided a response that fully complied with the given instructions. There were no violations or deviations from the instructions. [model=microsoft/Phi-4-mini-instruct]",2422.59,False,
microsoft/Phi-4-mini-instruct,f510c80d120dc75e4259704184ee802d,instruction_following,agent,0.0,"The agent failed to provide a final answer using the 'final_answer' tool, which is a requirement for completing the task as per the instructions. [model=microsoft/Phi-4-mini-instruct]",3044.37,False,
microsoft/Phi-4-mini-instruct,f510c80d120dc75e4259704184ee802d,reasoning_quality,agent,0.0,"The agent's execution steps are missing, making it impossible to evaluate the reasoning quality. Without steps, we cannot assess the logical progression, purposefulness, or the quality of the reasoning chain. [model=microsoft/Phi-4-mini-instruct]",2788.71,False,
microsoft/Phi-4-mini-instruct,f510c80d120dc75e4259704184ee802d,reasoning_quality,agent,1.0,"The agent's reasoning is methodical and follows a clear plan to verify the logical equivalences. Each step logically follows from the previous one, using the provided tools and known logical laws to reach the conclusion. [model=microsoft/Phi-4-mini-instruct]",3241.49,False,
microsoft/Phi-4-mini-instruct,f5a297c9b9bc74ca0b1060b1c4c99c0f,helpfulness,trace,1.0,"The agent's response directly answers the user's query with a specific year, which is the first time Apple stock went above $50, making it highly helpful. [model=microsoft/Phi-4-mini-instruct]",2484.14,False,
microsoft/Phi-4-mini-instruct,f5a297c9b9bc74ca0b1060b1c4c99c0f,accuracy,trace,0.0,"The response provided a final answer without verification steps, which is not in line with the task requirements. The score should be based on the accuracy of the final answer, not the process used to arrive at it. [model=microsoft/Phi-4-mini-instruct]",2991.57,False,
microsoft/Phi-4-mini-instruct,f5a297c9b9bc74ca0b1060b1c4c99c0f,groundedness,trace,0.0,"The agent's response directly contradicts the available evidence, as the evidence provided does not support the claim that Apple stock went above $50 in 1987. [model=microsoft/Phi-4-mini-instruct]",2579.53,False,
microsoft/Phi-4-mini-instruct,f5a297c9b9bc74ca0b1060b1c4c99c0f,instruction_following,agent,1.0,"The agent correctly identified the instructions and the user's request, and it provided a response that fully complied with the given instructions. There were no violations or deviations from the instructions. [model=microsoft/Phi-4-mini-instruct]",2419.77,False,
microsoft/Phi-4-mini-instruct,f5a297c9b9bc74ca0b1060b1c4c99c0f,instruction_following,agent,0.75,"The agent's response followed the instructions to perform a series of web searches and tool calls to find the first year Apple Inc.'s stock price closed above $50 in its raw form. However, the final_answer tool was not used correctly as the 'answer' argument was not provided, which is a requirement for the final_answer tool to return a result. [model=microsoft/Phi-4-mini-instruct]",17193.26,False,
microsoft/Phi-4-mini-instruct,f5a297c9b9bc74ca0b1060b1c4c99c0f,instruction_following,agent,0.0,"The agent failed to follow the instructions as it used the 'web_search' tool to perform a search instead of using the 'inspect_file_as_text' tool to read the content of a file as text. The agent also did not provide a detailed plan for the steps to be taken, which was part of the task requirements. [model=microsoft/Phi-4-mini-instruct]",10305.58,False,
microsoft/Phi-4-mini-instruct,f5a297c9b9bc74ca0b1060b1c4c99c0f,reasoning_quality,agent,0.0,"The agent's execution steps are missing, making it impossible to evaluate the reasoning quality. Without steps, we cannot assess the logical progression, purposefulness, or the quality of the reasoning chain. [model=microsoft/Phi-4-mini-instruct]",2779.81,False,
microsoft/Phi-4-mini-instruct,f5a297c9b9bc74ca0b1060b1c4c99c0f,reasoning_quality,agent,1.0,"The agent's steps are methodical, using a combination of web search and direct page visits to gather information. The final answer is well-supported by the gathered data, showing a high level of reasoning quality. [model=microsoft/Phi-4-mini-instruct]",12232.93,False,
microsoft/Phi-4-mini-instruct,f5a297c9b9bc74ca0b1060b1c4c99c0f,reasoning_quality,agent,1.0,"The agent's steps are logical and focused on gathering the necessary information to determine the first year Apple Inc.'s stock price closed above $50 in its raw form. The use of web search tools to find relevant documentation and data is appropriate, and the steps are well-structured to achieve the goal. [model=microsoft/Phi-4-mini-instruct]",8610.11,False,
microsoft/Phi-4-mini-instruct,f75d18151ad96809e922a80ebe2a171e,helpfulness,trace,0.0,"The response 'citation count' is not helpful as it does not address the user's question about the feature causing the largest bubble in the DeepFruits fruit detection graph. The user needs a specific feature identified, not a citation count. [model=microsoft/Phi-4-mini-instruct]",3106.45,False,
microsoft/Phi-4-mini-instruct,f75d18151ad96809e922a80ebe2a171e,accuracy,trace,0.0,"The response 'citation count' is not related to the task of identifying the feature that caused the largest bubble in a fruit detection graph. The task requires understanding the graph and the features it represents, not citation metrics. [model=microsoft/Phi-4-mini-instruct]",3037.48,False,
microsoft/Phi-4-mini-instruct,f75d18151ad96809e922a80ebe2a171e,groundedness,trace,0.0,"The agent's response 'citation count' is not a factual claim and does not relate to the task. The task requires identifying the feature that caused the largest bubble on a specific graph, which is not addressed by the provided evidence. The score is 0.0 as the response is unsupported and unrelated to the task. [model=microsoft/Phi-4-mini-instruct]",3992.64,False,
microsoft/Phi-4-mini-instruct,f75d18151ad96809e922a80ebe2a171e,instruction_following,agent,1.0,"The agent correctly identified the instructions and the user's request, and it provided a response that fully complied with the given instructions. There were no violations or deviations from the instructions. [model=microsoft/Phi-4-mini-instruct]",2404.93,False,
microsoft/Phi-4-mini-instruct,f75d18151ad96809e922a80ebe2a171e,instruction_following,agent,0.0,"The agent failed to provide a final answer to the user's task, which was to identify the feature causing the largest bubble in the DeepFruits fruit detection graph on Connected Papers from 2016. The agent only repeated the task question without offering a solution. [model=microsoft/Phi-4-mini-instruct]",3889.42,False,
microsoft/Phi-4-mini-instruct,f75d18151ad96809e922a80ebe2a171e,reasoning_quality,agent,0.0,"The agent's execution steps are missing, making it impossible to evaluate the reasoning quality. Without steps, we cannot assess the logical progression, purposefulness, or the quality of the reasoning chain. [model=microsoft/Phi-4-mini-instruct]",2787.84,False,
microsoft/Phi-4-mini-instruct,f75d18151ad96809e922a80ebe2a171e,reasoning_quality,agent,0.0,The agent's reasoning is inadequate as it fails to execute the task of identifying the feature causing the largest bubble in the DeepFruits graph. The steps provided do not lead to the solution and the final_answer tool is not used to obtain the necessary information. [model=microsoft/Phi-4-mini-instruct],3582.52,False,
microsoft/Phi-4-mini-instruct,f84e4dfe98f92d8d39a1e00115cd77df,helpfulness,trace,0.0,The response does not provide any useful information or steps to help the user find the answer to their question. It simply states '0' without addressing the task or providing any guidance. [model=microsoft/Phi-4-mini-instruct],2722.55,False,
microsoft/Phi-4-mini-instruct,f84e4dfe98f92d8d39a1e00115cd77df,accuracy,trace,0.0,The response '0' is not a factual answer to the task but an indication that the agent cannot provide the answer. It does not contain any factual information to evaluate. [model=microsoft/Phi-4-mini-instruct],2636.44,False,
microsoft/Phi-4-mini-instruct,f84e4dfe98f92d8d39a1e00115cd77df,groundedness,trace,0.0,The agent's response 'FINAL ANSWAR: 0' does not provide any factual information or evidence to support a claim. It does not address the task of finding the number of Wikipedia page revisions for the 2019 game that won the British Academy Games Awards before its release date. [model=microsoft/Phi-4-mini-instruct],3787.17,False,
microsoft/Phi-4-mini-instruct,f84e4dfe98f92d8d39a1e00115cd77df,instruction_following,agent,1.0,"The agent correctly identified the instructions and the user's request, and it provided a response that fully complied with the given instructions. There were no violations or deviations from the instructions. [model=microsoft/Phi-4-mini-instruct]",2429.4,False,
microsoft/Phi-4-mini-instruct,f84e4dfe98f92d8d39a1e00115cd77df,instruction_following,agent,0.25,"The agent's response did not fully comply with the instructions as it provided a final answer without the required detailed breakdown (short version, extremely detailed version, and additional context). The task was to provide a comprehensive answer with a specific format, which was not fully adhered to. [model=microsoft/Phi-4-mini-instruct]",27786.7,False,
microsoft/Phi-4-mini-instruct,f84e4dfe98f92d8d39a1e00115cd77df,instruction_following,agent,0.0,"The agent's final answer did not fully comply with the instructions as it did not use the 'final_answer' tool to provide the final answer, instead, it directly returned the observation from the 'visit_page' tool. The 'final_answer' tool was required to complete the task as per the instructions. [model=microsoft/Phi-4-mini-instruct]",20570.23,False,
microsoft/Phi-4-mini-instruct,f84e4dfe98f92d8d39a1e00115cd77df,reasoning_quality,agent,0.0,"The agent's execution steps are missing, making it impossible to evaluate the reasoning quality. Without steps, we cannot assess the logical progression, purposefulness, or the quality of the reasoning chain. [model=microsoft/Phi-4-mini-instruct]",2826.71,False,
microsoft/Phi-4-mini-instruct,f84e4dfe98f92d8d39a1e00115cd77df,reasoning_quality,agent,0.75,"The agent's reasoning is mostly logical, with a clear understanding of the task and appropriate use of tools. However, there are some errors in the execution of the 'page_down' tool, which are not directly related to the task's goal but are part of the tool's usage. [model=microsoft/Phi-4-mini-instruct]",26134.54,False,
microsoft/Phi-4-mini-instruct,f84e4dfe98f92d8d39a1e00115cd77df,reasoning_quality,agent,0.75,"The agent's reasoning is mostly logical, with a clear understanding of the task and appropriate use of tools. However, there are some unnecessary steps and errors in the use of the 'page_down' tool, which do not contribute to the goal and may indicate a lack of understanding of the tool's requirements. [model=microsoft/Phi-4-mini-instruct]",19086.32,False,
microsoft/Phi-4-mini-instruct,fa31e4af04a2469c88d6e8845e8aac69,helpfulness,trace,0.0,The response 'FINAL ANSWER: 2' does not provide any useful information or steps to solve the problem. It does not address the user's need and does not help in any way. [model=microsoft/Phi-4-mini-instruct],2859.65,False,
microsoft/Phi-4-mini-instruct,fa31e4af04a2469c88d6e8845e8aac69,accuracy,trace,0.0,"The response '2' is too brief and lacks the necessary details to evaluate the accuracy of the calculation. It does not provide a clear explanation of how the number 2 was derived, which is required to assess the correctness of the answer. [model=microsoft/Phi-4-mini-instruct]",3274.55,False,
microsoft/Phi-4-mini-instruct,fa31e4af04a2469c88d6e8845e8aac69,groundedness,trace,0.0,"The agent's response '2' is not a factual claim and cannot be evaluated for groundedness. The task requires a calculation based on the provided facts, but the agent's response does not address this. [model=microsoft/Phi-4-mini-instruct]",2977.1,False,
microsoft/Phi-4-mini-instruct,fa31e4af04a2469c88d6e8845e8aac69,instruction_following,agent,1.0,"The agent correctly identified the instructions and the user's request, and it provided a response that fully complied with the given instructions. There were no violations or deviations from the instructions. [model=microsoft/Phi-4-mini-instruct]",2437.07,False,
microsoft/Phi-4-mini-instruct,fa31e4af04a2469c88d6e8845e8aac69,instruction_following,agent,0.5,"The agent failed to provide the final output from the code snippet, which is necessary to complete the task. The final_answer tool was called with the correct answer, but the execution logs do not show the result of the code execution. [model=microsoft/Phi-4-mini-instruct]",3952.21,False,
microsoft/Phi-4-mini-instruct,fa31e4af04a2469c88d6e8845e8aac69,reasoning_quality,agent,0.0,"The agent's execution steps are missing, making it impossible to evaluate the reasoning quality. Without steps, we cannot assess the logical progression, purposefulness, or the quality of the reasoning chain. [model=microsoft/Phi-4-mini-instruct]",2821.6,False,
microsoft/Phi-4-mini-instruct,fa31e4af04a2469c88d6e8845e8aac69,reasoning_quality,agent,0.95,"The agent's reasoning is mostly logical, with a clear understanding of the task and appropriate use of tools to calculate the number of potato bags needed. However, the initial step of parsing the family list was not shown, which could be a minor gap in the reasoning chain. [model=microsoft/Phi-4-mini-instruct]",3868.05,False,
microsoft/Phi-4-mini-instruct,fb3333ca30eb8af56d4f31839ca9e317,helpfulness,trace,1.0,"The agent's response directly answers the user's query with the final answer, which is highly helpful. It also provides a brief explanation of the steps taken to arrive at the answer, which is a good practice for verification. The score is 1.0 as it fully assists the user with clear, actionable, and complete content. [model=microsoft/Phi-4-mini-instruct]",4040.0,False,
microsoft/Phi-4-mini-instruct,fb3333ca30eb8af56d4f31839ca9e317,accuracy,trace,0.0,The response provided a final answer without any supporting evidence or steps to verify the calculation. The score cannot be determined without the necessary data or verification steps. [model=microsoft/Phi-4-mini-instruct],2446.74,False,
microsoft/Phi-4-mini-instruct,fb3333ca30eb8af56d4f31839ca9e317,groundedness,trace,0.0,The agent's response is unsupported as there is no evidence provided to verify the final answer of 540. [model=microsoft/Phi-4-mini-instruct],2039.36,False,
microsoft/Phi-4-mini-instruct,fb3333ca30eb8af56d4f31839ca9e317,instruction_following,agent,1.0,"The agent correctly identified the instructions and the user's request, and it provided a response that fully complied with the given instructions. There were no violations or deviations from the instructions. [model=microsoft/Phi-4-mini-instruct]",2417.13,False,
microsoft/Phi-4-mini-instruct,fb3333ca30eb8af56d4f31839ca9e317,instruction_following,agent,0.0,"The agent failed to follow the initial step of the user's request, which was to document a preparatory survey of facts, instead jumping directly to planning the task. The user did not provide a task description or success criteria, and the agent's response did not fully comply with the instructions given. [model=microsoft/Phi-4-mini-instruct]",4224.35,False,
microsoft/Phi-4-mini-instruct,fb3333ca30eb8af56d4f31839ca9e317,reasoning_quality,agent,0.0,"The agent's execution steps are missing, making it impossible to evaluate the reasoning quality. Without steps, we cannot assess the logical progression, purposefulness, or the quality of the reasoning chain. [model=microsoft/Phi-4-mini-instruct]",2788.46,False,
microsoft/Phi-4-mini-instruct,fb3333ca30eb8af56d4f31839ca9e317,reasoning_quality,agent,0.5,"The agent's reasoning is incomplete as it only documents the initial steps without executing them. The plan to use the web_search team member to gather data from Wikipedia and Nature.com is logical, but the actual steps to derive the final answer are missing. [model=microsoft/Phi-4-mini-instruct]",3339.71,False,
microsoft/Phi-4-mini-instruct,fcdcb46c7df316b571138b53bd3c822a,helpfulness,trace,1.0,"The agent's response directly answers the user's query with a specific number, which is the final answer the user requested. This is highly helpful as it provides the exact information needed without further action required from the user. [model=microsoft/Phi-4-mini-instruct]",3021.87,False,
microsoft/Phi-4-mini-instruct,fcdcb46c7df316b571138b53bd3c822a,accuracy,trace,0.0,"The response provided a final answer without any supporting evidence or verification steps, which is not in line with the task requirements. The score cannot be determined due to the lack of a factual claim to evaluate. [model=microsoft/Phi-4-mini-instruct]",2883.8,False,
microsoft/Phi-4-mini-instruct,fcdcb46c7df316b571138b53bd3c822a,groundedness,trace,0.0,The agent's response 'FINAL ANSWER: 12' is unsupported as there is no evidence provided to back this specific number. [model=microsoft/Phi-4-mini-instruct],2196.48,False,
microsoft/Phi-4-mini-instruct,fcdcb46c7df316b571138b53bd3c822a,instruction_following,agent,1.0,"The agent correctly identified the instructions and the user's request, and it provided a response that fully complied with the given instructions. There were no violations or deviations from the instructions. [model=microsoft/Phi-4-mini-instruct]",2416.94,False,
microsoft/Phi-4-mini-instruct,fcdcb46c7df316b571138b53bd3c822a,instruction_following,agent,1.0,"The agent successfully completed the task as per the user's instructions, providing a detailed report on the number of High Energy Physics - Lattice articles with a PostScript version available in January 2020, along with a description of the query process and verification steps. [model=microsoft/Phi-4-mini-instruct]",5282.47,False,
microsoft/Phi-4-mini-instruct,fcdcb46c7df316b571138b53bd3c822a,instruction_following,agent,0.0,"The agent failed to follow the instructions as it did not provide a JSON object with the required keys 'explanation' and 'score'. Instead, it provided a text response with the content that should have been in the 'final_answer' tool. [model=microsoft/Phi-4-mini-instruct]",3738.87,False,
microsoft/Phi-4-mini-instruct,fcdcb46c7df316b571138b53bd3c822a,reasoning_quality,agent,0.0,"The agent's execution steps are missing, making it impossible to evaluate the reasoning quality. Without steps, we cannot assess the logical progression, purposefulness, or the quality of the reasoning chain. [model=microsoft/Phi-4-mini-instruct]",2766.95,False,
microsoft/Phi-4-mini-instruct,fcdcb46c7df316b571138b53bd3c822a,reasoning_quality,agent,1.0,"The agent's steps are logical and purposeful, with a clear plan to use the appropriate tools to achieve the goal. The reasoning chain is mostly coherent, and the final answer provided by the search_agent is directly related to the task. [model=microsoft/Phi-4-mini-instruct]",4011.47,False,
microsoft/Phi-4-mini-instruct,fcdcb46c7df316b571138b53bd3c822a,reasoning_quality,agent,0.95,"The agent's response demonstrates a clear understanding of the task, with a logical sequence of steps to achieve the goal. The reasoning is mostly sound, with a few minor gaps in the explanation of the process. [model=microsoft/Phi-4-mini-instruct]",3123.32,False,
