model,trace_id,evaluator,level,score,explanation,latency_ms,is_skipped,skip_reason,occurrence_index,job_id,original_skip_reason,rerun_skip_reason,score_source
Qwen/Qwen3.5-2B,0035f455b3ff2295167a844f04d85d34,helpfulness,trace,0.0,"The agent failed to answer the question by providing a specific zip code, instead offering a generic placeholder '33149' which is not a valid USGS location for the fish in question. It did not perform any verification steps or search for the correct data, nor did it list the necessary facts to look up or derive. [model=Qwen/Qwen3.5-2B]",32956.81,False,,0,0035f455b3ff2295167a844f04d85d34|helpfulness|trace|0,,,original
Qwen/Qwen3.5-2B,0035f455b3ff2295167a844f04d85d34,accuracy,trace,0.0,"The response provides a specific zip code (33149) for the location of the blue tang, the fish from Finding Nemo. However, this information is factually incorrect as the blue tang was not found in the US; it was originally discovered in the Pacific Ocean and later introduced to the US, but the specific zip code cited is not a verified location for its non-native presence. [model=Qwen/Qwen3.5-2B]",7506.37,False,,0,0035f455b3ff2295167a844f04d85d34|accuracy|trace|0,,,original
Qwen/Qwen3.5-2B,0035f455b3ff2295167a844f04d85d34,groundedness,trace,0.0,"The agent's response provides a specific five-digit zip code (33149) without any citation or evidence from the provided 'Tool Results' or 'Evidence Available' sections. Since the evidence is empty and the claim is made as a fact without backing, the claim is unsupported. [model=Qwen/Qwen3.5-2B]",5351.67,False,,0,0035f455b3ff2295167a844f04d85d34|groundedness|trace|0,,,original
Qwen/Qwen3.5-2B,0035f455b3ff2295167a844f04d85d34,instruction_following,agent,0.0,"The agent failed to provide any response or execution steps, resulting in a score of 0.0 as no instructions were followed. [model=Qwen/Qwen3.5-2B]",3378.57,False,,0,0035f455b3ff2295167a844f04d85d34|instruction_following|agent|0,,,original
Qwen/Qwen3.5-2B,0035f455b3ff2295167a844f04d85d34,instruction_following,agent,0.0,"The agent failed to follow the core instruction to use the provided tools (visualizer, inspect_file_as_text, final_answer) to solve the task. Instead, it provided a high-level plan and then immediately stopped execution without actually calling any tools or deriving the answer. It also failed to properly format the final answer as requested. [model=Qwen/Qwen3.5-2B]",6676.07,False,,1,0035f455b3ff2295167a844f04d85d34|instruction_following|agent|1,,,original
Qwen/Qwen3.5-2B,0035f455b3ff2295167a844f04d85d34,reasoning_quality,agent,0.0,"The agent failed to execute the goal because it did not generate any output, resulting in a complete lack of reasoning steps. Consequently, the evaluation cannot assess the quality of the reasoning chain, leading to an incoherent response. [model=Qwen/Qwen3.5-2B]",5241.31,False,,0,0035f455b3ff2295167a844f04d85d34|reasoning_quality|agent|0,,,original
Qwen/Qwen3.5-2B,0035f455b3ff2295167a844f04d85d34,reasoning_quality,agent,0.25,"The agent correctly identifies the task goal and the necessary tools (search_agent and final_answer). However, the execution is incomplete; it stops after Step 1 and fails to utilize the search_agent or final_answer tools to retrieve the specific USGS data or zip codes required. The reasoning jumps to a conclusion without actually performing the data retrieval or verification steps mandated by the task. [model=Qwen/Qwen3.5-2B]",6698.74,False,,1,0035f455b3ff2295167a844f04d85d34|reasoning_quality|agent|1,,,original
Qwen/Qwen3.5-2B,0140b3f657eddf76ca82f72c49ac8e58,helpfulness,trace,0.0,"The agent failed to answer the question by providing a completely fabricated name ('Louvrier') without any evidence or derivation from the provided text. It did not attempt to search for the information or derive it logically, nor did it acknowledge the specific constraints of the task regarding the source material. [model=Qwen/Qwen3.5-2B]",5328.2,False,,0,0140b3f657eddf76ca82f72c49ac8e58|helpfulness|trace|0,,,original
Qwen/Qwen3.5-2B,0140b3f657eddf76ca82f72c49ac8e58,accuracy,trace,0.0,"The response provides a specific name ('Louvrier') without any citation or verification of the source material, which is a critical failure given the task's explicit requirement to find the correct answer from the specified license and date. The response makes a definitive factual claim without evidence, rendering it unreliable. [model=Qwen/Qwen3.5-2B]",5226.75,False,,0,0140b3f657eddf76ca82f72c49ac8e58|accuracy|trace|0,,,original
Qwen/Qwen3.5-2B,0140b3f657eddf76ca82f72c49ac8e58,groundedness,trace,0.25,"The provided evidence contains a search result for the exact query but does not explicitly state the name of the veterinarian, nor does the 'find_on_page_ctrl_f' tool confirm the presence of the name on the page. The search results are generic and do not provide the specific name required to answer the question. [model=Qwen/Qwen3.5-2B]",6470.72,False,,0,0140b3f657eddf76ca82f72c49ac8e58|groundedness|trace|0,,,original
Qwen/Qwen3.5-2B,0140b3f657eddf76ca82f72c49ac8e58,instruction_following,agent,0.0,"The agent failed to provide any response or execution steps, resulting in a score of 0.0 as no instructions were followed. [model=Qwen/Qwen3.5-2B]",3527.98,False,,0,0140b3f657eddf76ca82f72c49ac8e58|instruction_following|agent|0,,,original
Qwen/Qwen3.5-2B,0140b3f657eddf76ca82f72c49ac8e58,instruction_following,agent,0.75,"The agent successfully identified the task, learned the necessary facts, and executed a plan to locate the specific text on the LibreTexts page. It used the `find_on_page_ctrl_f` tool to search for keywords ('veterin', 'vet', 'equine', 'horse') and successfully navigated to page 24 where the relevant excerpt was found. The agent correctly extracted the full name 'Louvrrier' and the surname 'Louvrier' from the text, fulfilling the task requirements despite some minor tool argument errors during the search process. [model=Qwen/Qwen3.5-2B]",15315.76,False,,1,0140b3f657eddf76ca82f72c49ac8e58|instruction_following|agent|1,,,original
Qwen/Qwen3.5-2B,0140b3f657eddf76ca82f72c49ac8e58,instruction_following,agent,0.55,"The agent successfully followed the core instruction to provide a structured plan with specific headings (Facts given, Facts to look up, Facts to derive) and to use the 'final_answer' tool as the final step. However, the agent failed to strictly adhere to the formatting constraint for the 'final_answer' tool in the provided examples (which requires specific keys like 'answer' inside the object), and it repeatedly failed to execute the 'page_down' tool correctly due to syntax errors in the arguments, despite the user's instruction to retry with correct inputs. The plan itself was logical, but the execution of the plan failed due to tool misuse. [model=Qwen/Qwen3.5-2B]",38809.55,False,,2,0140b3f657eddf76ca82f72c49ac8e58|instruction_following|agent|2,"Invalid judge JSON; saved raw output instead. 1 validation error for JudgeOutput
  Invalid JSON: EOF while parsing a string at line 2 column 792 [type=json_invalid, input_value='{\n  ""explanation"": ""The...t as possible\' in Step', input_type=str]
    For further information visit https://errors.pydantic.dev/2.13/v/json_invalid",,rerun
Qwen/Qwen3.5-2B,0140b3f657eddf76ca82f72c49ac8e58,reasoning_quality,agent,0.0,"The agent failed to execute the goal because it did not generate any output, resulting in a complete lack of reasoning steps. Consequently, the evaluation cannot assess the quality of the reasoning chain, leading to an incoherent response. [model=Qwen/Qwen3.5-2B]",4826.46,False,,0,0140b3f657eddf76ca82f72c49ac8e58|reasoning_quality|agent|0,,,original
Qwen/Qwen3.5-2B,0140b3f657eddf76ca82f72c49ac8e58,reasoning_quality,agent,0.25,"The agent successfully identified the correct task, selected the appropriate tool (web_search) to locate the specific materials, and navigated to the relevant page. However, the subsequent attempts to scroll down the page using the 'page_down' tool failed repeatedly due to a syntax error in the tool call arguments (empty string). The agent failed to adapt to this error and continued to search for keywords without successfully extracting the text content to find the veterinarian's name. The final answer was not generated correctly. [model=Qwen/Qwen3.5-2B]",28929.95,False,,1,0140b3f657eddf76ca82f72c49ac8e58|reasoning_quality|agent|1,"Invalid judge JSON; saved raw output instead. 1 validation error for JudgeOutput
  Invalid JSON: EOF while parsing a value at line 2 column 813 [type=json_invalid, input_value='{\n  ""explanation"": ""The...hesizes the findings."",', input_type=str]
    For further information visit https://errors.pydantic.dev/2.13/v/json_invalid",,rerun
Qwen/Qwen3.5-2B,0140b3f657eddf76ca82f72c49ac8e58,reasoning_quality,agent,0.75,"The agent demonstrates strong logical reasoning by systematically evaluating the task requirements, identifying the correct tool (web_search) for initial information gathering, and then selecting the appropriate tool (visit_page) to access the specific URL found in the search results. It correctly identifies the need to scroll (page_down) to find the target content, despite encountering errors in the initial attempts, and adapts by using alternative search strings ('veterin', 'vet', 'equine', 'horse') to locate the specific reference within the text. The final step of using Ctrl+F to find the exact string 'equine veterinarian' is logical and directly addresses the task's requirement to locate the specific reference. [model=Qwen/Qwen3.5-2B]",12345.26,False,,2,0140b3f657eddf76ca82f72c49ac8e58|reasoning_quality|agent|2,,,original
Qwen/Qwen3.5-2B,01c5727165fc43899b3b594b9bef5f19,helpfulness,trace,0.0,"The agent failed to answer the question because it provided an arbitrary value ('0') without verifying the data against the actual NeurIPS 2022 conference records or Openreview.net, despite the prompt explicitly stating the answer exists and that verification steps must be performed. [model=Qwen/Qwen3.5-2B]",5097.56,False,,0,01c5727165fc43899b3b594b9bef5f19|helpfulness|trace|0,,,original
Qwen/Qwen3.5-2B,01c5727165fc43899b3b594b9bef5f19,accuracy,trace,0.25,"The response provides a definitive answer of 0, but this is factually incorrect. The NeurIPS 2022 conference accepted 1,000 papers, and while there are authors named Yuri, the specific count of papers accepted solely by an author named Yuri is not 0; there are likely some, though the exact number is not widely publicized in a way that confirms this specific zero count as a general fact. The claim that the answer is definitively 0 contradicts the known scale of the conference and the existence of authors named Yuri. [model=Qwen/Qwen3.5-2B]",9183.96,False,,0,01c5727165fc43899b3b594b9bef5f19|accuracy|trace|0,,,original
Qwen/Qwen3.5-2B,01c5727165fc43899b3b594b9bef5f19,groundedness,trace,0.0,"The agent's response provides a definitive answer (0) without any supporting evidence from the provided search results or OpenReview pages. The search results only show general conference pages and do not contain specific data regarding the number of papers by an author named 'Yuri' with a 'certain' recommendation. Consequently, the answer is unsupported and contradicts the lack of specific data found in the evidence. [model=Qwen/Qwen3.5-2B]",7219.11,False,,0,01c5727165fc43899b3b594b9bef5f19|groundedness|trace|0,,,original
Qwen/Qwen3.5-2B,01c5727165fc43899b3b594b9bef5f19,instruction_following,agent,0.0,"The agent failed to provide any response or execution steps, resulting in a score of 0.0 as no instructions were followed. [model=Qwen/Qwen3.5-2B]",3452.66,False,,0,01c5727165fc43899b3b594b9bef5f19|instruction_following|agent|0,,,original
Qwen/Qwen3.5-2B,01c5727165fc43899b3b594b9bef5f19,instruction_following,agent,0.25,"The agent failed to follow the instruction to provide a final answer using the `final_answer` tool. Instead, it generated a detailed summary of its findings in the 'Thought' and 'FACTS LIST' sections, which violates the requirement to use the specified tool for the final output. Additionally, the agent did not successfully complete the task of counting the papers, as it concluded the count was 0 without providing the detailed methodology or context required by the task description. [model=Qwen/Qwen3.5-2B]",31597.8,False,,1,01c5727165fc43899b3b594b9bef5f19|instruction_following|agent|1,"Invalid judge JSON; saved raw output instead. 1 validation error for JudgeOutput
  Invalid JSON: EOF while parsing a string at line 2 column 824 [type=json_invalid, input_value='{\n  ""explanation"": ""The...ailable data. The agent', input_type=str]
    For further information visit https://errors.pydantic.dev/2.13/v/json_invalid",,rerun
Qwen/Qwen3.5-2B,01c5727165fc43899b3b594b9bef5f19,instruction_following,agent,0.55,"The agent successfully followed the primary instruction to provide a structured response with specific sections (Task outcome, detailed version, additional context) and used the available tools (web_search, visit_page, find_on_page_ctrl_f) to gather information. However, the agent failed to follow the formatting constraint regarding the 'final_answer' tool structure. It provided a detailed analysis in the 'Step 26' response but did not actually call the 'final_answer' tool as required by the task instructions to 'Put all these in your final_answer tool'. Additionally, the 'page_down' tool failed due to an incorrect input format, preventing further navigation of the OpenReview page to find the specific review metadata. [model=Qwen/Qwen3.5-2B]",41958.52,False,,2,01c5727165fc43899b3b594b9bef5f19|instruction_following|agent|2,"Invalid judge JSON; saved raw output instead. 1 validation error for JudgeOutput
  Invalid JSON: EOF while parsing a string at line 2 column 850 [type=json_invalid, input_value='{\n  ""explanation"": ""The...n, and it failed to use', input_type=str]
    For further information visit https://errors.pydantic.dev/2.13/v/json_invalid",,rerun
Qwen/Qwen3.5-2B,01c5727165fc43899b3b594b9bef5f19,reasoning_quality,agent,0.0,"The agent failed to execute the goal because it did not generate any output, resulting in a complete lack of reasoning steps. Consequently, the evaluation cannot assess the quality of the reasoning chain, leading to an incoherent response. [model=Qwen/Qwen3.5-2B]",5178.72,False,,0,01c5727165fc43899b3b594b9bef5f19|reasoning_quality|agent|0,,,original
Qwen/Qwen3.5-2B,01c5727165fc43899b3b594b9bef5f19,reasoning_quality,agent,0.55,"The agent demonstrates a logical progression by first identifying the necessary data sources (OpenReview pages), then attempting to locate the specific data through direct page inspection and search. However, the reasoning becomes flawed when it fails to utilize the search results effectively to find the specific paper with 'Yuri' authors, instead relying on a single paper found in the search results without verifying the 'certain' recommendation field on that specific paper's detail page. The final conclusion of 0 papers is based on a single paper's lack of visible metadata rather than a comprehensive search of all papers, leading to a potentially incorrect or incomplete count. [model=Qwen/Qwen3.5-2B]",15148.89,False,,1,01c5727165fc43899b3b594b9bef5f19|reasoning_quality|agent|1,,,original
Qwen/Qwen3.5-2B,01c5727165fc43899b3b594b9bef5f19,reasoning_quality,agent,0.55,"The agent successfully identified the relevant conference page and submissions page, but failed to locate the specific 'certain' review recommendation field on the paper detail pages, leading to an incomplete conclusion. The search for 'Recommendation' and 'certain' yielded no results on the OpenReview forum, and the 'certain' string was not found on the paper detail page, preventing a full count. The agent also encountered a tool error when attempting to scroll down the page, which halted progress. [model=Qwen/Qwen3.5-2B]",11099.57,False,,2,01c5727165fc43899b3b594b9bef5f19|reasoning_quality|agent|2,,,original
Qwen/Qwen3.5-2B,0242ca2533fac5b8b604a9060b3e15d6,helpfulness,trace,0.0,"The response provides a definitive answer ('negative binomial') without any reasoning or verification steps, failing to address the user's explicit requirement to ensure the answer is correct and to perform verification. [model=Qwen/Qwen3.5-2B]",4440.61,False,,0,0242ca2533fac5b8b604a9060b3e15d6|helpfulness|trace|0,,,original
Qwen/Qwen3.5-2B,0242ca2533fac5b8b604a9060b3e15d6,accuracy,trace,0.0,"The response provides a definitive answer ('negative binomial') without any reasoning or verification steps, which fails to meet the requirement to identify necessary facts or derive logical conclusions. Furthermore, the specific statistical model cited is not the standard solution to the problem of finding the commonality between two specific researchers' studies, making the factual claim highly unreliable. [model=Qwen/Qwen3.5-2B]",5752.23,False,,0,0242ca2533fac5b8b604a9060b3e15d6|accuracy|trace|0,,,original
Qwen/Qwen3.5-2B,0242ca2533fac5b8b604a9060b3e15d6,groundedness,trace,0.0,"The provided evidence contains no results for the specified tool, meaning no factual claims can be verified against available data. Consequently, the response's claim about having access to relevant tools and the specific factual assertions regarding the model type lack any grounding in the provided evidence. [model=Qwen/Qwen3.5-2B]",4911.26,False,,0,0242ca2533fac5b8b604a9060b3e15d6|groundedness|trace|0,,,original
Qwen/Qwen3.5-2B,0242ca2533fac5b8b604a9060b3e15d6,instruction_following,agent,0.0,"The agent failed to provide any response or execution steps, resulting in a score of 0.0 as no instructions were followed. [model=Qwen/Qwen3.5-2B]",3612.0,False,,0,0242ca2533fac5b8b604a9060b3e15d6|instruction_following|agent|0,,,original
Qwen/Qwen3.5-2B,0242ca2533fac5b8b604a9060b3e15d6,instruction_following,agent,0.0,"The agent failed to follow the core instruction to use the provided tools (visualizer, inspect_file_as_text, final_answer) to solve the task. Instead, it relied entirely on a 'team member' (search_agent) to perform the search and derive the answer, ignoring the explicit rule to use the available tools. It also failed to provide the required 'Thought:' and 'Code:' sequences with the correct tool arguments, and did not use the `final_answer` tool to return the result. [model=Qwen/Qwen3.5-2B]",8088.18,False,,1,0242ca2533fac5b8b604a9060b3e15d6|instruction_following|agent|1,,,original
Qwen/Qwen3.5-2B,0242ca2533fac5b8b604a9060b3e15d6,reasoning_quality,agent,0.0,"The agent failed to execute the goal because it did not generate any output, resulting in a complete lack of reasoning steps. Consequently, the evaluation cannot assess the quality of the reasoning chain, leading to an incoherent response. [model=Qwen/Qwen3.5-2B]",5232.07,False,,0,0242ca2533fac5b8b604a9060b3e15d6|reasoning_quality|agent|0,,,original
Qwen/Qwen3.5-2B,0242ca2533fac5b8b604a9060b3e15d6,reasoning_quality,agent,0.25,"The agent demonstrates logical progression by first identifying the need for specific publication details, then attempting to retrieve them via a search tool. However, the subsequent steps show a failure to utilize the search results effectively, as the search agent returns 'None' and the final answer tool also yields no result. This indicates a lack of understanding of how to extract the specific model type from the retrieved text or a failure to formulate the correct query to find the relevant literature. [model=Qwen/Qwen3.5-2B]",7586.69,False,,1,0242ca2533fac5b8b604a9060b3e15d6|reasoning_quality|agent|1,,,original
Qwen/Qwen3.5-2B,041b7f9c8c76c2ca1a8e67c6769267c3,helpfulness,trace,0.0,"The agent failed to answer the question because it made a false assumption that Nature articles in 2020 relied on statistical significance and had an average p-value of 0.04, which is factually incorrect and irrelevant to the specific data provided. It also failed to perform any verification steps or acknowledge the impossibility of the premise. [model=Qwen/Qwen3.5-2B]",6093.35,False,,0,041b7f9c8c76c2ca1a8e67c6769267c3|helpfulness|trace|0,,,original
Qwen/Qwen3.5-2B,041b7f9c8c76c2ca1a8e67c6769267c3,accuracy,trace,0.0,"The response provides a definitive numerical answer without any reasoning or verification steps, which fails to meet the task's requirement to provide a correct answer through logical derivation or verification. The calculation is mathematically flawed because it assumes all Nature papers in 2020 relied on statistical significance and had an average p-value of 0.04, which is an arbitrary and unsupported premise that does not exist in reality. [model=Qwen/Qwen3.5-2B]",6870.56,False,,0,041b7f9c8c76c2ca1a8e67c6769267c3|accuracy|trace|0,,,original
Qwen/Qwen3.5-2B,041b7f9c8c76c2ca1a8e67c6769267c3,groundedness,trace,0.0,"The response provides a definitive numerical answer (20) without any supporting evidence or logical derivation from the provided text, as the 'Evidence Available' section contains no data regarding Nature's 2020 publications or statistical significance rates. Consequently, the answer is entirely unsupported and contradicts the lack of relevant information. [model=Qwen/Qwen3.5-2B]",5618.26,False,,0,041b7f9c8c76c2ca1a8e67c6769267c3|groundedness|trace|0,,,original
Qwen/Qwen3.5-2B,041b7f9c8c76c2ca1a8e67c6769267c3,instruction_following,agent,0.0,"The agent failed to provide any response or execution steps, resulting in a score of 0.0 as no instructions were followed. [model=Qwen/Qwen3.5-2B]",3474.21,False,,0,041b7f9c8c76c2ca1a8e67c6769267c3|instruction_following|agent|0,,,original
Qwen/Qwen3.5-2B,041b7f9c8c76c2ca1a8e67c6769267c3,instruction_following,agent,0.5,"The agent successfully identified the task requirements, attempted to find the total number of Nature articles in 2020, and calculated the result correctly (20). However, it failed to properly format the final answer by overwriting the tool variable name 'final_answer' with a local variable, causing a runtime error. It also failed to provide the final answer in the required format after the error was resolved. [model=Qwen/Qwen3.5-2B]",7430.22,False,,1,041b7f9c8c76c2ca1a8e67c6769267c3|instruction_following|agent|1,,,original
Qwen/Qwen3.5-2B,041b7f9c8c76c2ca1a8e67c6769267c3,reasoning_quality,agent,0.0,"The agent failed to execute the goal because it did not generate any output, resulting in a complete lack of reasoning steps. Consequently, the evaluation cannot assess the quality of the reasoning chain, leading to an incoherent response. [model=Qwen/Qwen3.5-2B]",4618.83,False,,0,041b7f9c8c76c2ca1a8e67c6769267c3|reasoning_quality|agent|0,,,original
Qwen/Qwen3.5-2B,041b7f9c8c76c2ca1a8e67c6769267c3,reasoning_quality,agent,0.55,"The agent demonstrates strong logical reasoning by first identifying the necessary facts (Nature articles in 2020) and then executing a search to verify the total count. It correctly applies the formula (Total * 0.04) to derive the number of incorrect claims. However, it fails to properly handle the tool execution error regarding the variable name 'final_answer', leading to a failed execution step that prevents the final answer from being returned. [model=Qwen/Qwen3.5-2B]",7566.93,False,,1,041b7f9c8c76c2ca1a8e67c6769267c3|reasoning_quality|agent|1,,,original
Qwen/Qwen3.5-2B,08be1639c58e086cf0bb8c269039973d,helpfulness,trace,0.0,"The agent failed to answer the question by providing no actual data, citations, or reasoning about the specific chemicals mentioned in the task. It only output a random string of numbers that are likely hallucinated or incorrect, failing to demonstrate knowledge of the source material or the search process required to find the correct EC numbers. [model=Qwen/Qwen3.5-2B]",6391.12,False,,0,08be1639c58e086cf0bb8c269039973d|helpfulness|trace|0,,,original
Qwen/Qwen3.5-2B,08be1639c58e086cf0bb8c269039973d,accuracy,trace,0.25,"The response provides specific EC numbers (3.1.3.1 and 1.11.1.7) but fails to identify the specific chemicals or the source paper mentioned in the query, rendering the answer incomplete and unverified against the actual literature. [model=Qwen/Qwen3.5-2B]",5480.89,False,,0,08be1639c58e086cf0bb8c269039973d|accuracy|trace|0,,,original
Qwen/Qwen3.5-2B,08be1639c58e086cf0bb8c269039973d,groundedness,trace,0.0,"The provided evidence contains no information regarding the specific EC numbers, chemical names, or the paper 'Pearl of Africa' mentioned in the query. The response provides specific numerical values without any backing from the available tool results or task text. [model=Qwen/Qwen3.5-2B]",4823.22,False,,0,08be1639c58e086cf0bb8c269039973d|groundedness|trace|0,,,original
Qwen/Qwen3.5-2B,08be1639c58e086cf0bb8c269039973d,instruction_following,agent,0.0,"The agent failed to provide any response or execution steps, resulting in a score of 0.0 as no instructions were followed. [model=Qwen/Qwen3.5-2B]",3502.86,False,,0,08be1639c58e086cf0bb8c269039973d|instruction_following|agent|0,,,original
Qwen/Qwen3.5-2B,08be1639c58e086cf0bb8c269039973d,instruction_following,agent,0.25,"The agent failed to follow the core instruction to use the provided tools (visualizer, inspect_file_as_text, final_answer) to solve the task. Instead, it generated a survey of facts and a high-level plan, but did not execute the required tool calls. It also failed to use the `search_agent` tool as permitted by the instructions, and the final answer was not provided via the `final_answer` tool. [model=Qwen/Qwen3.5-2B]",7445.53,False,,1,08be1639c58e086cf0bb8c269039973d|instruction_following|agent|1,,,original
Qwen/Qwen3.5-2B,08be1639c58e086cf0bb8c269039973d,reasoning_quality,agent,0.0,"The agent failed to execute the goal because it did not generate any output, resulting in a complete lack of reasoning steps. Consequently, the evaluation cannot assess the quality of the reasoning chain, leading to an incoherent response. [model=Qwen/Qwen3.5-2B]",4539.98,False,,0,08be1639c58e086cf0bb8c269039973d|reasoning_quality|agent|0,,,original
Qwen/Qwen3.5-2B,08be1639c58e086cf0bb8c269039973d,reasoning_quality,agent,0.25,"The agent correctly identifies the need to locate the specific 2016 paper regarding SPFMV and SPCSV before proceeding. However, the execution steps provided in the prompt are incomplete and cut off mid-sentence ('An'), and the final step relies on a tool that returned no result, indicating a failure to actually execute the search or retrieve the necessary data. This lack of a functional execution step renders the reasoning chain incomplete and the task unsolvable. [model=Qwen/Qwen3.5-2B]",8198.25,False,,1,08be1639c58e086cf0bb8c269039973d|reasoning_quality|agent|1,,,original
Qwen/Qwen3.5-2B,0adc4f3b99d9564d32811e913cc9d248,helpfulness,trace,0.0,"The agent failed to solve the problem because it did not utilize the provided logic that humans always tell the truth and vampires always lie. Instead of deriving the answer from the given constraints, it arbitrarily guessed '100' without any verification or logical deduction. [model=Qwen/Qwen3.5-2B]",5202.83,False,,0,0adc4f3b99d9564d32811e913cc9d248|helpfulness|trace|0,,,original
Qwen/Qwen3.5-2B,0adc4f3b99d9564d32811e913cc9d248,accuracy,trace,1.0,"The response correctly identifies the logical deduction that if the answer is 0, then everyone is a vampire, which contradicts the premise that humans always tell the truth, thus the answer must be 100. The reasoning is sound and the final answer is mathematically derived from the given constraints. [model=Qwen/Qwen3.5-2B]",6232.48,False,,0,0adc4f3b99d9564d32811e913cc9d248|accuracy|trace|0,,,original
Qwen/Qwen3.5-2B,0adc4f3b99d9564d32811e913cc9d248,groundedness,trace,0.0,"The agent's response of '100' is a direct assertion without any supporting evidence from the provided text or tools. The available evidence consists solely of the task description, which states the answer does exist but does not provide the specific number, nor does the 'Tool Results' section contain any data to verify this claim. [model=Qwen/Qwen3.5-2B]",6141.74,False,,0,0adc4f3b99d9564d32811e913cc9d248|groundedness|trace|0,,,original
Qwen/Qwen3.5-2B,0adc4f3b99d9564d32811e913cc9d248,instruction_following,agent,0.0,"The agent failed to provide any response or execution steps, resulting in a score of 0.0 as no instructions were followed. [model=Qwen/Qwen3.5-2B]",3403.98,False,,0,0adc4f3b99d9564d32811e913cc9d248|instruction_following|agent|0,,,original
Qwen/Qwen3.5-2B,0adc4f3b99d9564d32811e913cc9d248,instruction_following,agent,0.25,"The agent failed to follow the specific instruction to use the provided tools (visualizer, inspect_file_as_text, final_answer) as requested in the task description. Instead, it used a 'search_agent' team member to browse the internet and manually reasoned through the logic, ignoring the tool constraints. It also failed to use the `final_answer` tool to provide the final answer as required by the system prompt. [model=Qwen/Qwen3.5-2B]",7384.59,False,,1,0adc4f3b99d9564d32811e913cc9d248|instruction_following|agent|1,,,original
Qwen/Qwen3.5-2B,0adc4f3b99d9564d32811e913cc9d248,reasoning_quality,agent,0.0,"The agent failed to execute the goal because it did not generate any output, resulting in a complete lack of reasoning steps. Consequently, the evaluation cannot assess the quality of the reasoning chain, leading to an incoherent response. [model=Qwen/Qwen3.5-2B]",5241.89,False,,0,0adc4f3b99d9564d32811e913cc9d248|reasoning_quality|agent|0,,,original
Qwen/Qwen3.5-2B,0adc4f3b99d9564d32811e913cc9d248,reasoning_quality,agent,1.0,"The agent correctly identifies the core logical constraint (humans tell truth, vampires lie) and deduces that since the answer 'At least one human' is false for all 100 residents, every resident must be a vampire. The plan is logical, purposeful, and fully addresses the task requirements. [model=Qwen/Qwen3.5-2B]",5986.12,False,,1,0adc4f3b99d9564d32811e913cc9d248|reasoning_quality|agent|1,,,original
Qwen/Qwen3.5-2B,0ebe673d64647ec44c370638b82d3c78,helpfulness,trace,0.0,"The user's query appears to be a corrupted or garbled string of text that does not form a clear, solvable task. The provided response 'right' is nonsensical and fails to address the broken input, offering no actionable information or reasoning. [model=Qwen/Qwen3.5-2B]",5688.99,False,,0,0ebe673d64647ec44c370638b82d3c78|helpfulness|trace|0,,,original
Qwen/Qwen3.5-2B,0ebe673d64647ec44c370638b82d3c78,accuracy,trace,0.0,"The response contains a significant factual error by stating 'right' as the answer to a nonsensical, garbled query about 'rewsna' and 'tfel' without providing any actual solution or verification steps. The response fails to address the task of building a survey of facts, instead providing a generic placeholder. [model=Qwen/Qwen3.5-2B]",5647.93,False,,0,0ebe673d64647ec44c370638b82d3c78|accuracy|trace|0,,,original
Qwen/Qwen3.5-2B,0ebe673d64647ec44c370638b82d3c78,groundedness,trace,0.0,"The provided evidence contains no data, dates, or facts that support the claim that the answer is 'right'. The evidence is empty, and the response makes a definitive assertion without any backing from the available information. [model=Qwen/Qwen3.5-2B]",4317.99,False,,0,0ebe673d64647ec44c370638b82d3c78|groundedness|trace|0,,,original
Qwen/Qwen3.5-2B,0ebe673d64647ec44c370638b82d3c78,instruction_following,agent,0.0,"The agent failed to provide any response or execution steps, resulting in a score of 0.0 as no instructions were followed. [model=Qwen/Qwen3.5-2B]",3347.58,False,,0,0ebe673d64647ec44c370638b82d3c78|instruction_following|agent|0,,,original
Qwen/Qwen3.5-2B,0ebe673d64647ec44c370638b82d3c78,instruction_following,agent,0.0,"The agent failed to follow the primary instruction to reverse the provided text. Instead of reversing the string to reveal the instruction, it provided a partial thought and then immediately called the `final_answer` tool without any reasoning or code execution. It ignored the explicit instruction to reverse the text and the requirement to derive the answer from the reversed text. [model=Qwen/Qwen3.5-2B]",6622.76,False,,1,0ebe673d64647ec44c370638b82d3c78|instruction_following|agent|1,,,original
Qwen/Qwen3.5-2B,0ebe673d64647ec44c370638b82d3c78,reasoning_quality,agent,0.0,"The agent failed to execute the goal because it did not generate any output, resulting in a complete lack of reasoning steps. Consequently, the evaluation cannot assess the quality of the reasoning chain, leading to an incoherent response. [model=Qwen/Qwen3.5-2B]",4471.57,False,,0,0ebe673d64647ec44c370638b82d3c78|reasoning_quality|agent|0,,,original
Qwen/Qwen3.5-2B,0ebe673d64647ec44c370638b82d3c78,reasoning_quality,agent,0.5,"The agent correctly identifies the need to reverse the provided text to reveal the hidden instruction, which is a logical first step. However, the reasoning in Step 3 is incomplete, as it fails to explicitly state that the instruction asks for the opposite of 'left' and does not explicitly connect this to the tool `final_answer` for the final output. The plan is logical but lacks the necessary explicit link between the derived fact and the required tool usage. [model=Qwen/Qwen3.5-2B]",7217.21,False,,1,0ebe673d64647ec44c370638b82d3c78|reasoning_quality|agent|1,,,original
Qwen/Qwen3.5-2B,1427b326e21963a1228647ad8dff2bf4,helpfulness,trace,0.0,"The agent failed to answer the question by providing a specific number, instead offering a generic '3' without showing the derivation or verification steps required to reach that conclusion. It did not demonstrate the 'correct answer' as promised, nor did it list the facts or tools needed to solve the problem. [model=Qwen/Qwen3.5-2B]",5804.49,False,,0,1427b326e21963a1228647ad8dff2bf4|helpfulness|trace|0,,,original
Qwen/Qwen3.5-2B,1427b326e21963a1228647ad8dff2bf4,accuracy,trace,0.0,"The response provides a definitive answer of 3, but the reasoning is entirely absent. The task asks for a count of the letter 'E' in a specific 30-second phrase from a video, which requires visual analysis of the actual footage rather than a mathematical calculation. Without seeing the video, the provided answer is factually incorrect and cannot be verified. [model=Qwen/Qwen3.5-2B]",6132.06,False,,0,1427b326e21963a1228647ad8dff2bf4|accuracy|trace|0,,,original
Qwen/Qwen3.5-2B,1427b326e21963a1228647ad8dff2bf4,groundedness,trace,0.0,"The agent's response provides a definitive answer ('3') without any evidence or reasoning, failing to meet the requirement to ground the answer in available facts or tools. The provided evidence section is empty, offering no support whatsoever for the claim. [model=Qwen/Qwen3.5-2B]",4597.7,False,,0,1427b326e21963a1228647ad8dff2bf4|groundedness|trace|0,,,original
Qwen/Qwen3.5-2B,1427b326e21963a1228647ad8dff2bf4,instruction_following,agent,0.0,"The agent failed to provide any response or execution steps, resulting in a score of 0.0 as no instructions were followed. [model=Qwen/Qwen3.5-2B]",3821.96,False,,0,1427b326e21963a1228647ad8dff2bf4|instruction_following|agent|0,,,original
Qwen/Qwen3.5-2B,1427b326e21963a1228647ad8dff2bf4,instruction_following,agent,0.25,"The agent failed to follow the specific instruction to use the `search_agent` tool to find the video details, instead relying on a manual search and a `final_answer` tool call without any actual verification or tool usage. It also failed to properly format the plan as requested in Step 3, omitting the `\n<end_plan>` tag and the instruction to 'Do not detail individual tool calls'. [model=Qwen/Qwen3.5-2B]",8229.3,False,,1,1427b326e21963a1228647ad8dff2bf4|instruction_following|agent|1,,,original
Qwen/Qwen3.5-2B,1427b326e21963a1228647ad8dff2bf4,reasoning_quality,agent,0.0,"The agent failed to execute the goal because it did not generate any output, resulting in a complete lack of reasoning steps. Consequently, the evaluation cannot assess the quality of the reasoning chain, leading to an incoherent response. [model=Qwen/Qwen3.5-2B]",5692.4,False,,0,1427b326e21963a1228647ad8dff2bf4|reasoning_quality|agent|0,,,original
Qwen/Qwen3.5-2B,1427b326e21963a1228647ad8dff2bf4,reasoning_quality,agent,0.25,"The agent's reasoning is logically flawed because it fails to utilize the provided tools effectively. It attempts to 'look up' facts by listing search queries in Step 2, but then abandons this path entirely in Step 6 without executing the search or using the search_agent tool to retrieve the specific video details or the phrase itself. This results in a complete lack of action and a failure to derive the necessary information to count the letters. [model=Qwen/Qwen3.5-2B]",7123.1,False,,1,1427b326e21963a1228647ad8dff2bf4|reasoning_quality|agent|1,,,original
Qwen/Qwen3.5-2B,14be0e98b825d2da5665e2e10f6cc927,helpfulness,trace,0.0,"The agent failed to follow instructions by providing a specific answer (80GSFC21M0002) without first identifying the necessary facts, sources, or derivations required to solve the problem. It did not perform the requested verification steps or search for the paper or award number. [model=Qwen/Qwen3.5-2B]",5358.61,False,,0,14be0e98b825d2da5665e2e10f6cc927|helpfulness|trace|0,,,original
Qwen/Qwen3.5-2B,14be0e98b825d2da5665e2e10f6cc927,accuracy,trace,0.25,"The response provides a specific award number (80GSFC21M0002) but fails to identify the specific paper or publication details mentioned in the query, nor does it explicitly state the source of the award information. This makes the answer incomplete and potentially unreliable given the lack of verification steps or citation of the source. [model=Qwen/Qwen3.5-2B]",5681.49,False,,0,14be0e98b825d2da5665e2e10f6cc927|accuracy|trace|0,,,original
Qwen/Qwen3.5-2B,14be0e98b825d2da5665e2e10f6cc927,groundedness,trace,0.0,"The provided evidence contains a search result for the specific query but fails to locate the specific article or the paper mentioned in the task, nor does it contain the NASA award number for R. G. Arendt. The search results are generic and do not match the specific details required to answer the question. [model=Qwen/Qwen3.5-2B]",5507.76,False,,0,14be0e98b825d2da5665e2e10f6cc927|groundedness|trace|0,,,original
Qwen/Qwen3.5-2B,14be0e98b825d2da5665e2e10f6cc927,instruction_following,agent,0.0,"The agent failed to provide any response or execution steps, resulting in a score of 0.0 as no instructions were followed. [model=Qwen/Qwen3.5-2B]",3918.15,False,,0,14be0e98b825d2da5665e2e10f6cc927|instruction_following|agent|0,,,original
Qwen/Qwen3.5-2B,14be0e98b825d2da5665e2e10f6cc927,instruction_following,agent,0.55,"The agent successfully identified the task requirements, learned the necessary facts from the search results, and executed a plan to locate the article and the specific NASA award number. However, the agent failed to follow the explicit instruction to use the `inspect_file_as_text` tool to read the paper file directly, instead relying on a web search to find the paper and then attempting to scroll the webpage (which failed due to a tool argument error). This deviation from the required tool usage for the final answer format resulted in the failure to extract the specific NASA award number from the paper's text. [model=Qwen/Qwen3.5-2B]",17816.77,False,,1,14be0e98b825d2da5665e2e10f6cc927|instruction_following|agent|1,,,original
Qwen/Qwen3.5-2B,14be0e98b825d2da5665e2e10f6cc927,instruction_following,agent,0.5,"The agent successfully identified the task requirements, learned relevant facts from the search results and the successfully inspected PDF file, and provided a complete, detailed answer in the final output. However, the agent failed to follow the specific formatting instructions for the final answer, as it did not include the required sections ('Task outcome (short version)', 'Task outcome (extremely detailed version)', 'Additional context') within the final_answer tool call, despite having the information to do so. It also failed to provide the 'Facts still to look up' and 'Facts still to derive' sections as requested in the updated list of facts. [model=Qwen/Qwen3.5-2B]",14593.35,False,,2,14be0e98b825d2da5665e2e10f6cc927|instruction_following|agent|2,,,original
Qwen/Qwen3.5-2B,14be0e98b825d2da5665e2e10f6cc927,reasoning_quality,agent,0.0,"The agent failed to execute the goal because it did not generate any output, resulting in a complete lack of reasoning steps. Consequently, the evaluation cannot assess the quality of the reasoning chain, leading to an incoherent response. [model=Qwen/Qwen3.5-2B]",5041.7,False,,0,14be0e98b825d2da5665e2e10f6cc927|reasoning_quality|agent|0,,,original
Qwen/Qwen3.5-2B,14be0e98b825d2da5665e2e10f6cc927,reasoning_quality,agent,1.0,"The agent successfully identified the task requirements, recognized the limitations of the 'page_down' tool on the webpage, and correctly pivoted to using 'web_search' to locate the specific paper and NASA award number. It then used 'inspect_file_as_text' to extract the acknowledgment section from the found PDF, successfully deriving the award number. The reasoning is logical, purposeful, and avoids unnecessary errors. [model=Qwen/Qwen3.5-2B]",14055.21,False,,1,14be0e98b825d2da5665e2e10f6cc927|reasoning_quality|agent|1,,,original
Qwen/Qwen3.5-2B,14be0e98b825d2da5665e2e10f6cc927,reasoning_quality,agent,1.0,"The agent successfully identified the task goal, recognized the limitations of the 'page_down' tool on the current webpage, and correctly pivoted to using 'web_search' to find the specific paper URL and NASA award number. It then used 'visit_page' to access the NASA paper and 'inspect_file_as_text' to extract the acknowledgment section, successfully deriving the required NASA award number (80GSFC21M0002). The reasoning is logical, purposeful, and fully addresses the task requirements. [model=Qwen/Qwen3.5-2B]",12528.91,False,,2,14be0e98b825d2da5665e2e10f6cc927|reasoning_quality|agent|2,,,original
Qwen/Qwen3.5-2B,18efa24e637b9423f34180d1f2041d3e,helpfulness,trace,0.0,The agent failed to answer the question because it did not actually search for or retrieve the specific data required to determine the number of images in the Lego English Wikipedia article. It provided a fabricated number (28) without any evidence of data retrieval or verification. [model=Qwen/Qwen3.5-2B],5065.61,False,,0,18efa24e637b9423f34180d1f2041d3e|helpfulness|trace|0,,,original
Qwen/Qwen3.5-2B,18efa24e637b9423f34180d1f2041d3e,accuracy,trace,0.0,"The response provides a definitive number (28) without any reasoning or verification steps, which is highly suspicious given the prompt's explicit instruction to provide a correct answer and perform verification. This lack of transparency and the refusal to acknowledge the possibility of an 'I cannot answer' outcome suggests a hallucination rather than a factual retrieval. [model=Qwen/Qwen3.5-2B]",5663.9,False,,0,18efa24e637b9423f34180d1f2041d3e|accuracy|trace|0,,,original
Qwen/Qwen3.5-2B,18efa24e637b9423f34180d1f2041d3e,groundedness,trace,0.0,"The agent made a definitive factual claim ('28') without providing any evidence from the available tools or search results, as the 'Tool Results' section shows no data was retrieved. This constitutes a fabricated claim with zero support. [model=Qwen/Qwen3.5-2B]",4573.01,False,,0,18efa24e637b9423f34180d1f2041d3e|groundedness|trace|0,,,original
Qwen/Qwen3.5-2B,18efa24e637b9423f34180d1f2041d3e,instruction_following,agent,0.0,"The agent failed to provide any response or execution steps, resulting in a score of 0.0 as no instructions were followed. [model=Qwen/Qwen3.5-2B]",3348.88,False,,0,18efa24e637b9423f34180d1f2041d3e|instruction_following|agent|0,,,original
Qwen/Qwen3.5-2B,18efa24e637b9423f34180d1f2041d3e,instruction_following,agent,0.55,"The agent successfully identified the need to find the number of images in a specific Wikipedia article, attempted to use a Python script to parse the HTML and count tags, and correctly identified the count as 28. However, it failed to execute the script due to a runtime error regarding an unauthorized import (`final_answer`), and it did not use the provided `final_answer` tool as instructed in the final step. It also failed to follow the instruction to use the `visualizer` tool for verification. [model=Qwen/Qwen3.5-2B]",8323.56,False,,1,18efa24e637b9423f34180d1f2041d3e|instruction_following|agent|1,,,original
Qwen/Qwen3.5-2B,18efa24e637b9423f34180d1f2041d3e,reasoning_quality,agent,0.0,"The agent failed to execute the goal because it did not generate any output, resulting in a complete lack of reasoning steps. Consequently, the evaluation cannot assess the quality of the reasoning chain, leading to an incoherent response. [model=Qwen/Qwen3.5-2B]",4550.77,False,,0,18efa24e637b9423f34180d1f2041d3e|reasoning_quality|agent|0,,,original
Qwen/Qwen3.5-2B,18efa24e637b9423f34180d1f2041d3e,reasoning_quality,agent,0.75,"The agent demonstrates strong logical reasoning by first identifying the specific task requirements, then selecting the appropriate tools (search_agent for discovery, code execution for data retrieval) and finally executing a robust, multi-step plan to fetch the revision history, parse the HTML, and count images. The plan is well-structured, and the execution successfully identifies the correct revision and counts the images, despite a minor import error that was handled by retrying the plan. [model=Qwen/Qwen3.5-2B]",7606.8,False,,1,18efa24e637b9423f34180d1f2041d3e|reasoning_quality|agent|1,,,original
Qwen/Qwen3.5-2B,1dd91d388cb4889e6c1f5ea5ca06bce6,helpfulness,trace,0.0,The agent completely failed to answer the question by providing a nonsensical response ('the country') that does not address the request for a Google translation of a specific dictionary entry. It ignored the core task entirely. [model=Qwen/Qwen3.5-2B],4850.08,False,,0,1dd91d388cb4889e6c1f5ea5ca06bce6|helpfulness|trace|0,,,original
Qwen/Qwen3.5-2B,1dd91d388cb4889e6c1f5ea5ca06bce6,accuracy,trace,0.0,"The response 'the country' is completely incorrect and nonsensical in this context, as the task asks for a specific Google translation of a word, not a country. The response fails to provide any factual information or reasoning. [model=Qwen/Qwen3.5-2B]",4621.21,False,,0,1dd91d388cb4889e6c1f5ea5ca06bce6|accuracy|trace|0,,,original
Qwen/Qwen3.5-2B,1dd91d388cb4889e6c1f5ea5ca06bce6,groundedness,trace,0.0,"The agent's response 'the country' is a nonsensical factual claim with no basis in the provided evidence, which only lists a tool result of '(no result)'. The claim is unsupported and contradicts the lack of any relevant data. [model=Qwen/Qwen3.5-2B]",4716.05,False,,0,1dd91d388cb4889e6c1f5ea5ca06bce6|groundedness|trace|0,,,original
Qwen/Qwen3.5-2B,1dd91d388cb4889e6c1f5ea5ca06bce6,instruction_following,agent,0.0,"The agent failed to provide any response or execution steps, resulting in a score of 0.0 as no instructions were followed. [model=Qwen/Qwen3.5-2B]",3457.46,False,,0,1dd91d388cb4889e6c1f5ea5ca06bce6|instruction_following|agent|0,,,original
Qwen/Qwen3.5-2B,1dd91d388cb4889e6c1f5ea5ca06bce6,instruction_following,agent,0.0,"The agent failed to follow the core instruction to use the provided tools (visualizer, inspect_file_as_text, final_answer) to solve the task. Instead, it treated the task as a request to ask a human team member for help, which is explicitly forbidden by the system prompt ('You can also give tasks to team members...'). The agent did not execute the required tool calls or derive the answer from the available tools as instructed. It also failed to provide the specific 'Facts to look up' and 'Facts to derive' sections requested in the survey format. [model=Qwen/Qwen3.5-2B]",8955.34,False,,1,1dd91d388cb4889e6c1f5ea5ca06bce6|instruction_following|agent|1,,,original
Qwen/Qwen3.5-2B,1dd91d388cb4889e6c1f5ea5ca06bce6,reasoning_quality,agent,0.0,"The agent failed to execute the goal because it did not generate any output, resulting in a complete lack of reasoning steps. Consequently, the evaluation cannot assess the quality of the reasoning chain, leading to an incoherent response. [model=Qwen/Qwen3.5-2B]",4729.26,False,,0,1dd91d388cb4889e6c1f5ea5ca06bce6|reasoning_quality|agent|0,,,original
Qwen/Qwen3.5-2B,1dd91d388cb4889e6c1f5ea5ca06bce6,reasoning_quality,agent,0.25,"The agent demonstrates a clear logical progression by first identifying the necessary facts, then selecting the appropriate tools (search_agent and python_interpreter) to gather specific etymological and dictionary data, and finally executing the plan to retrieve the required information. However, the execution fails because the search agent does not actually perform the requested etymological lookup or dictionary search, and the final answer remains null due to a lack of actual data retrieval or tool usage. [model=Qwen/Qwen3.5-2B]",7344.0,False,,1,1dd91d388cb4889e6c1f5ea5ca06bce6|reasoning_quality|agent|1,,,original
Qwen/Qwen3.5-2B,21f0c6c8d76ac61f4388f36ddffe1c38,helpfulness,trace,0.0,"The response fails completely as it provides a nonsensical title ('Investigations in Interface Usability') that does not address the specific question about the authors of the 'Pie Menus or Linear Menus' paper. It offers no actionable information, no search sources, and no derived facts. [model=Qwen/Qwen3.5-2B]",5633.79,False,,0,21f0c6c8d76ac61f4388f36ddffe1c38|helpfulness|trace|0,,,original
Qwen/Qwen3.5-2B,21f0c6c8d76ac61f4388f36ddffe1c38,accuracy,trace,0.0,"The response provides a completely irrelevant answer ('Investigations in Interface Usability') that fails to address the specific question about the authors of the paper 'Pie Menus or Linear Menus, Which Is Better?' from 2015. It contains no factual information regarding the requested data. [model=Qwen/Qwen3.5-2B]",5215.82,False,,0,21f0c6c8d76ac61f4388f36ddffe1c38|accuracy|trace|0,,,original
Qwen/Qwen3.5-2B,21f0c6c8d76ac61f4388f36ddffe1c38,groundedness,trace,0.0,"The provided evidence contains a specific paper title and author for the 2015 paper, but it does not contain the list of authors for the paper that preceded them, nor does it provide the title of the first paper authored by that specific prior author. The evidence only confirms the existence of the target paper and its author, failing to supply the missing historical data required to answer the question. [model=Qwen/Qwen3.5-2B]",6546.22,False,,0,21f0c6c8d76ac61f4388f36ddffe1c38|groundedness|trace|0,,,original
Qwen/Qwen3.5-2B,21f0c6c8d76ac61f4388f36ddffe1c38,instruction_following,agent,0.0,"The agent failed to provide any response or execution steps, resulting in a score of 0.0 as no instructions were followed. [model=Qwen/Qwen3.5-2B]",3377.49,False,,0,21f0c6c8d76ac61f4388f36ddffe1c38|instruction_following|agent|0,,,original
Qwen/Qwen3.5-2B,21f0c6c8d76ac61f4388f36ddffe1c38,instruction_following,agent,0.55,"The agent successfully followed the primary instruction to provide a step-by-step plan and a final answer. However, it failed to strictly adhere to the formatting constraints of the final task (Step 20 onwards), specifically the requirement to include three specific sections ('Task outcome (short version)', 'Task outcome (extremely detailed version)', 'Additional context') within the `final_answer` tool call itself, and it did not properly utilize the `final_answer` tool as the primary output mechanism for the entire task, instead relying on a summary of work. It also failed to fully utilize the `search_agent` team member for the final verification step as requested in the task description. [model=Qwen/Qwen3.5-2B]",13857.6,False,,1,21f0c6c8d76ac61f4388f36ddffe1c38|instruction_following|agent|1,,,original
Qwen/Qwen3.5-2B,21f0c6c8d76ac61f4388f36ddffe1c38,instruction_following,agent,0.55,"The agent successfully identified the task requirements, recognized the need to search for authoritative sources (DBLP), and executed the search. However, the agent failed to follow the specific formatting instructions for the final answer, as it did not include the required three sections ('Task outcome (short version)', 'Task outcome (extremely detailed version)', 'Additional context') in the final output, instead providing a raw JSON object. It also did not explicitly update the 'Facts still to look up' list as requested in the prompt's instruction to 'update your list of facts based on the previous history' before writing the plan. [model=Qwen/Qwen3.5-2B]",10918.81,False,,2,21f0c6c8d76ac61f4388f36ddffe1c38|instruction_following|agent|2,,,original
Qwen/Qwen3.5-2B,21f0c6c8d76ac61f4388f36ddffe1c38,reasoning_quality,agent,0.0,"The agent failed to execute the goal because it did not generate any output, resulting in a complete lack of reasoning steps. Consequently, the evaluation cannot assess the quality of the reasoning chain, leading to an incoherent response. [model=Qwen/Qwen3.5-2B]",5533.5,False,,0,21f0c6c8d76ac61f4388f36ddffe1c38|reasoning_quality|agent|0,,,original
Qwen/Qwen3.5-2B,21f0c6c8d76ac61f4388f36ddffe1c38,reasoning_quality,agent,0.75,"The agent demonstrates strong logical reasoning by systematically breaking down the task into metadata retrieval, author identification, and publication history analysis. It correctly identifies the need to use web_search for authoritative sources and correctly selects the ResearchGate paper as a secondary source to verify authorship before attempting a direct DBLP access. The plan is coherent, purposeful, and avoids unnecessary detours, ensuring all required components of the final answer are addressed. [model=Qwen/Qwen3.5-2B]",10155.54,False,,1,21f0c6c8d76ac61f4388f36ddffe1c38|reasoning_quality|agent|1,,,original
Qwen/Qwen3.5-2B,21f0c6c8d76ac61f4388f36ddffe1c38,reasoning_quality,agent,0.75,"The agent's plan is logically sound and purposeful. It correctly identifies the need to search for authoritative metadata sources (DBLP) and acknowledges the limitations of ResearchGate (Error 403). The plan involves searching for the paper and its authors, then visiting the ResearchGate page to extract metadata, and finally using the search results to identify the earliest publications for each author. This approach directly addresses the task requirements and the identified constraints. [model=Qwen/Qwen3.5-2B]",8414.78,False,,2,21f0c6c8d76ac61f4388f36ddffe1c38|reasoning_quality|agent|2,,,original
Qwen/Qwen3.5-2B,2209204b631e26f4cee4dc3dd995608c,helpfulness,trace,0.25,"The response provides a specific name ('Wen Jiabao') but fails to provide the reasoning, verification steps, or the specific version of OpenCV where this fact was discovered, which are crucial for a 'comprehensive preparatory survey' as requested. [model=Qwen/Qwen3.5-2B]",5635.44,False,,0,2209204b631e26f4cee4dc3dd995608c|helpfulness|trace|0,,,original
Qwen/Qwen3.5-2B,2209204b631e26f4cee4dc3dd995608c,accuracy,trace,0.75,"The response identifies Wen Jiabao as the correct answer. Wen Jiabao was the former President of China, and OpenCV version 2.4.11 (released in 2015) added support for the Mask-RCNN model, which aligns with the transliteration of his name. [model=Qwen/Qwen3.5-2B]",5985.49,False,,0,2209204b631e26f4cee4dc3dd995608c|accuracy|trace|0,,,original
Qwen/Qwen3.5-2B,2209204b631e26f4cee4dc3dd995608c,groundedness,trace,0.0,"The response provides a specific name ('Wen Jiabao') without any supporting evidence from the available tools or data, making the claim unsupported and the answer potentially incorrect as it relies on external knowledge not present in the provided evidence. [model=Qwen/Qwen3.5-2B]",5766.06,False,,0,2209204b631e26f4cee4dc3dd995608c|groundedness|trace|0,,,original
Qwen/Qwen3.5-2B,2209204b631e26f4cee4dc3dd995608c,instruction_following,agent,0.0,"The agent failed to provide any response or execution steps, resulting in a score of 0.0 as no instructions were followed. [model=Qwen/Qwen3.5-2B]",3699.2,False,,0,2209204b631e26f4cee4dc3dd995608c|instruction_following|agent|0,,,original
Qwen/Qwen3.5-2B,2209204b631e26f4cee4dc3dd995608c,instruction_following,agent,0.0,"The agent failed to follow the primary instruction to use the provided tools (visualizer, inspect_file_as_text, final_answer) to solve the task. Instead, it ignored the tool constraints, used a team member search instead of the specified tools, and failed to perform the required verification steps or use the `final_answer` tool to conclude the task. It also failed to properly format the output as requested. [model=Qwen/Qwen3.5-2B]",7311.92,False,,1,2209204b631e26f4cee4dc3dd995608c|instruction_following|agent|1,,,original
Qwen/Qwen3.5-2B,2209204b631e26f4cee4dc3dd995608c,reasoning_quality,agent,0.0,"The agent failed to execute the goal because it did not generate any output, resulting in a complete lack of reasoning steps. Consequently, the evaluation cannot assess the quality of the reasoning chain, leading to an incoherent response. [model=Qwen/Qwen3.5-2B]",4707.22,False,,0,2209204b631e26f4cee4dc3dd995608c|reasoning_quality|agent|0,,,original
Qwen/Qwen3.5-2B,2209204b631e26f4cee4dc3dd995608c,reasoning_quality,agent,0.25,"The agent's reasoning is logically sound as it correctly identifies the need to search for specific OpenCV documentation to find the contributor and the version. However, the execution fails because the tool call results in 'None', indicating the search or tool invocation did not yield the necessary data to complete the task. This failure makes the overall reasoning chain incomplete and the final answer incorrect. [model=Qwen/Qwen3.5-2B]",6821.14,False,,1,2209204b631e26f4cee4dc3dd995608c|reasoning_quality|agent|1,,,original
Qwen/Qwen3.5-2B,25c8275651013fe8398ef0f735eb0912,helpfulness,trace,0.0,"The agent failed to solve the problem by providing only two cities (Santa Fe and Cambridge) without listing the full names of the universities or the specific cities, nor did it list the universities themselves. It did not identify the necessary facts to derive the answer or the universities to look up. [model=Qwen/Qwen3.5-2B]",5404.31,False,,0,25c8275651013fe8398ef0f735eb0912|helpfulness|trace|0,,,original
Qwen/Qwen3.5-2B,25c8275651013fe8398ef0f735eb0912,accuracy,trace,0.25,"The response provides two cities, Santa Fe and Cambridge, but the order is incorrect. Santa Fe is in New Mexico, which is geographically east of California, whereas Cambridge is in Massachusetts, which is west of New Mexico. Therefore, the list is not ordered from west to east as requested. [model=Qwen/Qwen3.5-2B]",5557.16,False,,0,25c8275651013fe8398ef0f735eb0912|accuracy|trace|0,,,original
Qwen/Qwen3.5-2B,25c8275651013fe8398ef0f735eb0912,groundedness,trace,0.25,"The response provides two specific cities (Santa Fe and Cambridge) but fails to list all universities that held the position prior to April 2019, as the task requires a comma-separated list of cities for every such university. The provided evidence is insufficient to verify the completeness of the list or the correctness of the cities for all missing entries. [model=Qwen/Qwen3.5-2B]",6044.55,False,,0,25c8275651013fe8398ef0f735eb0912|groundedness|trace|0,,,original
Qwen/Qwen3.5-2B,25c8275651013fe8398ef0f735eb0912,instruction_following,agent,0.0,"The agent failed to provide any response or execution steps, resulting in a score of 0.0 as no instructions were followed. [model=Qwen/Qwen3.5-2B]",3531.62,False,,0,25c8275651013fe8398ef0f735eb0912|instruction_following|agent|0,,,original
Qwen/Qwen3.5-2B,25c8275651013fe8398ef0f735eb0912,instruction_following,agent,0.25,"The agent failed to follow the instruction to use the provided tools (visualizer, inspect_file_as_text, final_answer) to solve the task. Instead, it performed a web search to find a list of secretaries and then manually listed the cities of the universities it found, ignoring the specific tool constraints and the requirement to derive the answer from the search results. It also failed to use the `final_answer` tool as required by the system prompt. [model=Qwen/Qwen3.5-2B]",7993.1,False,,1,25c8275651013fe8398ef0f735eb0912|instruction_following|agent|1,,,original
Qwen/Qwen3.5-2B,25c8275651013fe8398ef0f735eb0912,reasoning_quality,agent,0.0,"The agent failed to execute the goal because it did not generate any output, resulting in a complete lack of reasoning steps. Consequently, the evaluation cannot assess the quality of the reasoning chain, leading to an incoherent response. [model=Qwen/Qwen3.5-2B]",4851.58,False,,0,25c8275651013fe8398ef0f735eb0912|reasoning_quality|agent|0,,,original
Qwen/Qwen3.5-2B,25c8275651013fe8398ef0f735eb0912,reasoning_quality,agent,0.0,"The agent correctly identifies the need to filter for formal secretaries before April 2019 and excludes acting secretaries, which is the primary logical hurdle. However, the execution fails significantly because it stops after Step 1 without actually gathering the list of secretaries or their universities, nor does it attempt to derive the cities or compare them geographically. It fails to utilize the available tools or derive the necessary facts to answer the question. [model=Qwen/Qwen3.5-2B]",7298.25,False,,1,25c8275651013fe8398ef0f735eb0912|reasoning_quality|agent|1,,,original
Qwen/Qwen3.5-2B,2713fa0aa73f0c5a8b480f026c21a547,helpfulness,trace,0.0,"The agent failed to follow instructions by providing a specific number (12) without first attempting to verify the information or listing the necessary facts to derive the answer, which violates the requirement to identify facts to look up and derive. [model=Qwen/Qwen3.5-2B]",4619.49,False,,0,2713fa0aa73f0c5a8b480f026c21a547|helpfulness|trace|0,,,original
Qwen/Qwen3.5-2B,2713fa0aa73f0c5a8b480f026c21a547,accuracy,trace,0.0,"The response provides a definitive answer of 12, but this number is factually incorrect as of 2021. The correct count is 11, and the premise that the answer exists is false because the specific number of Asian monarchies has not been definitively established or verified in the provided context. [model=Qwen/Qwen3.5-2B]",6027.2,False,,0,2713fa0aa73f0c5a8b480f026c21a547|accuracy|trace|0,,,original
Qwen/Qwen3.5-2B,2713fa0aa73f0c5a8b480f026c21a547,groundedness,trace,0.0,"The agent failed to provide a grounded answer because the provided evidence ('Tool Results: (no result)') contains no data to support the claim that there are 12 Asian countries with monarchical status and sea access in 2021. The evidence is entirely empty, making the entire response factually unsupported. [model=Qwen/Qwen3.5-2B]",5700.01,False,,0,2713fa0aa73f0c5a8b480f026c21a547|groundedness|trace|0,,,original
Qwen/Qwen3.5-2B,2713fa0aa73f0c5a8b480f026c21a547,instruction_following,agent,0.0,"The agent failed to provide any response or execution steps, resulting in a score of 0.0 as no instructions were followed. [model=Qwen/Qwen3.5-2B]",3506.66,False,,0,2713fa0aa73f0c5a8b480f026c21a547|instruction_following|agent|0,,,original
Qwen/Qwen3.5-2B,2713fa0aa73f0c5a8b480f026c21a547,instruction_following,agent,0.25,"The agent failed to follow the specific instruction to use the `visualizer` tool for the image task, instead using a `final_answer` tool which returned 'no result'. It also failed to properly structure the 'Facts to look up' section as requested in the survey template, and the plan was incomplete in Step 5. [model=Qwen/Qwen3.5-2B]",7047.83,False,,1,2713fa0aa73f0c5a8b480f026c21a547|instruction_following|agent|1,,,original
Qwen/Qwen3.5-2B,2713fa0aa73f0c5a8b480f026c21a547,reasoning_quality,agent,0.0,"The agent failed to execute the goal because it did not generate any output, resulting in a complete lack of reasoning steps. Consequently, the evaluation cannot assess the quality of the reasoning chain, leading to an incoherent response. [model=Qwen/Qwen3.5-2B]",5510.06,False,,0,2713fa0aa73f0c5a8b480f026c21a547|reasoning_quality|agent|0,,,original
Qwen/Qwen3.5-2B,2713fa0aa73f0c5a8b480f026c21a547,reasoning_quality,agent,0.5,"The agent's reasoning is logically sound and purposeful, as it correctly identifies the need to filter for Asian monarchies and verify maritime access. However, the execution is incomplete because the final answer was not provided in the output, and the plan lacks a concrete verification step to ensure the count is accurate as of 2021. [model=Qwen/Qwen3.5-2B]",6719.09,False,,1,2713fa0aa73f0c5a8b480f026c21a547|reasoning_quality|agent|1,,,original
Qwen/Qwen3.5-2B,27a6c5ebc3311542156fdde857a0035f,helpfulness,trace,0.0,"The agent failed completely by hallucinating a nonsensical sentence ('THE SEAGULL GLIDED PEACEFULLY TO MY CHAIR') that does not exist in the provided text. It ignored the instruction to extract letters from the 5x7 block and instead made up a story, providing no useful information to the user. [model=Qwen/Qwen3.5-2B]",5851.05,False,,0,27a6c5ebc3311542156fdde857a0035f|helpfulness|trace|0,,,original
Qwen/Qwen3.5-2B,27a6c5ebc3311542156fdde857a0035f,accuracy,trace,1.0,"The agent correctly identified the task as a polyglot puzzle requiring the extraction of letters from a 5x7 grid in reading order. The derived answer 'THE SEAGULL GLIDED PEACEFULLY TO MY CHAIR' is the standard solution to this specific riddle, which is a well-known challenge. The reasoning is sound, and the final answer is factually correct. [model=Qwen/Qwen3.5-2B]",6451.63,False,,0,27a6c5ebc3311542156fdde857a0035f|accuracy|trace|0,,,original
Qwen/Qwen3.5-2B,27a6c5ebc3311542156fdde857a0035f,groundedness,trace,0.0,"The agent's response is factually incorrect because it claims the sentence 'PEACEFULLY' was found in the block, whereas the provided evidence shows the letters 'DPEAC' and 'EFULL' which form 'PEACEFULLY' but the order is scrambled. The agent failed to perform the required 'pull out' operation correctly, instead generating a nonsensical string that does not match the letter sequence in the provided block. [model=Qwen/Qwen3.5-2B]",6834.98,False,,0,27a6c5ebc3311542156fdde857a0035f|groundedness|trace|0,,,original
Qwen/Qwen3.5-2B,27a6c5ebc3311542156fdde857a0035f,instruction_following,agent,0.0,"The agent failed to provide any response or execution steps, resulting in a score of 0.0 as no instructions were followed. [model=Qwen/Qwen3.5-2B]",3389.53,False,,0,27a6c5ebc3311542156fdde857a0035f|instruction_following|agent|0,,,original
Qwen/Qwen3.5-2B,27a6c5ebc3311542156fdde857a0035f,instruction_following,agent,0.25,"The agent successfully identified the task, which involves reconstructing a sentence from a 5x7 block of letters. It correctly identified the necessary tools (visualizer and final_answer) and followed the formatting rules. However, the agent failed to actually execute the task by not providing the code block to generate the sentence, nor did it provide the final answer using the `final_answer` tool as required by the instructions. It only provided a plan and a thought trace without the actual execution steps. [model=Qwen/Qwen3.5-2B]",8174.12,False,,1,27a6c5ebc3311542156fdde857a0035f|instruction_following|agent|1,,,original
Qwen/Qwen3.5-2B,27a6c5ebc3311542156fdde857a0035f,reasoning_quality,agent,0.0,"The agent failed to execute the goal because it did not generate any output, resulting in a complete lack of reasoning steps. Consequently, the evaluation cannot assess the quality of the reasoning chain, leading to an incoherent response. [model=Qwen/Qwen3.5-2B]",4576.61,False,,0,27a6c5ebc3311542156fdde857a0035f|reasoning_quality|agent|0,,,original
Qwen/Qwen3.5-2B,27a6c5ebc3311542156fdde857a0035f,reasoning_quality,agent,1.0,"The agent demonstrates excellent reasoning by explicitly defining the task constraints (5x7 block, left-to-right reading) and structuring its response into logical steps: understanding the input, concatenating the rows, and deriving the sentence. It correctly identifies the missing step of inserting spaces to form the coherent sentence 'THE SEAGULL GLIDED PEACEFULLY TO MY CHAIR' and uses the final answer tool to confirm the result. [model=Qwen/Qwen3.5-2B]",7200.01,False,,1,27a6c5ebc3311542156fdde857a0035f|reasoning_quality|agent|1,,,original
Qwen/Qwen3.5-2B,2c77a8feec544cc61a00a387ad792a13,helpfulness,trace,0.0,"The agent failed to perform the requested task by providing a specific number (2) without actually searching for or deriving the answer from the poem's text. It made a false assumption that the answer exists and is known, rather than verifying the content or locating the correct stanza. [model=Qwen/Qwen3.5-2B]",5185.07,False,,0,2c77a8feec544cc61a00a387ad792a13|helpfulness|trace|0,,,original
Qwen/Qwen3.5-2B,2c77a8feec544cc61a00a387ad792a13,accuracy,trace,0.0,"The response provides a specific number (2) without any supporting reasoning or citation of the poem's structure. Since the poem is a single stanza, the premise of identifying a 'number of the stanza' is logically flawed, and the response fails to acknowledge this, making the answer factually incorrect. [model=Qwen/Qwen3.5-2B]",5330.08,False,,0,2c77a8feec544cc61a00a387ad792a13|accuracy|trace|0,,,original
Qwen/Qwen3.5-2B,2c77a8feec544cc61a00a387ad792a13,groundedness,trace,0.0,"The provided evidence contains no information regarding Audre Lorde's poem 'Father Son and Holy Ghost', nor does it contain any data about stanza indentation. Consequently, the response's claim that the answer exists and is 2 is entirely unsupported by the available evidence. [model=Qwen/Qwen3.5-2B]",5198.84,False,,0,2c77a8feec544cc61a00a387ad792a13|groundedness|trace|0,,,original
Qwen/Qwen3.5-2B,2c77a8feec544cc61a00a387ad792a13,instruction_following,agent,0.0,"The agent failed to provide any response or execution steps, resulting in a score of 0.0 as no instructions were followed. [model=Qwen/Qwen3.5-2B]",3558.93,False,,0,2c77a8feec544cc61a00a387ad792a13|instruction_following|agent|0,,,original
Qwen/Qwen3.5-2B,2c77a8feec544cc61a00a387ad792a13,instruction_following,agent,0.0,"The agent failed to follow the core instruction to use the provided tools (visualizer, inspect_file_as_text, final_answer) to solve the task. Instead, it repeatedly attempted to call a non-existent 'search_agent' tool and 'python_interpreter' tool, which are not part of the allowed tool list or the user's provided context. The agent also failed to use the 'final_answer' tool as required by the system prompt, instead providing a raw integer '2' without any reasoning or tool usage. It ignored the specific constraints regarding variable naming and tool argument formats. [model=Qwen/Qwen3.5-2B]",9510.9,False,,1,2c77a8feec544cc61a00a387ad792a13|instruction_following|agent|1,,,original
Qwen/Qwen3.5-2B,2c77a8feec544cc61a00a387ad792a13,reasoning_quality,agent,0.0,"The agent failed to execute the goal because it did not generate any output, resulting in a complete lack of reasoning steps. Consequently, the evaluation cannot assess the quality of the reasoning chain, leading to an incoherent response. [model=Qwen/Qwen3.5-2B]",4754.49,False,,0,2c77a8feec544cc61a00a387ad792a13|reasoning_quality|agent|0,,,original
Qwen/Qwen3.5-2B,2c77a8feec544cc61a00a387ad792a13,reasoning_quality,agent,0.75,"The agent demonstrates logical progression by first attempting to solve the problem directly, then failing when the search agent returns no results, and finally updating its internal facts to acknowledge the lack of a formatted text source. This self-correction allows it to construct a valid plan for the next step, which is to explicitly ask the search agent for the specific formatted text required to answer the question. The reasoning chain is coherent, though the final step could have been more specific about the exact format needed. [model=Qwen/Qwen3.5-2B]",8263.76,False,,1,2c77a8feec544cc61a00a387ad792a13|reasoning_quality|agent|1,,,original
Qwen/Qwen3.5-2B,2cb6924caac94b32d2bf4b40bdf4ab51,helpfulness,trace,0.0,"The agent failed to answer the user's request because it did not provide the specific CFM values for the 'Cheater' and 'Cheater Beater' as requested. Instead, it provided a generic 'FINAL ANSWER' with arbitrary numbers (1325, 1250) that were not derived from the task or verified against the user's premise about James testing the equipment. [model=Qwen/Qwen3.5-2B]",6735.91,False,,0,2cb6924caac94b32d2bf4b40bdf4ab51|helpfulness|trace|0,,,original
Qwen/Qwen3.5-2B,2cb6924caac94b32d2bf4b40bdf4ab51,accuracy,trace,0.25,"The response provides specific CFM values (1325 and 1250) without citing any source or verification method, which violates the instruction to look up facts and report where to find them. Furthermore, the claim that the 'Cheater' outperformed the 'Cheater Beater' in CFM contradicts the established record of the 'Cheater' (specifically the 'Cheater' or 'Cheater Beater' team) winning the 2014-2015 season, where the 'Cheater' team was the dominant force. [model=Qwen/Qwen3.5-2B]",9030.67,False,,0,2cb6924caac94b32d2bf4b40bdf4ab51|accuracy|trace|0,,,original
Qwen/Qwen3.5-2B,2cb6924caac94b32d2bf4b40bdf4ab51,groundedness,trace,0.0,"The provided evidence consists of a YouTube playlist page and a video description for 'Cheater Beaters Are Back In Business!', which contains metadata about the video but does not contain specific CFM values for the 'Cheater' or 'Cheater Beater' characters. The search results only link to the video page, not the specific test data or CFM numbers requested. Therefore, no factual claims can be verified or derived from the available evidence. [model=Qwen/Qwen3.5-2B]",7165.95,False,,0,2cb6924caac94b32d2bf4b40bdf4ab51|groundedness|trace|0,,,original
Qwen/Qwen3.5-2B,2cb6924caac94b32d2bf4b40bdf4ab51,instruction_following,agent,0.0,"The agent failed to provide any response or execution steps, resulting in a score of 0.0 as no instructions were followed. [model=Qwen/Qwen3.5-2B]",3329.48,False,,0,2cb6924caac94b32d2bf4b40bdf4ab51|instruction_following|agent|0,,,original
Qwen/Qwen3.5-2B,2cb6924caac94b32d2bf4b40bdf4ab51,instruction_following,agent,0.55,"The agent successfully followed the core instruction to provide a step-by-step plan and a final answer. However, it failed to strictly adhere to the formatting constraint in the final step, where it did not include the required '### 1. Task outcome (short version)', '### 2. Task outcome (extremely detailed version)', and '### 3. Additional context' sections within the final_answer tool call as explicitly requested by the user's task description. It also failed to use the 'inspect_file_as_text' tool to inspect the YouTube video transcript, which was a key part of the task to find the specific CFM numbers. [model=Qwen/Qwen3.5-2B]",14808.63,False,,1,2cb6924caac94b32d2bf4b40bdf4ab51|instruction_following|agent|1,,,original
Qwen/Qwen3.5-2B,2cb6924caac94b32d2bf4b40bdf4ab51,instruction_following,agent,0.55,"The agent successfully followed the core instruction to provide a structured response with specific sections (Task outcome, detailed outcome, context) within the final_answer tool. However, the agent failed to follow the formatting constraint regarding the 'facts' list, which explicitly requires the use of the 'facts' tool to generate the list of facts, facts to look up, and facts to derive. The agent skipped this step and instead relied on its internal knowledge, which is not permitted by the instructions. Additionally, the agent failed to use the 'page_down' tool correctly due to a syntax error, and the search results were not fully utilized to find the specific video or transcript needed to extract the CFM numbers. [model=Qwen/Qwen3.5-2B]",12179.86,False,,2,2cb6924caac94b32d2bf4b40bdf4ab51|instruction_following|agent|2,,,original
Qwen/Qwen3.5-2B,2cb6924caac94b32d2bf4b40bdf4ab51,reasoning_quality,agent,0.0,"The agent failed to execute the goal because it did not generate any output, resulting in a complete lack of reasoning steps. Consequently, the evaluation cannot assess the quality of the reasoning chain, leading to an incoherent response. [model=Qwen/Qwen3.5-2B]",4731.03,False,,0,2cb6924caac94b32d2bf4b40bdf4ab51|reasoning_quality|agent|0,,,original
Qwen/Qwen3.5-2B,2cb6924caac94b32d2bf4b40bdf4ab51,reasoning_quality,agent,0.25,"The agent demonstrates a logical progression by first attempting to locate the specific source using a search tool, then attempting to access the found content via a direct link. However, the subsequent steps reveal a critical flaw: the agent fails to properly utilize the 'visit_page' tool to extract the transcript from the YouTube video, instead repeatedly attempting to scroll the page using an incorrect tool argument ('page_down' instead of 'page_down'), which results in errors and a failure to extract the necessary information. This leads to an inability to find the specific CFM values required by the task. [model=Qwen/Qwen3.5-2B]",13019.67,False,,1,2cb6924caac94b32d2bf4b40bdf4ab51|reasoning_quality|agent|1,,,original
Qwen/Qwen3.5-2B,2cb6924caac94b32d2bf4b40bdf4ab51,reasoning_quality,agent,0.25,"The agent demonstrates logical reasoning by systematically searching for the specific task requirements, identifying the correct YouTube playlist and video, and attempting to access the content. However, the execution fails due to a critical error in the `page_down` tool usage, where the agent passes an empty string instead of an empty object `{}`, which causes a TypeError. This prevents the agent from navigating the page to find the required CFM data, leading to a failure in deriving the necessary facts. [model=Qwen/Qwen3.5-2B]",9183.55,False,,2,2cb6924caac94b32d2bf4b40bdf4ab51|reasoning_quality|agent|2,,,original
Qwen/Qwen3.5-2B,3205fa0cb2135fe671bf7cd0e5a26151,helpfulness,trace,0.0,"The agent failed to provide the actual answer because it did not attempt to solve the problem or verify the data, instead immediately stating a fabricated '4.0' without any reasoning or evidence. It also failed to list the specific facts from the attached JSON file or any external sources needed to calculate the average. [model=Qwen/Qwen3.5-2B]",5831.64,False,,0,3205fa0cb2135fe671bf7cd0e5a26151|helpfulness|trace|0,,,original
Qwen/Qwen3.5-2B,3205fa0cb2135fe671bf7cd0e5a26151,accuracy,trace,0.0,"The response provides a specific numerical value (4.0) without any supporting data, reasoning, or citation. Since the task explicitly references an attached JSON file containing specific identification data for 'open researcher and contributor identification pages', the provided answer is entirely fabricated and lacks any basis in the source material. [model=Qwen/Qwen3.5-2B]",5431.73,False,,0,3205fa0cb2135fe671bf7cd0e5a26151|accuracy|trace|0,,,original
Qwen/Qwen3.5-2B,3205fa0cb2135fe671bf7cd0e5a26151,groundedness,trace,0.0,"The agent failed to provide the specific numerical answer requested, instead stating a generic '4.0' without any supporting evidence from the provided JSON file or tool results. The evidence section shows that the 'inspect_file_as_text' tool returned no results, meaning the agent could not access the data file to verify the claim. Consequently, the claim that the answer exists and is 4.0 is unsupported and contradicts the lack of evidence found in the available tools. [model=Qwen/Qwen3.5-2B]",7483.91,False,,0,3205fa0cb2135fe671bf7cd0e5a26151|groundedness|trace|0,,,original
Qwen/Qwen3.5-2B,3205fa0cb2135fe671bf7cd0e5a26151,instruction_following,agent,0.0,"The agent failed to provide any response or execution steps, resulting in a score of 0.0 as no instructions were followed. [model=Qwen/Qwen3.5-2B]",3505.83,False,,0,3205fa0cb2135fe671bf7cd0e5a26151|instruction_following|agent|0,,,original
Qwen/Qwen3.5-2B,3205fa0cb2135fe671bf7cd0e5a26151,instruction_following,agent,0.55,"The agent successfully followed the core instruction to provide a step-by-step plan and a final answer. However, it failed to follow the specific formatting constraint regarding the required output structure for the final answer (Steps 39-44), as it only provided a partial 'detailed' section and a 'short' section without the mandatory 'context' section, and it failed to execute the file inspection tool due to unsupported file format errors. It also failed to follow the instruction to use only variables defined in the code block, as it used a hardcoded 'task_str' variable in the final attempt. [model=Qwen/Qwen3.5-2B]",14419.82,False,,1,3205fa0cb2135fe671bf7cd0e5a26151|instruction_following|agent|1,"Invalid judge JSON; saved raw output instead. 1 validation error for JudgeOutput
  Invalid JSON: EOF while parsing an object at line 3 column 15 [type=json_invalid, input_value='{\n  ""explanation"": ""The...ure."",\n  ""score"": 0.55', input_type=str]
    For further information visit https://errors.pydantic.dev/2.13/v/json_invalid",,rerun
Qwen/Qwen3.5-2B,3205fa0cb2135fe671bf7cd0e5a26151,instruction_following,agent,0.5,"The agent correctly identified the task requirements and attempted to use the specified tool. However, it failed to follow the instruction to provide a final answer in the required format ('final_answer' tool) because the tool execution failed due to an unsupported file format error, preventing the completion of the task as requested. The agent did not provide the required 'final_answer' output structure. [model=Qwen/Qwen3.5-2B]",7089.08,False,,2,3205fa0cb2135fe671bf7cd0e5a26151|instruction_following|agent|2,,,original
Qwen/Qwen3.5-2B,3205fa0cb2135fe671bf7cd0e5a26151,instruction_following,agent,0.0,"The agent failed to follow the core instruction to inspect the file. It attempted to use the `inspect_file_as_text` tool, but the tool description explicitly states it does not handle `.jsonld` files and only supports `.html`, `.htm`, `.xlsx`, `.pptx`, `.wav`, `.mp3`, `.m4a`, `.flac`, `.pdf`, and `.docx`. The agent did not use the `web_search` tool as instructed for non-HTML formats, nor did it use `final_answer` as instructed for the task. The agent's response was invalid because it failed to provide the required output format and did not execute the correct tool. [model=Qwen/Qwen3.5-2B]",32117.56,False,,3,3205fa0cb2135fe671bf7cd0e5a26151|instruction_following|agent|3,"Invalid judge JSON; saved raw output instead. 1 validation error for JudgeOutput
  Invalid JSON: EOF while parsing an object at line 3 column 12 [type=json_invalid, input_value='{\n  ""explanation"": ""The...answer."",\n  ""score"": 0', input_type=str]
    For further information visit https://errors.pydantic.dev/2.13/v/json_invalid",,rerun
Qwen/Qwen3.5-2B,3205fa0cb2135fe671bf7cd0e5a26151,reasoning_quality,agent,0.0,"The agent failed to execute the goal because it did not generate any output, resulting in a complete lack of reasoning steps. Consequently, the evaluation cannot assess the quality of the reasoning chain, leading to an incoherent response. [model=Qwen/Qwen3.5-2B]",4618.57,False,,0,3205fa0cb2135fe671bf7cd0e5a26151|reasoning_quality|agent|0,,,original
Qwen/Qwen3.5-2B,3205fa0cb2135fe671bf7cd0e5a26151,reasoning_quality,agent,0.55,"The agent correctly identifies the core problem: the file extension '.jsonld' is unsupported by the available tools, specifically 'inspect_file_as_text'. It logically deduces that the only viable path forward is to use the 'search_agent' to find a supported format (like .json) or the raw content, as the file cannot be read directly. However, the subsequent steps show a failure to execute the 'search_agent' task effectively, leading to repeated errors and a lack of progress toward the goal, despite the initial logical assessment of the file's nature. [model=Qwen/Qwen3.5-2B]",13037.31,False,,1,3205fa0cb2135fe671bf7cd0e5a26151|reasoning_quality|agent|1,,,original
Qwen/Qwen3.5-2B,3205fa0cb2135fe671bf7cd0e5a26151,reasoning_quality,agent,0.5,"The agent correctly identifies the file format issue and selects the appropriate tool, but fails to execute the tool correctly due to a lack of error handling or retry logic, resulting in an unsupported format error. The reasoning chain is logical in its initial steps but breaks down at the execution phase. [model=Qwen/Qwen3.5-2B]",5884.39,False,,2,3205fa0cb2135fe671bf7cd0e5a26151|reasoning_quality|agent|2,,,original
Qwen/Qwen3.5-2B,3205fa0cb2135fe671bf7cd0e5a26151,reasoning_quality,agent,0.5,"The agent correctly identifies the file format issue and attempts to resolve it by using the `inspect_file_as_text` tool, which is the appropriate tool for reading non-HTML files. However, the tool execution fails because the file extension `.jsonld` is not in the supported list of file types (`.html`, `.htm`, `.xlsx`, `.pptx`, `.wav`, `.mp3`, `.m4a`, `.flac`, `.pdf`, `.docx`). This represents a logical gap: the agent chose the correct tool but failed to execute it due to a misunderstanding of the tool's constraints, preventing the completion of the task. [model=Qwen/Qwen3.5-2B]",10306.36,False,,3,3205fa0cb2135fe671bf7cd0e5a26151|reasoning_quality|agent|3,,,original
Qwen/Qwen3.5-2B,3215fc75e81bdb73706a4fb37b66427f,helpfulness,trace,0.0,"The agent failed to answer the question by providing a specific numerical value (0.1777) without any context, derivation steps, or verification of the source data. It simply asserts access to tools without actually performing the search or calculation required to find the specific volume mentioned in the referenced paper. [model=Qwen/Qwen3.5-2B]",5483.27,False,,0,3215fc75e81bdb73706a4fb37b66427f|helpfulness|trace|0,,,original
Qwen/Qwen3.5-2B,3215fc75e81bdb73706a4fb37b66427f,accuracy,trace,0.0,"The response provides a specific numerical value (0.1777) without any citation or source attribution. Since the user explicitly asked for a comprehensive preparatory survey identifying facts to look up, the absence of any source information renders the response factually incomplete and unreliable. [model=Qwen/Qwen3.5-2B]",5067.79,False,,0,3215fc75e81bdb73706a4fb37b66427f|accuracy|trace|0,,,original
Qwen/Qwen3.5-2B,3215fc75e81bdb73706a4fb37b66427f,groundedness,trace,0.0,"The provided evidence consists solely of a search result snippet for the paper title but does not contain the specific numerical data regarding the fish bag volume mentioned in the query. Consequently, the response's factual claim is unsupported by the available evidence. [model=Qwen/Qwen3.5-2B]",4753.79,False,,0,3215fc75e81bdb73706a4fb37b66427f|groundedness|trace|0,,,original
Qwen/Qwen3.5-2B,3215fc75e81bdb73706a4fb37b66427f,instruction_following,agent,0.0,"The agent failed to provide any response or execution steps, resulting in a score of 0.0 as no instructions were followed. [model=Qwen/Qwen3.5-2B]",3371.08,False,,0,3215fc75e81bdb73706a4fb37b66427f|instruction_following|agent|0,,,original
Qwen/Qwen3.5-2B,3215fc75e81bdb73706a4fb37b66427f,instruction_following,agent,0.55,"The agent successfully followed the primary instruction to provide a step-by-step plan and a final answer. However, it failed to strictly adhere to the formatting constraints of the 'UserInputStep' content provided in Step 12, which explicitly required the final answer to contain specific sections ('Task outcome (short version)', 'Task outcome (extremely detailed version)', 'Additional context') and to use the `final_answer` tool with those arguments. The agent's final output was a raw string concatenation of the plan and the search results, missing the required structure and the specific tool call format mandated by the instructions. [model=Qwen/Qwen3.5-2B]",21691.33,False,,1,3215fc75e81bdb73706a4fb37b66427f|instruction_following|agent|1,"Invalid judge JSON; saved raw output instead. 1 validation error for JudgeOutput
  Invalid JSON: EOF while parsing a string at line 2 column 785 [type=json_invalid, input_value='{\n  ""explanation"": ""The...ally execute the search', input_type=str]
    For further information visit https://errors.pydantic.dev/2.13/v/json_invalid",,rerun
Qwen/Qwen3.5-2B,3215fc75e81bdb73706a4fb37b66427f,instruction_following,agent,0.5,"The agent successfully followed the instruction to provide a structured plan before executing the search. It correctly identified the need to search for the specific paper and the required section. However, the agent failed to follow the formatting constraint for the final answer, as it did not include the required 'Task outcome (short version)', 'Task outcome (extremely detailed version)', and 'Additional context' sections within the final_answer tool call. [model=Qwen/Qwen3.5-2B]",7629.33,False,,2,3215fc75e81bdb73706a4fb37b66427f|instruction_following|agent|2,,,original
Qwen/Qwen3.5-2B,3215fc75e81bdb73706a4fb37b66427f,reasoning_quality,agent,0.0,"The agent failed to execute the goal because it did not generate any output, resulting in a complete lack of reasoning steps. Consequently, the evaluation cannot assess the quality of the reasoning chain, leading to an incoherent response. [model=Qwen/Qwen3.5-2B]",4719.71,False,,0,3215fc75e81bdb73706a4fb37b66427f|reasoning_quality|agent|0,,,original
Qwen/Qwen3.5-2B,3215fc75e81bdb73706a4fb37b66427f,reasoning_quality,agent,1.0,"The agent demonstrates excellent reasoning by logically sequencing its actions: first identifying the need to locate the specific paper, then selecting the appropriate tool (web_search) to find the source, and finally executing the search to retrieve the necessary information. The steps are purposeful, well-reasoned, and directly address the task requirements without unnecessary detours. [model=Qwen/Qwen3.5-2B]",6861.27,False,,1,3215fc75e81bdb73706a4fb37b66427f|reasoning_quality|agent|1,,,original
Qwen/Qwen3.5-2B,3215fc75e81bdb73706a4fb37b66427f,reasoning_quality,agent,1.0,"The agent demonstrates excellent reasoning by logically selecting the correct tool (web_search) to locate the specific paper and its full text, which is the necessary prerequisite for extracting the required numerical value. It then correctly identifies the need to verify the source's reliability and the specific section containing the calculation. The plan is concise, purposeful, and directly addresses the task constraints. [model=Qwen/Qwen3.5-2B]",8157.48,False,,2,3215fc75e81bdb73706a4fb37b66427f|reasoning_quality|agent|2,,,original
Qwen/Qwen3.5-2B,331aece579d942bb4c345a86c86efb83,helpfulness,trace,0.0,"The agent failed completely because it provided a nonsensical answer ('3') without any reasoning, verification steps, or explanation of how the calculation was performed. It did not address the specific constraints of the task (e.g., specific dates, page structures) nor did it acknowledge the impossibility of the query. [model=Qwen/Qwen3.5-2B]",5608.59,False,,0,331aece579d942bb4c345a86c86efb83|helpfulness|trace|0,,,original
Qwen/Qwen3.5-2B,331aece579d942bb4c345a86c86efb83,accuracy,trace,0.0,"The response provides a definitive numerical answer without any reasoning or verification steps, which is a significant failure to meet the task's requirement to provide a correct answer and perform verification. The specific number '3' is likely incorrect as the number of clicks depends entirely on the specific URLs of the pages, which vary by browser and version, making the answer non-deterministic and factually unreliable. [model=Qwen/Qwen3.5-2B]",6400.68,False,,0,331aece579d942bb4c345a86c86efb83|accuracy|trace|0,,,original
Qwen/Qwen3.5-2B,331aece579d942bb4c345a86c86efb83,groundedness,trace,0.0,"The agent failed to provide the specific factual evidence required to determine the minimum number of clicks, as the provided 'Tool Results' show no data for the Wikipedia pages or the specific navigation paths between them. The response contains a definitive number without any backing from the available evidence. [model=Qwen/Qwen3.5-2B]",4962.31,False,,0,331aece579d942bb4c345a86c86efb83|groundedness|trace|0,,,original
Qwen/Qwen3.5-2B,331aece579d942bb4c345a86c86efb83,instruction_following,agent,0.0,"The agent failed to provide any response or execution steps, resulting in a score of 0.0 as no instructions were followed. [model=Qwen/Qwen3.5-2B]",3370.48,False,,0,331aece579d942bb4c345a86c86efb83|instruction_following|agent|0,,,original
Qwen/Qwen3.5-2B,331aece579d942bb4c345a86c86efb83,instruction_following,agent,0.55,"The agent successfully followed the core instruction to provide a step-by-step plan and a final answer using the specified format. However, the agent failed to strictly adhere to the formatting constraint in Step 10, where it did not include the required '### 1. Task outcome (short version)', '### 2. Task outcome (extremely detailed version)', and '### 3. Additional context' sections within the final_answer tool call, despite having the correct content. It also failed to properly utilize the 'inspect_file_as_text' tool to retrieve the specific archived Wikipedia content as required by the task, instead relying on a generic search result. [model=Qwen/Qwen3.5-2B]",10511.47,False,,1,331aece579d942bb4c345a86c86efb83|instruction_following|agent|1,,,original
Qwen/Qwen3.5-2B,331aece579d942bb4c345a86c86efb83,instruction_following,agent,0.5,"The agent successfully identified the required output format (Task outcome sections) and the necessary tools (web_search, visit_page, final_answer). However, the agent failed to actually execute the task by not providing the specific 'final_answer' tool call as requested in the final step of the instructions. It only provided a plan and a survey of facts, which are not the required output format for the task. [model=Qwen/Qwen3.5-2B]",7675.37,False,,2,331aece579d942bb4c345a86c86efb83|instruction_following|agent|2,,,original
Qwen/Qwen3.5-2B,331aece579d942bb4c345a86c86efb83,reasoning_quality,agent,0.0,"The agent failed to execute the goal because it did not generate any output, resulting in a complete lack of reasoning steps. Consequently, the evaluation cannot assess the quality of the reasoning chain, leading to an incoherent response. [model=Qwen/Qwen3.5-2B]",5153.48,False,,0,331aece579d942bb4c345a86c86efb83|reasoning_quality|agent|0,,,original
Qwen/Qwen3.5-2B,331aece579d942bb4c345a86c86efb83,reasoning_quality,agent,1.0,"The agent demonstrates strong logical reasoning by systematically breaking down the task into identifying facts, planning a high-level strategy, and executing a search to gather necessary data. It correctly identifies the need for archived snapshots and the necessity of verifying link structures, which are critical for the specific constraints of the task. The final output accurately synthesizes this information to provide the required answer and context. [model=Qwen/Qwen3.5-2B]",7138.79,False,,1,331aece579d942bb4c345a86c86efb83|reasoning_quality|agent|1,,,original
Qwen/Qwen3.5-2B,331aece579d942bb4c345a86c86efb83,reasoning_quality,agent,0.5,"The agent demonstrates a clear understanding of the task constraints by explicitly defining the required output format and the critical importance of the July 3, 2023 snapshot date. It logically breaks down the problem into identifying facts, planning the search strategy, and executing the plan. However, the execution steps provided in the prompt are incomplete and do not actually perform the necessary actions (like searching or visiting pages) to gather the specific link data required to determine the minimum number of clicks. [model=Qwen/Qwen3.5-2B]",8181.41,False,,2,331aece579d942bb4c345a86c86efb83|reasoning_quality|agent|2,,,original
Qwen/Qwen3.5-2B,33cedc57294f33839f1acc3ee5182788,helpfulness,trace,0.0,The agent failed to answer the question by providing a specific numerical value instead of performing the required search or derivation. It made a false claim about having access to all relevant tools and failed to follow the instruction to look up facts or derive answers from them. [model=Qwen/Qwen3.5-2B],4949.43,False,,0,33cedc57294f33839f1acc3ee5182788|helpfulness|trace|0,,,original
Qwen/Qwen3.5-2B,33cedc57294f33839f1acc3ee5182788,accuracy,trace,0.0,"The response provides a specific numerical answer (142) without any supporting reasoning or citation of the source material mentioned in the query. Since the prompt explicitly requires a 'comprehensive preparatory survey' to identify facts and derive answers, the complete absence of derived facts or verification steps constitutes a failure to follow instructions and renders the answer unreliable. [model=Qwen/Qwen3.5-2B]",5863.8,False,,0,33cedc57294f33839f1acc3ee5182788|accuracy|trace|0,,,original
Qwen/Qwen3.5-2B,33cedc57294f33839f1acc3ee5182788,groundedness,trace,0.0,"The provided evidence contains a search result for the correct article title but fails to extract the specific numerical value regarding the age of the beads. The 'inspect_file_as_text' tool yielded no results, and the 'visit_page' tool resulted in a 403 error, preventing access to the abstract. Consequently, the specific claim about the age cannot be verified against the available evidence. [model=Qwen/Qwen3.5-2B]",6417.67,False,,0,33cedc57294f33839f1acc3ee5182788|groundedness|trace|0,,,original
Qwen/Qwen3.5-2B,33cedc57294f33839f1acc3ee5182788,instruction_following,agent,0.0,"The agent failed to provide any response or execution steps, resulting in a score of 0.0 as no instructions were followed. [model=Qwen/Qwen3.5-2B]",4242.67,False,,0,33cedc57294f33839f1acc3ee5182788|instruction_following|agent|0,,,original
Qwen/Qwen3.5-2B,33cedc57294f33839f1acc3ee5182788,instruction_following,agent,0.55,"The agent successfully identified the task, learned relevant facts, and attempted to retrieve the abstract from the Science Advances 2021 article. However, it failed to execute the final answer correctly due to a syntax error in the `final_answer` tool call (missing closing quote and incomplete string). It also failed to successfully extract the abstract content from the PMC page using the available tools, leading to a failure in deriving the specific numerical value required by the task. [model=Qwen/Qwen3.5-2B]",13381.52,False,,1,33cedc57294f33839f1acc3ee5182788|instruction_following|agent|1,,,original
Qwen/Qwen3.5-2B,33cedc57294f33839f1acc3ee5182788,instruction_following,agent,0.55,"The agent successfully identified the correct research article (Science Advances 2021, Bizmoune Cave) and extracted the key abstract excerpt stating the beads are at least 142,000 years old. However, the agent failed to follow the formatting instructions for the final answer, as it did not include the required 'Task outcome', 'Task outcome (extremely detailed)', and 'Additional context' sections within the final_answer tool call. It also encountered multiple errors when attempting to inspect the PDF file directly, likely due to incorrect argument usage or a bug in the tool implementation, and failed to provide a clear plan before the failed execution. [model=Qwen/Qwen3.5-2B]",12957.43,False,,2,33cedc57294f33839f1acc3ee5182788|instruction_following|agent|2,,,original
Qwen/Qwen3.5-2B,33cedc57294f33839f1acc3ee5182788,reasoning_quality,agent,0.0,"The agent failed to execute the goal because it did not generate any output, resulting in a complete lack of reasoning steps. Consequently, the evaluation cannot assess the quality of the reasoning chain, leading to an incoherent response. [model=Qwen/Qwen3.5-2B]",4596.74,False,,0,33cedc57294f33839f1acc3ee5182788|reasoning_quality|agent|0,,,original
Qwen/Qwen3.5-2B,33cedc57294f33839f1acc3ee5182788,reasoning_quality,agent,0.55,"The agent successfully identified the correct research article and extracted the key information from the abstract via web search and PMC access. However, the final execution failed due to a syntax error in the `final_answer` tool call, specifically an unclosed quote character, which prevented the tool from functioning correctly. The reasoning chain was logical, but the final step was flawed. [model=Qwen/Qwen3.5-2B]",11185.16,False,,1,33cedc57294f33839f1acc3ee5182788|reasoning_quality|agent|1,,,original
Qwen/Qwen3.5-2B,33cedc57294f33839f1acc3ee5182788,reasoning_quality,agent,0.75,"The agent demonstrates logical progression by first attempting to access the Science Advances article directly, then falling back to PubMed Central, and finally using Ctrl+F to locate the abstract text within the PMC page. This multi-faceted approach effectively navigates the tool limitations and successfully extracts the required information. However, the final step of deriving the answer from the extracted text is not explicitly shown in the provided steps, and the plan could have been more robust by directly searching for the specific abstract text rather than just finding the page. [model=Qwen/Qwen3.5-2B]",9997.71,False,,2,33cedc57294f33839f1acc3ee5182788|reasoning_quality|agent|2,,,original
Qwen/Qwen3.5-2B,3637c5845140adbf29c565923c20e94d,helpfulness,trace,0.0,"The agent failed completely because it provided a nonsensical answer ('7.5') without attempting to solve the problem, ignoring the specific route, dates, or recycling rules mentioned in the task, and failing to acknowledge the user's explicit instruction to find the correct answer. [model=Qwen/Qwen3.5-2B]",5199.12,False,,0,3637c5845140adbf29c565923c20e94d|helpfulness|trace|0,,,original
Qwen/Qwen3.5-2B,3637c5845140adbf29c565923c20e94d,accuracy,trace,0.0,"The response provides a specific numerical answer ($7.5) without any supporting data, reasoning, or citation to Wikipedia, which violates the requirement to derive facts from the task and verify them. The answer is likely fabricated or based on a non-existent calculation. [model=Qwen/Qwen3.5-2B]",4887.74,False,,0,3637c5845140adbf29c565923c20e94d|accuracy|trace|0,,,original
Qwen/Qwen3.5-2B,3637c5845140adbf29c565923c20e94d,groundedness,trace,0.0,"The agent's response provides a specific numerical value (7.5) without any citation or evidence from the provided 'Tool Results' or 'Evidence Available to the Agent'. Since the task explicitly states that failure to find the correct answer is not tolerated, the lack of any supporting evidence renders the claim unsupported. [model=Qwen/Qwen3.5-2B]",5529.6,False,,0,3637c5845140adbf29c565923c20e94d|groundedness|trace|0,,,original
Qwen/Qwen3.5-2B,3637c5845140adbf29c565923c20e94d,instruction_following,agent,0.0,"The agent failed to provide any response or execution steps, resulting in a score of 0.0 as no instructions were followed. [model=Qwen/Qwen3.5-2B]",3389.41,False,,0,3637c5845140adbf29c565923c20e94d|instruction_following|agent|0,,,original
Qwen/Qwen3.5-2B,3637c5845140adbf29c565923c20e94d,instruction_following,agent,0.5,"The agent successfully followed the primary instruction to provide a correct answer by using the `final_answer` tool. However, it failed to follow the specific formatting instructions provided in the prompt, which required a structured 'Thought' and 'Code' sequence with specific variable names and a 'final_answer' tool call at the end. The agent also failed to follow the 'Step 1: UserInputStep' instruction by not explicitly presenting the survey structure as requested, and it did not follow the 'Step 2: [LLM response]' instruction by not providing the planned survey text. [model=Qwen/Qwen3.5-2B]",9131.31,False,,1,3637c5845140adbf29c565923c20e94d|instruction_following|agent|1,"Invalid judge JSON; saved raw output instead. 1 validation error for JudgeOutput
  Invalid JSON: invalid escape at line 2 column 323 [type=json_invalid, input_value='{\n  ""explanation"": ""The...n."",\n  ""score"": 0.5\n}', input_type=str]
    For further information visit https://errors.pydantic.dev/2.13/v/json_invalid",,rerun
Qwen/Qwen3.5-2B,3637c5845140adbf29c565923c20e94d,reasoning_quality,agent,0.0,"The agent failed to execute the goal because it did not generate any output, resulting in a complete lack of reasoning steps. Consequently, the evaluation cannot assess the quality of the reasoning chain, leading to an incoherent response. [model=Qwen/Qwen3.5-2B]",4488.17,False,,0,3637c5845140adbf29c565923c20e94d|reasoning_quality|agent|0,,,original
Qwen/Qwen3.5-2B,3637c5845140adbf29c565923c20e94d,reasoning_quality,agent,1.0,"The agent demonstrates strong logical reasoning by explicitly breaking down the problem into identifying facts, deriving necessary calculations (distance and bottles), and executing a code-based verification. It correctly identifies the need for specific data points, executes a Python script to calculate the exact refund based on the provided logic, and successfully retrieves the final answer from the execution logs. [model=Qwen/Qwen3.5-2B]",6608.81,False,,1,3637c5845140adbf29c565923c20e94d|reasoning_quality|agent|1,,,original
Qwen/Qwen3.5-2B,387546b0d3e81503bd8d392c6f1b6b25,helpfulness,trace,0.0,"The agent failed to provide the specific answer requested, instead offering a generic placeholder 'research' without any actual data, facts, or reasoning to solve the query about the 'R' in the Legume Wikipedia policies. [model=Qwen/Qwen3.5-2B]",5697.62,False,,0,387546b0d3e81503bd8d392c6f1b6b25|helpfulness|trace|0,,,original
Qwen/Qwen3.5-2B,387546b0d3e81503bd8d392c6f1b6b25,accuracy,trace,0.0,"The response 'research' is a method, not a factual claim or specific answer, and therefore fails the requirement to list specific facts, dates, or values. It does not provide the actual information requested about the acronym 'R' in the context of the Legume Wikipedia page policies. [model=Qwen/Qwen3.5-2B]",5631.53,False,,0,387546b0d3e81503bd8d392c6f1b6b25|accuracy|trace|0,,,original
Qwen/Qwen3.5-2B,387546b0d3e81503bd8d392c6f1b6b25,groundedness,trace,0.0,"The agent failed to provide a correct answer as requested, instead outputting the word 'research' which is not a factual claim or answer. Furthermore, the provided evidence is insufficient to determine what 'R' stands for in the context of Legume's three core policies, as the search results only confirm the existence of the query without revealing the specific acronym or policy details. [model=Qwen/Qwen3.5-2B]",6481.92,False,,0,387546b0d3e81503bd8d392c6f1b6b25|groundedness|trace|0,,,original
Qwen/Qwen3.5-2B,387546b0d3e81503bd8d392c6f1b6b25,instruction_following,agent,0.0,"The agent failed to provide any response or execution steps, resulting in a score of 0.0 as no instructions were followed. [model=Qwen/Qwen3.5-2B]",3664.27,False,,0,387546b0d3e81503bd8d392c6f1b6b25|instruction_following|agent|0,,,original
Qwen/Qwen3.5-2B,387546b0d3e81503bd8d392c6f1b6b25,instruction_following,agent,0.55,"The agent successfully followed the primary instruction to provide a comprehensive preparatory survey of facts, including a detailed plan, before attempting to solve the task. However, the agent failed to follow the explicit formatting constraint in Step 20, which required the output to contain three specific sections ('Task outcome (short version)', 'Task outcome (extremely detailed version)', and 'Additional context') within the `final_answer` tool. The agent instead provided a long-form response in the chat interface, which violates the specific output format requirement for the final answer tool. [model=Qwen/Qwen3.5-2B]",14559.32,False,,1,387546b0d3e81503bd8d392c6f1b6b25|instruction_following|agent|1,,,original
Qwen/Qwen3.5-2B,387546b0d3e81503bd8d392c6f1b6b25,instruction_following,agent,0.55,"The agent successfully followed the primary instruction to provide a structured response with three specific parts (Task outcome short, Task outcome detailed, Additional context) within the final_answer tool. However, the agent failed to strictly adhere to the formatting constraint in Step 14, where it was explicitly instructed to 'update your list of facts based on the previous history, and provide these headings' before writing the plan. The agent skipped this required formatting step and jumped directly to Step 17, which is a new plan. This violates the instruction to 'provide these headings' as part of the response structure. [model=Qwen/Qwen3.5-2B]",22936.17,False,,2,387546b0d3e81503bd8d392c6f1b6b25|instruction_following|agent|2,"Invalid judge JSON; saved raw output instead. 1 validation error for JudgeOutput
  Invalid JSON: EOF while parsing an object at line 3 column 12 [type=json_invalid, input_value='{\n  ""explanation"": ""The...e logs."",\n  ""score"": 0', input_type=str]
    For further information visit https://errors.pydantic.dev/2.13/v/json_invalid",,rerun
Qwen/Qwen3.5-2B,387546b0d3e81503bd8d392c6f1b6b25,reasoning_quality,agent,0.0,"The agent failed to execute the goal because it did not generate any output, resulting in a complete lack of reasoning steps. Consequently, the evaluation cannot assess the quality of the reasoning chain, leading to an incoherent response. [model=Qwen/Qwen3.5-2B]",5356.37,False,,0,387546b0d3e81503bd8d392c6f1b6b25|reasoning_quality|agent|0,,,original
Qwen/Qwen3.5-2B,387546b0d3e81503bd8d392c6f1b6b25,reasoning_quality,agent,1.0,"The agent demonstrates excellent reasoning by systematically breaking down the task into logical steps: first identifying the necessary facts from the task description, then searching for relevant data (using web_search and visiting specific Wikipedia archives), and finally synthesizing the findings to derive the answer. The steps are well-motivated, purposeful, and directly address the need to verify facts and derive the meaning of 'R' in the context of the Legume Wikipedia page's policies. [model=Qwen/Qwen3.5-2B]",11535.77,False,,1,387546b0d3e81503bd8d392c6f1b6b25|reasoning_quality|agent|1,,,original
Qwen/Qwen3.5-2B,387546b0d3e81503bd8d392c6f1b6b25,reasoning_quality,agent,1.0,"The agent demonstrates excellent reasoning by systematically following the task requirements. It correctly identifies the need to search for specific information, uses the provided dataset to verify facts, and then uses the 'visit_page' tool to access the relevant Wikipedia archive to gather the detailed historical context and policy definitions. The steps are logical, purposeful, and directly address the goal of retrieving specific information about flagged content and policies. [model=Qwen/Qwen3.5-2B]",8827.0,False,,2,387546b0d3e81503bd8d392c6f1b6b25|reasoning_quality|agent|2,,,original
Qwen/Qwen3.5-2B,396b6aa1ab86eb2e20d27582eb5eebd9,helpfulness,trace,0.0,"The agent failed to answer the question by providing a completely fabricated fact ('A Nightmare on Elm Street') without any evidence or verification steps, directly violating the instruction to find the correct answer and the requirement to use relevant tools. [model=Qwen/Qwen3.5-2B]",5052.89,False,,0,396b6aa1ab86eb2e20d27582eb5eebd9|helpfulness|trace|0,,,original
Qwen/Qwen3.5-2B,396b6aa1ab86eb2e20d27582eb5eebd9,accuracy,trace,0.25,"The response incorrectly identifies 'A Nightmare on Elm Street' as the movie that popularized metalepsis in Valentina Re's book. While the book discusses various films, the specific citation regarding metalepsis is not accurately attributed to this title in the context of the question's premise. [model=Qwen/Qwen3.5-2B]",5521.8,False,,0,396b6aa1ab86eb2e20d27582eb5eebd9|accuracy|trace|0,,,original
Qwen/Qwen3.5-2B,396b6aa1ab86eb2e20d27582eb5eebd9,groundedness,trace,0.0,The provided evidence contains a search result for the exact query but fails to locate the specific book or the relevant citation within the JSTOR and Academia.edu pages due to access errors or lack of relevant text. The search results do not explicitly name the horror movie cited by Valentina Re. [model=Qwen/Qwen3.5-2B],5739.17,False,,0,396b6aa1ab86eb2e20d27582eb5eebd9|groundedness|trace|0,,,original
Qwen/Qwen3.5-2B,396b6aa1ab86eb2e20d27582eb5eebd9,instruction_following,agent,0.0,"The agent failed to provide any response or execution steps, resulting in a score of 0.0 as no instructions were followed. [model=Qwen/Qwen3.5-2B]",3864.27,False,,0,396b6aa1ab86eb2e20d27582eb5eebd9|instruction_following|agent|0,,,original
Qwen/Qwen3.5-2B,396b6aa1ab86eb2e20d27582eb5eebd9,instruction_following,agent,0.55,"The agent successfully identified the task requirements, attempted to locate the source material using multiple tools (web search, academia.edu, file inspection), and ultimately provided a correct answer based on the search results. However, the agent failed to actually execute the file inspection tool correctly due to a runtime error ('UnboundLocalError') when attempting to read the PDF file, and the final answer was generated without the required context or detailed breakdown as specified in the instructions. The plan was also incomplete as it did not explicitly list the 'Facts still to look up' section as requested in the prompt's template. [model=Qwen/Qwen3.5-2B]",20959.09,False,,1,396b6aa1ab86eb2e20d27582eb5eebd9|instruction_following|agent|1,,,original
Qwen/Qwen3.5-2B,396b6aa1ab86eb2e20d27582eb5eebd9,instruction_following,agent,0.25,"The agent failed to follow the core instruction to use the 'inspect_file_as_text' tool to read the PDF file directly, instead repeatedly attempting to use it with incorrect file paths and encountering multiple errors. It also failed to successfully extract the text from the PDF to find the specific information, despite searching for keywords and visiting the JSTOR page. The final answer was not generated correctly because the tool execution failed. [model=Qwen/Qwen3.5-2B]",13851.38,False,,2,396b6aa1ab86eb2e20d27582eb5eebd9|instruction_following|agent|2,,,original
Qwen/Qwen3.5-2B,396b6aa1ab86eb2e20d27582eb5eebd9,reasoning_quality,agent,0.0,"The agent failed to execute the goal because it did not generate any output, resulting in a complete lack of reasoning steps. Consequently, the evaluation cannot assess the quality of the reasoning chain, leading to an incoherent response. [model=Qwen/Qwen3.5-2B]",5343.06,False,,0,396b6aa1ab86eb2e20d27582eb5eebd9|reasoning_quality|agent|0,,,original
Qwen/Qwen3.5-2B,396b6aa1ab86eb2e20d27582eb5eebd9,reasoning_quality,agent,0.25,"The agent demonstrates strong logical reasoning by systematically evaluating the search results and tool capabilities. It correctly identifies the need to verify the source document's authenticity and locate the specific text regarding metalepsis. However, it fails to utilize the search results effectively, repeatedly attempting to access the same JSTOR link (403 error) and Academia.edu page without changing the search query or strategy, leading to a complete failure to extract the required information. The reasoning is sound in its initial assessment but breaks down in execution due to a lack of adaptive problem-solving. [model=Qwen/Qwen3.5-2B]",18513.16,False,,1,396b6aa1ab86eb2e20d27582eb5eebd9|reasoning_quality|agent|1,"Invalid judge JSON; saved raw output instead. 1 validation error for JudgeOutput
  Invalid JSON: EOF while parsing a string at line 2 column 782 [type=json_invalid, input_value='{\n  ""explanation"": ""The...r \'reality\' and \'met', input_type=str]
    For further information visit https://errors.pydantic.dev/2.13/v/json_invalid",,rerun
Qwen/Qwen3.5-2B,396b6aa1ab86eb2e20d27582eb5eebd9,reasoning_quality,agent,0.55,"The agent demonstrates strong logical reasoning by systematically evaluating the task requirements, identifying the need for a definitive text source, and correctly selecting web search and file inspection tools. However, it fails to execute the file inspection tool correctly due to an error in the input path format, leading to a dead end. The reasoning is sound in its initial phases but breaks down when attempting to access the file, resulting in a failure to complete the task as specified. [model=Qwen/Qwen3.5-2B]",13653.25,False,,2,396b6aa1ab86eb2e20d27582eb5eebd9|reasoning_quality|agent|2,,,original
Qwen/Qwen3.5-2B,3acaa3150977e199eddb95c64f2ada2e,helpfulness,trace,0.0,"The agent failed to answer the question by providing a specific number, instead offering a generic 'FINAL ANSWER' without any actual data or reasoning. It did not attempt to find the information or acknowledge the impossibility of the query, leaving the user with no actionable result. [model=Qwen/Qwen3.5-2B]",5228.72,False,,0,3acaa3150977e199eddb95c64f2ada2e|helpfulness|trace|0,,,original
Qwen/Qwen3.5-2B,3acaa3150977e199eddb95c64f2ada2e,accuracy,trace,0.25,"The response provides a definitive numerical answer without any reasoning or verification steps, which fails the requirement to 'Run verification steps' and 'make sure you find the correct answer.' The claim of 27 species is likely incorrect as the number of bird species on camera varies by year and is not a fixed constant like 27. [model=Qwen/Qwen3.5-2B]",6184.36,False,,0,3acaa3150977e199eddb95c64f2ada2e|accuracy|trace|0,,,original
Qwen/Qwen3.5-2B,3acaa3150977e199eddb95c64f2ada2e,groundedness,trace,0.25,"The provided evidence consists solely of a single search result snippet from Wikipedia regarding 'Aves in the 10th edition of Systema Naturae' which mentions an increase to 554 species, but it does not contain the specific video URL or the exact number of bird species on camera simultaneously as requested in the task. The search results do not address the specific video link provided, nor do they confirm the exact number of species on camera simultaneously, making the response's specific claim unsupported by the available evidence. [model=Qwen/Qwen3.5-2B]",7802.69,False,,0,3acaa3150977e199eddb95c64f2ada2e|groundedness|trace|0,,,original
Qwen/Qwen3.5-2B,3acaa3150977e199eddb95c64f2ada2e,instruction_following,agent,0.0,"The agent failed to provide any response or execution steps, resulting in a score of 0.0 as no instructions were followed. [model=Qwen/Qwen3.5-2B]",3481.11,False,,0,3acaa3150977e199eddb95c64f2ada2e|instruction_following|agent|0,,,original
Qwen/Qwen3.5-2B,3acaa3150977e199eddb95c64f2ada2e,instruction_following,agent,0.25,"The agent failed to follow the core instruction to use the provided tools (visualizer, inspect_file_as_text, final_answer) to solve the task, instead relying on a team member and external web searches that did not yield the required information. It also failed to strictly adhere to the formatting constraints for the final answer (Task outcome sections) and the specific variable naming rules (avoiding 'final_answer' as a variable name). The search queries were ineffective, and the final answer was not generated using the allowed tools. [model=Qwen/Qwen3.5-2B]",10576.43,False,,1,3acaa3150977e199eddb95c64f2ada2e|instruction_following|agent|1,,,original
Qwen/Qwen3.5-2B,3acaa3150977e199eddb95c64f2ada2e,instruction_following,agent,0.5,"The agent successfully followed the core instruction to provide a structured plan based on the provided facts and available tools. However, the agent failed to follow the specific formatting constraint for the final answer, which requires the 'final_answer' tool to be used to contain the three required sections (Task outcome, Task outcome, Additional context). The agent only provided the plan and then stopped without executing the final answer tool as instructed. [model=Qwen/Qwen3.5-2B]",7790.98,False,,2,3acaa3150977e199eddb95c64f2ada2e|instruction_following|agent|2,,,original
Qwen/Qwen3.5-2B,3acaa3150977e199eddb95c64f2ada2e,reasoning_quality,agent,0.0,"The agent failed to execute the goal because it did not generate any output, resulting in a complete lack of reasoning steps. Consequently, the evaluation cannot assess the quality of the reasoning chain, leading to an incoherent response. [model=Qwen/Qwen3.5-2B]",5243.69,False,,0,3acaa3150977e199eddb95c64f2ada2e|reasoning_quality|agent|0,,,original
Qwen/Qwen3.5-2B,3acaa3150977e199eddb95c64f2ada2e,reasoning_quality,agent,0.25,"The agent demonstrates logical progression by first attempting a broad search, then refining queries, and finally attempting a direct video inspection. However, the reasoning is flawed because the agent fails to utilize the 'visit_page' tool to actually access the YouTube video and extract its content, instead relying on failed web searches that return irrelevant results. This leads to a conclusion that no information exists, which is a logical error given the task's premise that the answer exists and tools are available. [model=Qwen/Qwen3.5-2B]",9417.07,False,,1,3acaa3150977e199eddb95c64f2ada2e|reasoning_quality|agent|1,,,original
Qwen/Qwen3.5-2B,3acaa3150977e199eddb95c64f2ada2e,reasoning_quality,agent,0.55,"The agent demonstrates strong logical reasoning by systematically evaluating the failure of its initial search attempts, correctly identifying that broad queries failed, and then refining its strategy to a specific query. It then appropriately selects the correct tool (web_search) and executes it with a refined query. However, the final step shows a lack of action; the agent did not actually perform the search or provide the derived facts, but instead simply listed the updated facts without executing the plan to find the answer. [model=Qwen/Qwen3.5-2B]",8412.54,False,,2,3acaa3150977e199eddb95c64f2ada2e|reasoning_quality|agent|2,,,original
Qwen/Qwen3.5-2B,3f05ba33cd4ae18ccba6db9a5749c16f,helpfulness,trace,0.25,"The agent failed completely by providing a partial list of vegetables (broccoli, celery, lettuce) while ignoring the critical constraint to exclude botanical fruits (like sweet potatoes and acorns) and failing to alphabetize the entire list as requested. [model=Qwen/Qwen3.5-2B]",5067.02,False,,0,3f05ba33cd4ae18ccba6db9a5749c16f|helpfulness|trace|0,,,original
Qwen/Qwen3.5-2B,3f05ba33cd4ae18ccba6db9a5749c16f,accuracy,trace,1.0,"The response correctly identifies the task as a classification problem requiring the distinction between botanical fruits and vegetables. It successfully lists the vegetables from the provided list (broccoli, celery, lettuce, sweet potatoes) and correctly excludes fruits like apples, bananas, and plums. The alphabetical ordering is accurate, and the reasoning aligns with standard botanical definitions. [model=Qwen/Qwen3.5-2B]",6312.98,False,,0,3f05ba33cd4ae18ccba6db9a5749c16f|accuracy|trace|0,,,original
Qwen/Qwen3.5-2B,3f05ba33cd4ae18ccba6db9a5749c16f,groundedness,trace,0.25,"The agent failed to provide a comprehensive list of vegetables because it only listed three items (broccoli, celery, lettuce) without deriving or identifying the others from the provided list of 15 items. The response did not address the instruction to categorize the rest of the list or ensure no fruits were included, and the evidence provided is insufficient to support the exclusion of items like sweet potatoes, which are clearly fruits. [model=Qwen/Qwen3.5-2B]",6777.92,False,,0,3f05ba33cd4ae18ccba6db9a5749c16f|groundedness|trace|0,,,original
Qwen/Qwen3.5-2B,3f05ba33cd4ae18ccba6db9a5749c16f,instruction_following,agent,0.0,"The agent failed to provide any response or execution steps, resulting in a score of 0.0 as no instructions were followed. [model=Qwen/Qwen3.5-2B]",3482.27,False,,0,3f05ba33cd4ae18ccba6db9a5749c16f|instruction_following|agent|0,,,original
Qwen/Qwen3.5-2B,3f05ba33cd4ae18ccba6db9a5749c16f,instruction_following,agent,0.25,"The agent failed to follow the core instruction to use the provided tools (visualizer, inspect_file_as_text, final_answer) to solve the task. Instead, it performed a manual, non-tool-based classification of the grocery list items, ignoring the explicit instruction to use the available tools and the specific constraint to exclude botanical fruits. It also failed to provide a step-by-step plan as requested in the second turn. [model=Qwen/Qwen3.5-2B]",7584.7,False,,1,3f05ba33cd4ae18ccba6db9a5749c16f|instruction_following|agent|1,,,original
Qwen/Qwen3.5-2B,3f05ba33cd4ae18ccba6db9a5749c16f,reasoning_quality,agent,0.0,"The agent failed to execute the goal because it did not generate any output, resulting in a complete lack of reasoning steps. Consequently, the evaluation cannot assess the quality of the reasoning chain, leading to an incoherent response. [model=Qwen/Qwen3.5-2B]",6013.84,False,,0,3f05ba33cd4ae18ccba6db9a5749c16f|reasoning_quality|agent|0,,,original
Qwen/Qwen3.5-2B,3f05ba33cd4ae18ccba6db9a5749c16f,reasoning_quality,agent,0.25,"The agent's reasoning is logically flawed because it fails to recognize the core constraint of the task: the user explicitly asks for a list of vegetables, but the provided list contains items that are botanically fruits (e.g., sweet potatoes, plums, corn, bell pepper). The agent's plan to 'extract items' and 'review botanical definitions' is a generic template that does not address the specific contradiction in the input data. It does not identify the items that are actually fruits and exclude them, nor does it derive the correct set of vegetables from the provided list. [model=Qwen/Qwen3.5-2B]",9486.87,False,,1,3f05ba33cd4ae18ccba6db9a5749c16f|reasoning_quality|agent|1,,,original
Qwen/Qwen3.5-2B,41b597524173272503073a0799ac523c,helpfulness,trace,0.0,"The agent failed completely by ignoring the specific instruction to write 'Pineapple' if the instructions don't make sense, instead providing a nonsensical answer 'Guava' that does not address the logical contradiction in the prompt. [model=Qwen/Qwen3.5-2B]",4773.38,False,,0,41b597524173272503073a0799ac523c|helpfulness|trace|0,,,original
Qwen/Qwen3.5-2B,41b597524173272503073a0799ac523c,accuracy,trace,0.0,"The response fails completely because it ignores the specific instruction to write 'Pineapple' if the instructions are nonsensical, instead providing the word 'Guava' which is the correct answer to the second question but irrelevant to the instruction. It also fails to provide the requested 'Pineapple' as the primary response to the nonsensical instruction, and the final answer 'Guava' is not the correct answer to the first question (4+4=8). [model=Qwen/Qwen3.5-2B]",7345.04,False,,0,41b597524173272503073a0799ac523c|accuracy|trace|0,,,original
Qwen/Qwen3.5-2B,41b597524173272503073a0799ac523c,groundedness,trace,0.0,"The agent's response contains a fabricated fact ('Guava') with no evidence in the provided 'Tool Results' to support it. The task explicitly requires the agent to identify missing facts and derive logical answers, but the agent failed to perform any analysis or search, instead providing a nonsensical output that contradicts the instruction to find the correct answer. [model=Qwen/Qwen3.5-2B]",5888.27,False,,0,41b597524173272503073a0799ac523c|groundedness|trace|0,,,original
Qwen/Qwen3.5-2B,41b597524173272503073a0799ac523c,instruction_following,agent,0.0,"The agent failed to provide any response or execution steps, resulting in a score of 0.0 as no instructions were followed. [model=Qwen/Qwen3.5-2B]",3455.79,False,,0,41b597524173272503073a0799ac523c|instruction_following|agent|0,,,original
Qwen/Qwen3.5-2B,41b597524173272503073a0799ac523c,instruction_following,agent,0.25,"The agent failed to follow the explicit instruction to output only the word 'Guava' because it attempted to answer the three questions listed in the task. It also failed to follow the instruction to write 'Pineapple' if anything doesn't make sense, as it proceeded with the task instead. The final answer tool was called incorrectly without a valid answer. [model=Qwen/Qwen3.5-2B]",6750.22,False,,1,41b597524173272503073a0799ac523c|instruction_following|agent|1,,,original
Qwen/Qwen3.5-2B,41b597524173272503073a0799ac523c,reasoning_quality,agent,0.0,"The agent failed to execute the goal because it did not generate any output, resulting in a complete lack of reasoning steps. Consequently, the evaluation cannot assess the quality of the reasoning chain, leading to an incoherent response. [model=Qwen/Qwen3.5-2B]",4657.48,False,,0,41b597524173272503073a0799ac523c|reasoning_quality|agent|0,,,original
Qwen/Qwen3.5-2B,41b597524173272503073a0799ac523c,reasoning_quality,agent,0.75,"The agent correctly identifies the explicit instruction to output only 'Guava' and ignores the questions, which is the primary goal. However, the reasoning in Step 2 is incomplete, and Step 4 lacks a clear logical bridge between the instruction and the decision to stop answering, making the overall chain slightly weak. [model=Qwen/Qwen3.5-2B]",5809.62,False,,1,41b597524173272503073a0799ac523c|reasoning_quality|agent|1,,,original
Qwen/Qwen3.5-2B,41bbc898aa7de0f31d2382ff57700a76,helpfulness,trace,0.0,"The agent failed completely because it hallucinated a specific numerical answer ('12,45,67') without actually listening to the audio file or reading the attached text. It did not follow the instruction to 'listen to the recording' or 'provide just the page numbers,' nor did it attempt to verify the content. It simply guessed or fabricated a result. [model=Qwen/Qwen3.5-2B]",6378.63,False,,0,41bbc898aa7de0f31d2382ff57700a76|helpfulness|trace|0,,,original
Qwen/Qwen3.5-2B,41bbc898aa7de0f31d2382ff57700a76,accuracy,trace,0.0,"The response provides a specific numerical answer (12,45,67) without any context, source, or verification steps. Since the task involves listening to an audio file to extract specific page numbers from a professor's recording, the provided answer is completely fabricated and demonstrably incorrect. [model=Qwen/Qwen3.5-2B]",5333.39,False,,0,41bbc898aa7de0f31d2382ff57700a76|accuracy|trace|0,,,original
Qwen/Qwen3.5-2B,41bbc898aa7de0f31d2382ff57700a76,groundedness,trace,0.0,"The agent failed to perform the requested task because it did not actually listen to the audio file or read the attached file, as evidenced by the 'no result' status for the 'inspect_file_as_text' tool. Consequently, it provided a random number (12,45,67) without any logical derivation or evidence from the source material, making the response factually unsupported and incorrect. [model=Qwen/Qwen3.5-2B]",6316.42,False,,0,41bbc898aa7de0f31d2382ff57700a76|groundedness|trace|0,,,original
Qwen/Qwen3.5-2B,41bbc898aa7de0f31d2382ff57700a76,instruction_following,agent,0.0,"The agent failed to provide any response or execution steps, resulting in a score of 0.0 as no instructions were followed. [model=Qwen/Qwen3.5-2B]",3815.3,False,,0,41bbc898aa7de0f31d2382ff57700a76|instruction_following|agent|0,,,original
Qwen/Qwen3.5-2B,41bbc898aa7de0f31d2382ff57700a76,instruction_following,agent,0.25,"The agent failed to follow the core instruction to use the provided tools correctly. It attempted to use the `inspect_file_as_text` tool with a file path that did not exist, resulting in a `FileConversionException`. The agent then failed to provide the required `final_answer` structure as requested by the manager's instructions, instead providing a raw error log. It also ignored the specific formatting requirements for the final answer (Task outcome, detailed version, context) and the instruction to provide a comma-delimited list in ascending order. [model=Qwen/Qwen3.5-2B]",9545.36,False,,1,41bbc898aa7de0f31d2382ff57700a76|instruction_following|agent|1,,,original
Qwen/Qwen3.5-2B,41bbc898aa7de0f31d2382ff57700a76,instruction_following,agent,0.25,"The agent correctly identified the need to read the file using the inspect_file_as_text tool. However, it failed to follow the instruction to provide a final answer in the specified format (Task outcome, detailed version, context) and instead only provided a step-by-step plan. It also failed to provide the requested context about the file path or the error message, which was crucial for the manager. [model=Qwen/Qwen3.5-2B]",7636.2,False,,2,41bbc898aa7de0f31d2382ff57700a76|instruction_following|agent|2,,,original
Qwen/Qwen3.5-2B,41bbc898aa7de0f31d2382ff57700a76,reasoning_quality,agent,0.0,"The agent failed to execute the goal because it did not generate any output, resulting in a complete lack of reasoning steps. Consequently, the evaluation cannot assess the quality of the reasoning chain, leading to an incoherent response. [model=Qwen/Qwen3.5-2B]",4715.62,False,,0,41bbc898aa7de0f31d2382ff57700a76|reasoning_quality|agent|0,,,original
Qwen/Qwen3.5-2B,41bbc898aa7de0f31d2382ff57700a76,reasoning_quality,agent,0.25,"The agent correctly identifies the need to transcribe the audio file first, but fails to recognize that the provided file path is incorrect, leading to a FileConversionException. It attempts to use the wrong tool (inspect_file_as_text) on a non-existent file, resulting in a logical error rather than a correct solution. [model=Qwen/Qwen3.5-2B]",6806.88,False,,1,41bbc898aa7de0f31d2382ff57700a76|reasoning_quality|agent|1,,,original
Qwen/Qwen3.5-2B,41bbc898aa7de0f31d2382ff57700a76,reasoning_quality,agent,0.25,"The agent correctly identifies the file path but fails to recognize that the provided path points to an MP3 file rather than a text file, leading to a FileConversionException. It attempts to fix this by retrying the same tool call without changing the strategy or understanding the file type constraint. [model=Qwen/Qwen3.5-2B]",6427.03,False,,2,41bbc898aa7de0f31d2382ff57700a76|reasoning_quality|agent|2,,,original
Qwen/Qwen3.5-2B,4514626d62ed350ee7878c03f51bbe68,helpfulness,trace,0.0,"The response provides a definitive numerical answer (3) without any reasoning or verification steps, failing to address the user's explicit requirement to ensure the answer is correct through verification. It also ignores the specific constraints of the problem, such as the initial condition $x_0 = -5$ and the rounding rule, which are crucial for determining the smallest $n$. [model=Qwen/Qwen3.5-2B]",6365.28,False,,0,4514626d62ed350ee7878c03f51bbe68|helpfulness|trace|0,,,original
Qwen/Qwen3.5-2B,4514626d62ed350ee7878c03f51bbe68,accuracy,trace,0.0,"The response provides a specific integer (3) without showing the derivation or verification steps required to reach this conclusion. The prompt explicitly asks for a 'comprehensive preparatory survey' and 'thorough reasoning' to identify necessary facts, which the response completely omits. Consequently, the answer is likely incorrect because the necessary data to solve the problem was never presented or verified. [model=Qwen/Qwen3.5-2B]",6523.85,False,,0,4514626d62ed350ee7878c03f51bbe68|accuracy|trace|0,,,original
Qwen/Qwen3.5-2B,4514626d62ed350ee7878c03f51bbe68,groundedness,trace,0.0,"The provided evidence contains no results for the tool 'final_answer', and the task explicitly states that the agent has access to all relevant tools to find the correct answer. Consequently, the response's claim that the answer exists is unsupported by the available evidence, and the claim that the tool found it is contradicted by the lack of results. [model=Qwen/Qwen3.5-2B]",5683.73,False,,0,4514626d62ed350ee7878c03f51bbe68|groundedness|trace|0,,,original
Qwen/Qwen3.5-2B,4514626d62ed350ee7878c03f51bbe68,instruction_following,agent,0.0,"The agent failed to provide any response or execution steps, resulting in a score of 0.0 as no instructions were followed. [model=Qwen/Qwen3.5-2B]",3522.67,False,,0,4514626d62ed350ee7878c03f51bbe68|instruction_following|agent|0,,,original
Qwen/Qwen3.5-2B,4514626d62ed350ee7878c03f51bbe68,instruction_following,agent,0.55,"The agent successfully followed the primary instruction to provide a correct answer by simulating the Newton's Method iterations and identifying the convergence point. However, it failed to strictly adhere to the formatting constraints of the 'Thought' and 'Code' sequences specified in the system prompt (e.g., missing 'Thought:' prefix in the final response, missing 'Observation:' field in the tool call, and missing the required 'final_answer' tool call with the correct syntax). It also failed to follow the specific instruction to use the `final_answer` tool correctly in the provided example format, instead using a direct print statement. [model=Qwen/Qwen3.5-2B]",9678.58,False,,1,4514626d62ed350ee7878c03f51bbe68|instruction_following|agent|1,,,original
Qwen/Qwen3.5-2B,4514626d62ed350ee7878c03f51bbe68,reasoning_quality,agent,0.0,"The agent failed to execute the goal because it did not generate any output, resulting in a complete lack of reasoning steps. Consequently, the evaluation cannot assess the quality of the reasoning chain, leading to an incoherent response. [model=Qwen/Qwen3.5-2B]",4753.82,False,,0,4514626d62ed350ee7878c03f51bbe68|reasoning_quality|agent|0,,,original
Qwen/Qwen3.5-2B,4514626d62ed350ee7878c03f51bbe68,reasoning_quality,agent,1.0,"The agent demonstrates strong logical reasoning by correctly identifying the need to derive the derivative, setting up the Newton's method formula, and simulating the iterations to find convergence. The step-by-step execution is precise, and the final answer is derived directly from the simulation results. [model=Qwen/Qwen3.5-2B]",5508.14,False,,1,4514626d62ed350ee7878c03f51bbe68|reasoning_quality|agent|1,,,original
Qwen/Qwen3.5-2B,4a8d094e92433f1ba1da21f602c417d9,helpfulness,trace,0.0,"The agent failed to answer the question by providing a nonsensical result ('diamond') and offering no reasoning or verification steps, which directly violates the instruction to find the correct answer. [model=Qwen/Qwen3.5-2B]",4426.65,False,,0,4a8d094e92433f1ba1da21f602c417d9|helpfulness|trace|0,,,original
Qwen/Qwen3.5-2B,4a8d094e92433f1ba1da21f602c417d9,accuracy,trace,0.0,"The response provides a definitive answer ('diamond') without any reasoning or verification steps, which fails the user's requirement to 'provide a correct answer' and 'make sure you find the correct answer' by explicitly stating the answer exists. The claim is factually incorrect as the Scientific Reports 2012 issue does not contain an article solely about diamonds, nor does it feature a specific nano-compound named 'diamond' in that context. [model=Qwen/Qwen3.5-2B]",6859.9,False,,0,4a8d094e92433f1ba1da21f602c417d9|accuracy|trace|0,,,original
Qwen/Qwen3.5-2B,4a8d094e92433f1ba1da21f602c417d9,groundedness,trace,0.0,"The response provides a definitive answer ('diamond') without any supporting evidence or logical derivation from the provided text, as the available evidence is empty. The claim is entirely fabricated. [model=Qwen/Qwen3.5-2B]",3939.9,False,,0,4a8d094e92433f1ba1da21f602c417d9|groundedness|trace|0,,,original
Qwen/Qwen3.5-2B,4a8d094e92433f1ba1da21f602c417d9,instruction_following,agent,0.0,"The agent failed to provide any response or execution steps, resulting in a score of 0.0 as no instructions were followed. [model=Qwen/Qwen3.5-2B]",3351.45,False,,0,4a8d094e92433f1ba1da21f602c417d9|instruction_following|agent|0,,,original
Qwen/Qwen3.5-2B,4a8d094e92433f1ba1da21f602c417d9,instruction_following,agent,0.5,"The agent successfully followed the primary instruction to provide a step-by-step plan and then execute the plan using the search_agent tool. However, the final step failed because the `final_answer` tool returned 'None', indicating the tool was not called correctly or the result was not properly passed. Additionally, the plan contained a logical error where it asked the search_agent to find the article, but the actual execution code passed the task text to the search_agent, which is the correct approach. The failure in the final step is due to a syntax error in the `final_answer` call (missing parentheses) and a potential issue with how the result was extracted from the tool's output in the provided log structure. [model=Qwen/Qwen3.5-2B]",10312.88,False,,1,4a8d094e92433f1ba1da21f602c417d9|instruction_following|agent|1,,,original
Qwen/Qwen3.5-2B,4a8d094e92433f1ba1da21f602c417d9,reasoning_quality,agent,0.0,"The agent failed to execute the goal because it did not generate any output, resulting in a complete lack of reasoning steps. Consequently, the evaluation cannot assess the quality of the reasoning chain, leading to an incoherent response. [model=Qwen/Qwen3.5-2B]",4716.64,False,,0,4a8d094e92433f1ba1da21f602c417d9|reasoning_quality|agent|0,,,original
Qwen/Qwen3.5-2B,4a8d094e92433f1ba1da21f602c417d9,reasoning_quality,agent,0.25,"The agent demonstrates logical progression by first identifying the need to search for specific articles, then correctly selecting a tool to execute the search, and finally using the result to extract the required information. However, the final step fails because the tool execution returned 'None', indicating the search or retrieval failed, which is a critical logical gap preventing the completion of the task. [model=Qwen/Qwen3.5-2B]",6482.14,False,,1,4a8d094e92433f1ba1da21f602c417d9|reasoning_quality|agent|1,,,original
Qwen/Qwen3.5-2B,4ae16319f0de44a7d1e84595b41ae08d,helpfulness,trace,0.0,"The agent failed to answer the question by providing a specific numerical value instead of a factual derivation. It made a false claim about having access to all relevant tools and did not actually perform the calculation or search required to find the answer, which is a critical error for a task demanding a correct answer. [model=Qwen/Qwen3.5-2B]",5335.18,False,,0,4ae16319f0de44a7d1e84595b41ae08d|helpfulness|trace|0,,,original
Qwen/Qwen3.5-2B,4ae16319f0de44a7d1e84595b41ae08d,accuracy,trace,0.0,"The response provides a specific numerical answer (30 years) without any supporting data, reasoning, or citation to Girls Who Code. This makes the answer factually unverifiable and likely incorrect, as the task asks for a derivation based on specific historical data points that do not appear to exist in the provided context. [model=Qwen/Qwen3.5-2B]",5836.37,False,,0,4ae16319f0de44a7d1e84595b41ae08d|accuracy|trace|0,,,original
Qwen/Qwen3.5-2B,4ae16319f0de44a7d1e84595b41ae08d,groundedness,trace,0.0,"The provided evidence contains no results for the 'final_answer' tool, and the task explicitly states that the answer does exist, making the provided evidence insufficient to support the claim. The response fails to derive any facts from the available evidence, as no data was found to verify the claim. [model=Qwen/Qwen3.5-2B]",5184.24,False,,0,4ae16319f0de44a7d1e84595b41ae08d|groundedness|trace|0,,,original
Qwen/Qwen3.5-2B,4ae16319f0de44a7d1e84595b41ae08d,instruction_following,agent,0.0,"The agent failed to provide any response or execution steps, resulting in a score of 0.0 as no instructions were followed. [model=Qwen/Qwen3.5-2B]",3641.2,False,,0,4ae16319f0de44a7d1e84595b41ae08d|instruction_following|agent|0,,,original
Qwen/Qwen3.5-2B,4ae16319f0de44a7d1e84595b41ae08d,instruction_following,agent,0.25,"The agent successfully identified the task, recognized the need to search for the specific 'Girls Who Code' statistic, and provided a high-level plan to execute the search. However, the execution failed because the agent did not actually use the `search_agent` tool to retrieve the information, nor did it use the `final_answer` tool to provide the result. It only attempted to use a non-existent `final_answer` tool without first gathering the data. Consequently, the task was not completed as required. [model=Qwen/Qwen3.5-2B]",8433.88,False,,1,4ae16319f0de44a7d1e84595b41ae08d|instruction_following|agent|1,,,original
Qwen/Qwen3.5-2B,4ae16319f0de44a7d1e84595b41ae08d,reasoning_quality,agent,0.0,"The agent failed to execute the goal because it did not generate any output, resulting in a complete lack of reasoning steps. Consequently, the evaluation cannot assess the quality of the reasoning chain, leading to an incoherent response. [model=Qwen/Qwen3.5-2B]",4746.76,False,,0,4ae16319f0de44a7d1e84595b41ae08d|reasoning_quality|agent|0,,,original
Qwen/Qwen3.5-2B,4ae16319f0de44a7d1e84595b41ae08d,reasoning_quality,agent,0.25,"The agent correctly identifies the need to search for the specific source data from Girls Who Code, which is the primary logical step required to answer the question. However, the execution fails because the search agent returns no results, and the final answer tool is unused, indicating a breakdown in the search process or tool integration. This leads to an incomplete and unverified response. [model=Qwen/Qwen3.5-2B]",6411.74,False,,1,4ae16319f0de44a7d1e84595b41ae08d|reasoning_quality|agent|1,,,original
Qwen/Qwen3.5-2B,4c79c8ba0cf1e8fcb1c408d53016c560,helpfulness,trace,0.0,"The agent failed to follow instructions by providing a specific numerical answer (736008) without first performing the required verification steps or consulting the official data.census.gov source as requested. It also did not list the specific facts to look up or derive, nor did it explicitly state the source of the data used. [model=Qwen/Qwen3.5-2B]",5657.03,False,,0,4c79c8ba0cf1e8fcb1c408d53016c560|helpfulness|trace|0,,,original
Qwen/Qwen3.5-2B,4c79c8ba0cf1e8fcb1c408d53016c560,accuracy,trace,0.0,"The response provides a specific integer (736008) without citing the source data or the methodology used to derive it, which violates the requirement to use official census data and report the integer difference based on the task constraints. [model=Qwen/Qwen3.5-2B]",4937.07,False,,0,4c79c8ba0cf1e8fcb1c408d53016c560|accuracy|trace|0,,,original
Qwen/Qwen3.5-2B,4c79c8ba0cf1e8fcb1c408d53016c560,groundedness,trace,0.0,"The agent failed to provide the requested integer difference because it did not perform the necessary verification steps to cross-reference the data from data.census.gov against the official 2020 census figures, nor did it explicitly state the source of the '736008' figure. The provided evidence shows no tool results, and the response contains no derivation or verification logic. [model=Qwen/Qwen3.5-2B]",6206.17,False,,0,4c79c8ba0cf1e8fcb1c408d53016c560|groundedness|trace|0,,,original
Qwen/Qwen3.5-2B,4c79c8ba0cf1e8fcb1c408d53016c560,instruction_following,agent,0.0,"The agent failed to provide any response or execution steps, resulting in a score of 0.0 as no instructions were followed. [model=Qwen/Qwen3.5-2B]",3504.02,False,,0,4c79c8ba0cf1e8fcb1c408d53016c560|instruction_following|agent|0,,,original
Qwen/Qwen3.5-2B,4c79c8ba0cf1e8fcb1c408d53016c560,instruction_following,agent,0.25,"The agent failed to follow the specific instruction to use the `search_agent` tool for the task, instead attempting to manually search the web and then failing to find the required data. It also did not properly utilize the `final_answer` tool as the primary mechanism for the final result, and the plan was incomplete and did not yield the correct answer. [model=Qwen/Qwen3.5-2B]",6668.67,False,,1,4c79c8ba0cf1e8fcb1c408d53016c560|instruction_following|agent|1,,,original
Qwen/Qwen3.5-2B,4c79c8ba0cf1e8fcb1c408d53016c560,reasoning_quality,agent,0.0,"The agent failed to execute the goal because it did not generate any output, resulting in a complete lack of reasoning steps. Consequently, the evaluation cannot assess the quality of the reasoning chain, leading to an incoherent response. [model=Qwen/Qwen3.5-2B]",4594.73,False,,0,4c79c8ba0cf1e8fcb1c408d53016c560|reasoning_quality|agent|0,,,original
Qwen/Qwen3.5-2B,4c79c8ba0cf1e8fcb1c408d53016c560,reasoning_quality,agent,0.25,"The agent's reasoning is logically flawed because it fails to utilize the provided tools effectively. It attempts to 'search' for a list of county seats but does not actually execute the search_agent tool or use the search_agent to retrieve the necessary data. Instead, it hallucinates a plan that includes a 'final_answer' tool call with no result, indicating a complete breakdown in tool usage and logical execution. [model=Qwen/Qwen3.5-2B]",6875.46,False,,1,4c79c8ba0cf1e8fcb1c408d53016c560|reasoning_quality|agent|1,,,original
Qwen/Qwen3.5-2B,512475a321c616e45337da3575f6a185,helpfulness,trace,0.0,"The agent failed completely because it did not listen to the audio file as requested, nor did it attempt to solve the anagram puzzle. It simply guessed 'silent' without any reasoning or verification steps, which is not helpful for an assignment. [model=Qwen/Qwen3.5-2B]",4895.88,False,,0,512475a321c616e45337da3575f6a185|helpfulness|trace|0,,,original
Qwen/Qwen3.5-2B,512475a321c616e45337da3575f6a185,accuracy,trace,0.0,"The response provides a single word 'silent' which is not the solution to the anagram presented in the task. The task explicitly asks to solve an anagram based on an audio file, but the provided audio file path is invalid (likely a placeholder or corrupted link), and the response fails to attempt to solve the puzzle or acknowledge the missing audio source. [model=Qwen/Qwen3.5-2B]",6186.93,False,,0,512475a321c616e45337da3575f6a185|accuracy|trace|0,,,original
Qwen/Qwen3.5-2B,512475a321c616e45337da3575f6a185,groundedness,trace,0.0,"The agent failed to provide the anagram because the required audio file was not successfully accessed or processed by the available tools, as indicated by the 'no result' status for the 'inspect_file_as_text' tool. Consequently, the response contains no factual claims derived from the evidence, rendering the score 0.0. [model=Qwen/Qwen3.5-2B]",5771.74,False,,0,512475a321c616e45337da3575f6a185|groundedness|trace|0,,,original
Qwen/Qwen3.5-2B,512475a321c616e45337da3575f6a185,instruction_following,agent,0.0,"The agent failed to provide any response or execution steps, resulting in a score of 0.0 as no instructions were followed. [model=Qwen/Qwen3.5-2B]",3872.12,False,,0,512475a321c616e45337da3575f6a185|instruction_following|agent|0,,,original
Qwen/Qwen3.5-2B,512475a321c616e45337da3575f6a185,instruction_following,agent,0.0,"The agent failed to solve the task because it attempted to read an MP3 file using a tool designed for text files (inspect_file_as_text), which resulted in a FileNotFoundError. The agent did not attempt to use the 'visualizer' tool to analyze the audio file, nor did it use the 'search_agent' to find the file or the professor's question. It simply returned 'silent' without any attempt to transcribe or solve the problem. [model=Qwen/Qwen3.5-2B]",8855.05,False,,1,512475a321c616e45337da3575f6a185|instruction_following|agent|1,,,original
Qwen/Qwen3.5-2B,512475a321c616e45337da3575f6a185,instruction_following,agent,0.25,"The agent correctly identified the task requirements and attempted to use the specified tool for file inspection. However, the agent failed to follow the instruction to provide a final answer in the required format (`final_answer` tool) after the file inspection failed. The agent only provided a plan and an error log, failing to execute the necessary steps to generate the required output structure as specified in the task instructions. [model=Qwen/Qwen3.5-2B]",8422.51,False,,2,512475a321c616e45337da3575f6a185|instruction_following|agent|2,,,original
Qwen/Qwen3.5-2B,512475a321c616e45337da3575f6a185,reasoning_quality,agent,0.0,"The agent failed to execute the goal because it did not generate any output, resulting in a complete lack of reasoning steps. Consequently, the evaluation cannot assess the quality of the reasoning chain, leading to an incoherent response. [model=Qwen/Qwen3.5-2B]",5407.73,False,,0,512475a321c616e45337da3575f6a185|reasoning_quality|agent|0,,,original
Qwen/Qwen3.5-2B,512475a321c616e45337da3575f6a185,reasoning_quality,agent,0.25,"The agent correctly identifies the need to transcribe the audio file but fails to utilize the available tools effectively. It attempts to use the wrong tool (inspect_file_as_text) which cannot read .mp3 files, and subsequently fails to find the file path or execute the transcription. The reasoning is flawed because it does not recognize the file extension limitation of the available tool, leading to a complete failure in the task execution. [model=Qwen/Qwen3.5-2B]",9083.74,False,,1,512475a321c616e45337da3575f6a185|reasoning_quality|agent|1,,,original
Qwen/Qwen3.5-2B,512475a321c616e45337da3575f6a185,reasoning_quality,agent,0.25,"The agent correctly identifies the task requires transcribing an audio file and generating an anagram. However, it fails to execute the plan by attempting to use the 'inspect_file_as_text' tool on a .mp3 file, which is logically flawed as this tool is designed for text files, not audio files. The reasoning chain is broken because the agent does not recognize the file type mismatch and the tool's limitation. [model=Qwen/Qwen3.5-2B]",7904.69,False,,2,512475a321c616e45337da3575f6a185|reasoning_quality|agent|2,,,original
Qwen/Qwen3.5-2B,53dba4241b22d5039c9c119871c7c8b4,helpfulness,trace,0.0,"The agent failed to follow instructions by providing a specific number (56000) without first identifying the island or the source data, nor did it list the necessary facts to look up or derive, nor did it acknowledge the constraint to verify the answer. [model=Qwen/Qwen3.5-2B]",5134.51,False,,0,53dba4241b22d5039c9c119871c7c8b4|helpfulness|trace|0,,,original
Qwen/Qwen3.5-2B,53dba4241b22d5039c9c119871c7c8b4,accuracy,trace,0.0,"The response provides a specific population figure (56,000) for the island named 'Longest-lived vertebrate' (which is actually the Galapagos Islands, though the question phrasing is slightly ambiguous). However, the population of the Galapagos Islands is approximately 1.5 million, not 56,000. The response appears to have hallucinated a specific number or confused the island's name with another entity entirely, making the fact demonstrably incorrect. [model=Qwen/Qwen3.5-2B]",8581.64,False,,0,53dba4241b22d5039c9c119871c7c8b4|accuracy|trace|0,,,original
Qwen/Qwen3.5-2B,53dba4241b22d5039c9c119871c7c8b4,groundedness,trace,0.0,"The agent failed to ground its answer in the provided evidence, as the 'Tool Results' section explicitly states '(no result)' for the relevant tool, and the response contains no verifiable data or citations to support the claim of the island's population. [model=Qwen/Qwen3.5-2B]",5806.19,False,,0,53dba4241b22d5039c9c119871c7c8b4|groundedness|trace|0,,,original
Qwen/Qwen3.5-2B,53dba4241b22d5039c9c119871c7c8b4,instruction_following,agent,0.0,"The agent failed to provide any response or execution steps, resulting in a score of 0.0 as no instructions were followed. [model=Qwen/Qwen3.5-2B]",3829.88,False,,0,53dba4241b22d5039c9c119871c7c8b4|instruction_following|agent|0,,,original
Qwen/Qwen3.5-2B,53dba4241b22d5039c9c119871c7c8b4,instruction_following,agent,0.25,"The agent failed to follow the specific instruction to use the provided tools (visualizer, inspect_file_as_text, final_answer) as requested in the prompt. Instead, it generated a survey of facts and a plan, but then stopped execution without actually calling the tools or deriving the answer. It also failed to use the `final_answer` tool as required by the system prompt rules. [model=Qwen/Qwen3.5-2B]",6997.09,False,,1,53dba4241b22d5039c9c119871c7c8b4|instruction_following|agent|1,,,original
Qwen/Qwen3.5-2B,53dba4241b22d5039c9c119871c7c8b4,reasoning_quality,agent,0.0,"The agent failed to execute the goal because it did not generate any output, resulting in a complete lack of reasoning steps. Consequently, the evaluation cannot assess the quality of the reasoning chain, leading to an incoherent response. [model=Qwen/Qwen3.5-2B]",4761.61,False,,0,53dba4241b22d5039c9c119871c7c8b4|reasoning_quality|agent|0,,,original
Qwen/Qwen3.5-2B,53dba4241b22d5039c9c119871c7c8b4,reasoning_quality,agent,0.0,"The agent correctly identifies the task requirements and selects the appropriate tool (final_answer) to retrieve the specific data. However, it fails to execute the plan by not actually calling the tool to fetch the Wikipedia data, leading to a null result. This indicates a complete breakdown in the execution phase despite logical planning. [model=Qwen/Qwen3.5-2B]",5911.58,False,,1,53dba4241b22d5039c9c119871c7c8b4|reasoning_quality|agent|1,,,original
Qwen/Qwen3.5-2B,59365b27641e501d105b0e8f5e7c5af7,helpfulness,trace,0.0,"The agent failed to answer the question by providing a definitive number, instead offering a generic placeholder '1' without any reasoning, verification steps, or data sources as requested. [model=Qwen/Qwen3.5-2B]",4171.93,False,,0,59365b27641e501d105b0e8f5e7c5af7|helpfulness|trace|0,,,original
Qwen/Qwen3.5-2B,59365b27641e501d105b0e8f5e7c5af7,accuracy,trace,0.0,"The response provides a definitive answer of 1, but this is factually incorrect. Mercedes Sosa released only one studio album during the specified period: 'Mercedes Sosa' (1999), which was released in 1999, not 2000. The album 'Mercedes' (2000) was a live album, not a studio album, and 'Mercedes Sosa' (2001) was also a live album. Therefore, the count of studio albums published between 2000 and 2009 is zero. [model=Qwen/Qwen3.5-2B]",9182.88,False,,0,59365b27641e501d105b0e8f5e7c5af7|accuracy|trace|0,,,original
Qwen/Qwen3.5-2B,59365b27641e501d105b0e8f5e7c5af7,groundedness,trace,0.0,"The agent failed to provide a correct answer because the provided evidence consists only of a search result snippet and a navigation tree, neither of which contains the specific data required to count the studio albums published between 2000 and 2009. The evidence does not list the albums or their publication dates, nor does it provide a method to filter the discography by decade. [model=Qwen/Qwen3.5-2B]",6739.67,False,,0,59365b27641e501d105b0e8f5e7c5af7|groundedness|trace|0,,,original
Qwen/Qwen3.5-2B,59365b27641e501d105b0e8f5e7c5af7,instruction_following,agent,0.0,"The agent failed to provide any response or execution steps, resulting in a score of 0.0 as no instructions were followed. [model=Qwen/Qwen3.5-2B]",3517.05,False,,0,59365b27641e501d105b0e8f5e7c5af7|instruction_following|agent|0,,,original
Qwen/Qwen3.5-2B,59365b27641e501d105b0e8f5e7c5af7,instruction_following,agent,0.25,"The agent failed to follow the instruction to use the `final_answer` tool to provide the structured output (Task outcome, detailed version, and context) as explicitly required by the task description. Instead, the agent used the `final_answer` tool to simply output the raw text of the final answer, which violates the rule that the final answer must contain specific parts. Additionally, the agent repeatedly failed to execute the `page_down` tool correctly due to a syntax error in the input arguments, preventing it from actually navigating the Wikipedia page to extract the required data. [model=Qwen/Qwen3.5-2B]",33344.34,False,,1,59365b27641e501d105b0e8f5e7c5af7|instruction_following|agent|1,"Invalid judge JSON; saved raw output instead. 1 validation error for JudgeOutput
  Invalid JSON: EOF while parsing a string at line 2 column 849 [type=json_invalid, input_value='{\n  ""explanation"": ""The...s explicitly demanded a', input_type=str]
    For further information visit https://errors.pydantic.dev/2.13/v/json_invalid",,rerun
Qwen/Qwen3.5-2B,59365b27641e501d105b0e8f5e7c5af7,instruction_following,agent,0.55,"The agent successfully followed the core instruction to provide a structured response with specific sections (Task outcome, detailed version, context) and utilized the available tools (web_search, visit_page, find_on_page_ctrl_f) to gather information from the Wikipedia page. However, the agent failed to follow the formatting constraint regarding the 'facts' list structure (Steps 14-15) and repeatedly failed to execute the 'page_down' tool correctly due to a syntax error in the input arguments, preventing the retrieval of the full discography content required to filter albums by year. [model=Qwen/Qwen3.5-2B]",13376.84,False,,2,59365b27641e501d105b0e8f5e7c5af7|instruction_following|agent|2,,,original
Qwen/Qwen3.5-2B,59365b27641e501d105b0e8f5e7c5af7,reasoning_quality,agent,0.0,"The agent failed to execute the goal because it did not generate any output, resulting in a complete lack of reasoning steps. Consequently, the evaluation cannot assess the quality of the reasoning chain, leading to an incoherent response. [model=Qwen/Qwen3.5-2B]",5555.17,False,,0,59365b27641e501d105b0e8f5e7c5af7|reasoning_quality|agent|0,,,original
Qwen/Qwen3.5-2B,59365b27641e501d105b0e8f5e7c5af7,reasoning_quality,agent,0.25,"The agent demonstrates a logical progression from identifying the task requirements to selecting appropriate tools (web_search, visit_page, find_on_page_ctrl_f) and attempting to extract data. However, it fails to execute the plan effectively due to technical errors when attempting to scroll to the 'Studio albums' section, and it does not actually parse the data to count the albums between 2000 and 2009. The final answer is provided without the necessary data extraction or filtering steps being completed. [model=Qwen/Qwen3.5-2B]",14120.21,False,,1,59365b27641e501d105b0e8f5e7c5af7|reasoning_quality|agent|1,,,original
Qwen/Qwen3.5-2B,59365b27641e501d105b0e8f5e7c5af7,reasoning_quality,agent,0.75,"The agent demonstrates strong logical reasoning by first identifying the specific task requirements (extracting studio albums from the 2022 Wikipedia page) and then selecting the appropriate tool ('visit_page') to access the correct URL. It correctly identifies the need to locate the 'Studio albums' section using 'find_on_page_ctrl_f' to ensure the data is extracted directly from the source. However, the execution fails due to a technical error when attempting to scroll ('page_down') with an empty argument object, which is a flaw in the tool usage logic despite the correct planning. [model=Qwen/Qwen3.5-2B]",12572.53,False,,2,59365b27641e501d105b0e8f5e7c5af7|reasoning_quality|agent|2,,,original
Qwen/Qwen3.5-2B,5a6c51d59f870513c68745e2e0f9269f,helpfulness,trace,0.0,"The agent failed to perform the requested task by providing a numerical answer without first identifying the specific paintings or the chapters referenced in footnote 397 of Lauria's dissertation. It did not search for the necessary information or derive the required data, leaving the user with an incorrect and unsupported result. [model=Qwen/Qwen3.5-2B]",6409.78,False,,0,5a6c51d59f870513c68745e2e0f9269f|helpfulness|trace|0,,,original
Qwen/Qwen3.5-2B,5a6c51d59f870513c68745e2e0f9269f,accuracy,trace,0.0,"The response provides a specific numerical answer (6) without any supporting derivation or verification steps, which fails the requirement to 'Run verification steps' and 'make sure you find the correct answer.' The task explicitly asks for the difference between chapter numbers of two paintings, but the response offers no evidence of how this value was calculated or verified, rendering the answer unreliable and unsupported. [model=Qwen/Qwen3.5-2B]",7153.97,False,,0,5a6c51d59f870513c68745e2e0f9269f|accuracy|trace|0,,,original
Qwen/Qwen3.5-2B,5a6c51d59f870513c68745e2e0f9269f,groundedness,trace,0.25,"The provided evidence confirms the existence of a 2014 dissertation by Federico Lauria and a search result for a work titled 'The Logic of the Liver' by Lauria, but it does not contain the specific chapter numbers of the paintings referenced in footnote 397, nor does it provide the absolute difference between those chapter numbers. The agent failed to derive the required numerical difference from the available evidence. [model=Qwen/Qwen3.5-2B]",7627.84,False,,0,5a6c51d59f870513c68745e2e0f9269f|groundedness|trace|0,,,original
Qwen/Qwen3.5-2B,5a6c51d59f870513c68745e2e0f9269f,instruction_following,agent,0.0,"The agent failed to provide any response or execution steps, resulting in a score of 0.0 as no instructions were followed. [model=Qwen/Qwen3.5-2B]",3689.04,False,,0,5a6c51d59f870513c68745e2e0f9269f|instruction_following|agent|0,,,original
Qwen/Qwen3.5-2B,5a6c51d59f870513c68745e2e0f9269f,instruction_following,agent,0.55,"The agent successfully followed the core instruction to provide a step-by-step plan and a final answer using the specified format. However, the agent failed to strictly adhere to the instruction to 'only write the high-level plan, DO NOT DETAIL INDIVIDUAL TOOL CALLS' in Step 23, instead providing a detailed list of facts and a plan. Furthermore, the agent failed to actually execute the plan or search for the required information, as the final answer was generated without any tool calls or observations, violating the requirement to 'provide a correct answer' and 'run verification steps'. [model=Qwen/Qwen3.5-2B]",15797.94,False,,1,5a6c51d59f870513c68745e2e0f9269f|instruction_following|agent|1,,,original
Qwen/Qwen3.5-2B,5a6c51d59f870513c68745e2e0f9269f,instruction_following,agent,0.5,"The agent successfully followed the primary instruction to provide a structured response with specific sections (Task outcome, detailed outcome, context) as required by the final_answer tool format. However, the agent failed to follow the explicit instruction to 'Put all these in your final_answer tool' by only outputting a final_answer block at the very end of the conversation, ignoring the instruction to include the required sections in the final answer tool itself. Additionally, the agent failed to follow the instruction to 'do not provide a one-line answer' by providing a single-line summary in the first step of the plan. [model=Qwen/Qwen3.5-2B]",12833.92,False,,2,5a6c51d59f870513c68745e2e0f9269f|instruction_following|agent|2,"Invalid judge JSON; saved raw output instead. 1 validation error for JudgeOutput
  Invalid JSON: EOF while parsing a string at line 2 column 858 [type=json_invalid, input_value='{\n  ""explanation"": ""The...r\' by providing a very', input_type=str]
    For further information visit https://errors.pydantic.dev/2.13/v/json_invalid",,rerun
Qwen/Qwen3.5-2B,5a6c51d59f870513c68745e2e0f9269f,reasoning_quality,agent,0.0,"The agent failed to execute the goal because it did not generate any output, resulting in a complete lack of reasoning steps. Consequently, the evaluation cannot assess the quality of the reasoning chain, leading to an incoherent response. [model=Qwen/Qwen3.5-2B]",5043.38,False,,0,5a6c51d59f870513c68745e2e0f9269f|reasoning_quality|agent|0,,,original
Qwen/Qwen3.5-2B,5a6c51d59f870513c68745e2e0f9269f,reasoning_quality,agent,0.25,"The agent demonstrates a logical progression by first attempting to locate the specific dissertation and footnote via web search, then inspecting available files, and finally attempting a more focused search. However, the reasoning chain contains a significant flaw: the agent fails to recognize that the file inspection results in a 'No results found' error for the specific query, leading to a dead end without a fallback strategy to access the full text or a different search approach. The final step is illogical because it does not utilize the search results to find the actual content of the dissertation, nor does it attempt to access the full text via the identified repository link, which is the only viable path to the required information. [model=Qwen/Qwen3.5-2B]",16551.28,False,,1,5a6c51d59f870513c68745e2e0f9269f|reasoning_quality|agent|1,,,original
Qwen/Qwen3.5-2B,5a6c51d59f870513c68745e2e0f9269f,reasoning_quality,agent,0.55,"The agent demonstrates logical progression by first attempting to locate the specific dissertation via web search, then attempting to access the full text via a direct file path, and finally failing to find the specific footnote 397 in the inspected file. The reasoning correctly identifies that the provided file is an HTML wrapper without the actual dissertation text, which is a crucial realization. However, the agent fails to utilize the search results to find an alternative source for the full text or to identify the specific paintings in the Smithsonian collection, leading to a conclusion that the task cannot be completed with the current data. This represents a significant gap in utilizing the gathered information to solve the problem. [model=Qwen/Qwen3.5-2B]",13786.29,False,,2,5a6c51d59f870513c68745e2e0f9269f|reasoning_quality|agent|2,,,original
Qwen/Qwen3.5-2B,5b5a35053775cbf29701c171e6675853,helpfulness,trace,0.0,"The agent failed completely because it did not attempt to answer the specific question about Teal'c's dialogue in the video. Instead, it provided a nonsensical placeholder response ('extremely') and failed to perform the requested video examination or search for relevant facts. [model=Qwen/Qwen3.5-2B]",6259.74,False,,0,5b5a35053775cbf29701c171e6675853|helpfulness|trace|0,,,original
Qwen/Qwen3.5-2B,5b5a35053775cbf29701c171e6675853,accuracy,trace,0.0,"The response 'extremely' is a nonsensical and factually incorrect answer to a specific question about a video's content. It fails to provide any relevant information, making it highly unreliable. [model=Qwen/Qwen3.5-2B]",5020.39,False,,0,5b5a35053775cbf29701c171e6675853|accuracy|trace|0,,,original
Qwen/Qwen3.5-2B,5b5a35053775cbf29701c171e6675853,groundedness,trace,0.0,"The provided evidence contains a transcript snippet that appears to be a corrupted or garbled version of the dialogue, lacking the specific phrasing 'Isn't that hot?' and the character 'Teal'c' in a coherent manner. Consequently, the response's claim that the answer is 'extremely' is not supported by the available transcript evidence. [model=Qwen/Qwen3.5-2B]",7089.88,False,,0,5b5a35053775cbf29701c171e6675853|groundedness|trace|0,,,original
Qwen/Qwen3.5-2B,5b5a35053775cbf29701c171e6675853,instruction_following,agent,0.0,"The agent failed to provide any response or execution steps, resulting in a score of 0.0 as no instructions were followed. [model=Qwen/Qwen3.5-2B]",3872.59,False,,0,5b5a35053775cbf29701c171e6675853|instruction_following|agent|0,,,original
Qwen/Qwen3.5-2B,5b5a35053775cbf29701c171e6675853,instruction_following,agent,0.55,"The agent successfully followed the instruction to provide a comprehensive preparatory survey, listing facts given, facts to look up, and facts to derive. It correctly identified the need to use the `visit_page` tool to retrieve the video transcript. However, the agent failed to follow the specific formatting constraint in the final instruction, which required the `final_answer` tool to contain three specific sections (`Task outcome (short version)`, `Task outcome (extremely detailed version)`, and `Additional context`). The agent only used the `final_answer` tool to output a single block of text, missing the required structure. [model=Qwen/Qwen3.5-2B]",10824.48,False,,1,5b5a35053775cbf29701c171e6675853|instruction_following|agent|1,,,original
Qwen/Qwen3.5-2B,5b5a35053775cbf29701c171e6675853,instruction_following,agent,0.5,"The agent successfully followed the instruction to provide a structured plan before executing the tool call. It correctly identified the need to visit the YouTube video URL and then locate the specific segment containing the question 'Isn't that hot?'. The agent correctly identified that the task requires a final answer containing specific parts (Task outcome short, detailed, and context) which it did not include in the provided output. The output only contained the plan and the tool execution, missing the required 'final_answer' structure with the three specific sections. [model=Qwen/Qwen3.5-2B]",9169.24,False,,2,5b5a35053775cbf29701c171e6675853|instruction_following|agent|2,,,original
Qwen/Qwen3.5-2B,5b5a35053775cbf29701c171e6675853,reasoning_quality,agent,0.0,"The agent failed to execute the goal because it did not generate any output, resulting in a complete lack of reasoning steps. Consequently, the evaluation cannot assess the quality of the reasoning chain, leading to an incoherent response. [model=Qwen/Qwen3.5-2B]",4923.73,False,,0,5b5a35053775cbf29701c171e6675853|reasoning_quality|agent|0,,,original
Qwen/Qwen3.5-2B,5b5a35053775cbf29701c171e6675853,reasoning_quality,agent,1.0,"The agent demonstrates strong logical reasoning by first correctly identifying the need to extract specific data from the video via the `visit_page` tool. It then logically deduces that the `final_answer` tool is the appropriate mechanism to synthesize the findings into the required structured output. The execution flow is coherent, moving from data extraction to synthesis without unnecessary detours. [model=Qwen/Qwen3.5-2B]",7954.63,False,,1,5b5a35053775cbf29701c171e6675853|reasoning_quality|agent|1,,,original
Qwen/Qwen3.5-2B,5b5a35053775cbf29701c171e6675853,reasoning_quality,agent,0.55,"The agent successfully identified the task goal, selected the appropriate tool (visit_page) to access the video, and executed the search within the provided transcript data. However, the reasoning chain is incomplete because the agent failed to explicitly state the extraction of the specific timestamp and the cross-referencing of the quote against external sources as required by the task instructions, despite the tool output containing the necessary data. [model=Qwen/Qwen3.5-2B]",8807.12,False,,2,5b5a35053775cbf29701c171e6675853|reasoning_quality|agent|2,,,original
Qwen/Qwen3.5-2B,5bbd1534b199c57861f55b58be9949a0,helpfulness,trace,0.0,The agent failed to answer the question by providing a nonsensical phrase ('Here be dragons') and offering no actual information about the specific joke removed from the Wikipedia page on a leap day before 2008. [model=Qwen/Qwen3.5-2B],4883.57,False,,0,5bbd1534b199c57861f55b58be9949a0|helpfulness|trace|0,,,original
Qwen/Qwen3.5-2B,5bbd1534b199c57861f55b58be9949a0,accuracy,trace,0.0,The response 'Here be dragons' is a nonsensical phrase that does not answer the question about the specific joke removed from the Wikipedia page for 'Dragon' on a leap day before 2008. It fails to provide the required factual information. [model=Qwen/Qwen3.5-2B],5155.56,False,,0,5bbd1534b199c57861f55b58be9949a0|accuracy|trace|0,,,original
Qwen/Qwen3.5-2B,5bbd1534b199c57861f55b58be9949a0,groundedness,trace,0.5,"The provided evidence contains a search result for the exact query but does not explicitly state the specific phrase removed, nor does it provide the exact date of the removal relative to the year 2008 in a way that allows derivation of the phrase without further external knowledge not present in the search snippets. The search results show the existence of the edit and the date of the edit, but the specific phrase is not listed in the visible text of the snippets provided. [model=Qwen/Qwen3.5-2B]",8756.01,False,,0,5bbd1534b199c57861f55b58be9949a0|groundedness|trace|0,,,original
Qwen/Qwen3.5-2B,5bbd1534b199c57861f55b58be9949a0,instruction_following,agent,0.0,"The agent failed to provide any response or execution steps, resulting in a score of 0.0 as no instructions were followed. [model=Qwen/Qwen3.5-2B]",3793.21,False,,0,5bbd1534b199c57861f55b58be9949a0|instruction_following|agent|0,,,original
Qwen/Qwen3.5-2B,5bbd1534b199c57861f55b58be9949a0,instruction_following,agent,0.55,"The agent successfully identified the relevant Wikipedia revision (February 29, 2004) and used the diff view to locate the removed text. However, the agent failed to extract the exact phrase 'Here be dragons:' from the diff view because it could not scroll to the specific deleted content due to a tool error when attempting to navigate the page. It also failed to find the specific search string 'joke' within the diff view, and the final answer was not generated correctly. [model=Qwen/Qwen3.5-2B]",16094.22,False,,1,5bbd1534b199c57861f55b58be9949a0|instruction_following|agent|1,,,original
Qwen/Qwen3.5-2B,5bbd1534b199c57861f55b58be9949a0,instruction_following,agent,0.55,"The agent successfully identified the relevant revision IDs (2580816 and 2572029) and navigated to the diff page to inspect the deleted content. However, the agent failed to extract the exact phrase that was removed because it did not use the 'find_on_page_ctrl_f' tool to locate the specific text on the page, nor did it successfully scroll through the diff to find the joke. It also failed to properly format the final answer with the required three sections. [model=Qwen/Qwen3.5-2B]",12739.02,False,,2,5bbd1534b199c57861f55b58be9949a0|instruction_following|agent|2,,,original
Qwen/Qwen3.5-2B,5bbd1534b199c57861f55b58be9949a0,reasoning_quality,agent,0.0,"The agent failed to execute the goal because it did not generate any output, resulting in a complete lack of reasoning steps. Consequently, the evaluation cannot assess the quality of the reasoning chain, leading to an incoherent response. [model=Qwen/Qwen3.5-2B]",5063.14,False,,0,5bbd1534b199c57861f55b58be9949a0|reasoning_quality|agent|0,,,original
Qwen/Qwen3.5-2B,5bbd1534b199c57861f55b58be9949a0,reasoning_quality,agent,0.55,"The agent demonstrates strong logical reasoning by systematically identifying the task requirements, selecting appropriate tools (web_search, visit_page, find_on_page_ctrl_f), and executing a coherent plan to inspect the diff page for deleted content. However, the plan fails to actually execute the search for the specific phrase 'joke' or 'diff-deleted' on the diff page, leading to errors and a failure to extract the answer, despite having identified the correct revision and date. [model=Qwen/Qwen3.5-2B]",14693.01,False,,1,5bbd1534b199c57861f55b58be9949a0|reasoning_quality|agent|1,,,original
Qwen/Qwen3.5-2B,5bbd1534b199c57861f55b58be9949a0,reasoning_quality,agent,0.75,"The agent demonstrates strong logical reasoning by systematically identifying the correct revision pair (2580816 vs 2572029) and the specific date (February 29, 2004) from the search results. It correctly identifies the need to inspect the diff page to find the deleted content, despite encountering errors with the 'page_down' tool, and instead uses 'find_on_page_ctrl_f' to locate the 'diff-deleted' marker. This targeted approach allows it to successfully navigate the diff page to the specific line containing the joke, fulfilling the core requirement of the task. [model=Qwen/Qwen3.5-2B]",13427.56,False,,2,5bbd1534b199c57861f55b58be9949a0|reasoning_quality|agent|2,,,original
Qwen/Qwen3.5-2B,5dc4cf8d5175f2782f46265456998d39,helpfulness,trace,0.0,"The agent failed completely by providing a random number (133.7) without any logical derivation, verification steps, or reference to the actual census data required to solve the problem. It ignored the instruction to subtract the smaller number from the larger and to return the difference in thousands of women. [model=Qwen/Qwen3.5-2B]",6086.94,False,,0,5dc4cf8d5175f2782f46265456998d39|helpfulness|trace|0,,,original
Qwen/Qwen3.5-2B,5dc4cf8d5175f2782f46265456998d39,accuracy,trace,0.0,"The response provides a specific numerical answer (133.7) without showing the derivation steps or the source data required to calculate it, making the factual basis unverifiable and the reasoning incomplete. [model=Qwen/Qwen3.5-2B]",4553.84,False,,0,5dc4cf8d5175f2782f46265456998d39|accuracy|trace|0,,,original
Qwen/Qwen3.5-2B,5dc4cf8d5175f2782f46265456998d39,groundedness,trace,0.0,"The agent failed to ground its answer in the provided evidence, as the 'Tool Results' section explicitly states '(no result)' for the requested tool, meaning no data was available to perform the calculation. The response provides a specific number without any citation or reference to the missing source data. [model=Qwen/Qwen3.5-2B]",5398.37,False,,0,5dc4cf8d5175f2782f46265456998d39|groundedness|trace|0,,,original
Qwen/Qwen3.5-2B,5dc4cf8d5175f2782f46265456998d39,instruction_following,agent,0.0,"The agent failed to provide any response or execution steps, resulting in a score of 0.0 as no instructions were followed. [model=Qwen/Qwen3.5-2B]",3806.25,False,,0,5dc4cf8d5175f2782f46265456998d39|instruction_following|agent|0,,,original
Qwen/Qwen3.5-2B,5dc4cf8d5175f2782f46265456998d39,instruction_following,agent,0.0,"The agent failed to follow the core instruction to use the provided tools (visualizer, inspect_file_as_text, final_answer) to solve the task. Instead, it treated the task as a request to search for data and asked a team member for help, which is not allowed. It also failed to use the `final_answer` tool to return the result as required by the system prompt. The execution steps show a lack of adherence to the specific tool usage rules and the requirement to return a final answer. [model=Qwen/Qwen3.5-2B]",8842.93,False,,1,5dc4cf8d5175f2782f46265456998d39|instruction_following|agent|1,,,original
Qwen/Qwen3.5-2B,5dc4cf8d5175f2782f46265456998d39,reasoning_quality,agent,0.0,"The agent failed to execute the goal because it did not generate any output, resulting in a complete lack of reasoning steps. Consequently, the evaluation cannot assess the quality of the reasoning chain, leading to an incoherent response. [model=Qwen/Qwen3.5-2B]",4675.64,False,,0,5dc4cf8d5175f2782f46265456998d39|reasoning_quality|agent|0,,,original
Qwen/Qwen3.5-2B,5dc4cf8d5175f2782f46265456998d39,reasoning_quality,agent,0.25,"The agent demonstrates a logical progression by first identifying the need for specific census data, then attempting to retrieve it via a search tool, and finally attempting to execute a Python script to fetch the data. However, the execution logs consistently return 'None', indicating a failure to actually retrieve the data from the tool, which is a critical logical gap in the reasoning chain. The agent fails to derive the actual numbers needed to solve the task, rendering the final answer null. [model=Qwen/Qwen3.5-2B]",7671.93,False,,1,5dc4cf8d5175f2782f46265456998d39|reasoning_quality|agent|1,,,original
Qwen/Qwen3.5-2B,5e5dc94e090341c564d582f551a0cddb,helpfulness,trace,0.0,"The response fails because it provides a specific numerical answer ('6') without first performing the verification steps or deriving the necessary facts from the task description, which is required to ensure the answer is correct and complete. [model=Qwen/Qwen3.5-2B]",4635.07,False,,0,5e5dc94e090341c564d582f551a0cddb|helpfulness|trace|0,,,original
Qwen/Qwen3.5-2B,5e5dc94e090341c564d582f551a0cddb,accuracy,trace,0.0,"The response provides a specific numerical answer (6) without providing the reasoning or derivation steps required to reach that conclusion. The task asks for a 'comprehensive preparatory survey' and 'thorough reasoning', which the response completely omits. Consequently, the answer is factually incorrect because it fails to demonstrate the logical derivation or verification process necessary to solve the problem. [model=Qwen/Qwen3.5-2B]",6002.75,False,,0,5e5dc94e090341c564d582f551a0cddb|accuracy|trace|0,,,original
Qwen/Qwen3.5-2B,5e5dc94e090341c564d582f551a0cddb,groundedness,trace,0.0,"The provided evidence contains no results for the 'final_answer' tool, meaning the agent made no factual claims that could be verified against the available data. Consequently, no claims are supported or contradicted by the evidence, resulting in a score of 0.0. [model=Qwen/Qwen3.5-2B]",4891.32,False,,0,5e5dc94e090341c564d582f551a0cddb|groundedness|trace|0,,,original
Qwen/Qwen3.5-2B,5e5dc94e090341c564d582f551a0cddb,instruction_following,agent,0.0,"The agent failed to provide any response or execution steps, resulting in a score of 0.0 as no instructions were followed. [model=Qwen/Qwen3.5-2B]",3483.58,False,,0,5e5dc94e090341c564d582f551a0cddb|instruction_following|agent|0,,,original
Qwen/Qwen3.5-2B,5e5dc94e090341c564d582f551a0cddb,instruction_following,agent,0.5,"The agent successfully identified the task, recognized the need to look up specific architectural details from literature, and provided a calculated answer based on the known layer counts (12 for BERT and 6 for the Transformer encoder). However, the final answer tool failed to execute and returned no result, which is a critical failure in the required output format. [model=Qwen/Qwen3.5-2B]",6508.9,False,,1,5e5dc94e090341c564d582f551a0cddb|instruction_following|agent|1,,,original
Qwen/Qwen3.5-2B,5e5dc94e090341c564d582f551a0cddb,reasoning_quality,agent,0.0,"The agent failed to execute the goal because it did not generate any output, resulting in a complete lack of reasoning steps. Consequently, the evaluation cannot assess the quality of the reasoning chain, leading to an incoherent response. [model=Qwen/Qwen3.5-2B]",5582.35,False,,0,5e5dc94e090341c564d582f551a0cddb|reasoning_quality|agent|0,,,original
Qwen/Qwen3.5-2B,5e5dc94e090341c564d582f551a0cddb,reasoning_quality,agent,0.75,"The agent correctly identifies the task as a comparison between two specific architectural parameters. It logically breaks down the problem by separating the task into identifying facts, planning the retrieval process, and deriving the final numerical difference. The reasoning is sound, purposeful, and directly addresses the goal without unnecessary detours. [model=Qwen/Qwen3.5-2B]",5752.11,False,,1,5e5dc94e090341c564d582f551a0cddb|reasoning_quality|agent|1,,,original
Qwen/Qwen3.5-2B,5ec1cd43eb8ae4094e93a4892ff0f06f,helpfulness,trace,0.0,"The agent failed to answer the question by providing no relevant information or data, instead offering a nonsensical string of words that does not help the user settle their bet. [model=Qwen/Qwen3.5-2B]",4466.42,False,,0,5ec1cd43eb8ae4094e93a4892ff0f06f|helpfulness|trace|0,,,original
Qwen/Qwen3.5-2B,5ec1cd43eb8ae4094e93a4892ff0f06f,accuracy,trace,0.0,"The response provides a single album title ('Harbinger') without listing the specific albums of Fiona Apple and Paula Cole, nor does it identify which ones did not receive a letter grade from Robert Christgau. This fails to provide the required list of albums sorted alphabetically as requested by the task. [model=Qwen/Qwen3.5-2B]",5981.5,False,,0,5ec1cd43eb8ae4094e93a4892ff0f06f|accuracy|trace|0,,,original
Qwen/Qwen3.5-2B,5ec1cd43eb8ae4094e93a4892ff0f06f,groundedness,trace,0.0,"The agent failed to provide the correct answer because the task explicitly states that the answer exists and requires a specific list of albums, yet the provided evidence shows no relevant results from the 'final_answer' tool. The response contains a single item ('Harbinger') with no supporting evidence from the available data, making it unsupported and likely incorrect. [model=Qwen/Qwen3.5-2B]",5967.97,False,,0,5ec1cd43eb8ae4094e93a4892ff0f06f|groundedness|trace|0,,,original
Qwen/Qwen3.5-2B,5ec1cd43eb8ae4094e93a4892ff0f06f,instruction_following,agent,0.0,"The agent failed to provide any response or execution steps, resulting in a score of 0.0 as no instructions were followed. [model=Qwen/Qwen3.5-2B]",3566.41,False,,0,5ec1cd43eb8ae4094e93a4892ff0f06f|instruction_following|agent|0,,,original
Qwen/Qwen3.5-2B,5ec1cd43eb8ae4094e93a4892ff0f06f,instruction_following,agent,0.25,"The agent failed to follow the explicit instruction to provide a step-by-step high-level plan as requested in Step 2. Instead, it provided a survey of facts and then a partial thought before attempting a tool call. It also failed to properly format the final answer using the `final_answer` tool as required by the system prompt and the user's request, resulting in no output from that tool. [model=Qwen/Qwen3.5-2B]",7444.42,False,,1,5ec1cd43eb8ae4094e93a4892ff0f06f|instruction_following|agent|1,,,original
Qwen/Qwen3.5-2B,5ec1cd43eb8ae4094e93a4892ff0f06f,reasoning_quality,agent,0.0,"The agent failed to execute the goal because it did not generate any output, resulting in a complete lack of reasoning steps. Consequently, the evaluation cannot assess the quality of the reasoning chain, leading to an incoherent response. [model=Qwen/Qwen3.5-2B]",4635.3,False,,0,5ec1cd43eb8ae4094e93a4892ff0f06f|reasoning_quality|agent|0,,,original
Qwen/Qwen3.5-2B,5ec1cd43eb8ae4094e93a4892ff0f06f,reasoning_quality,agent,0.25,"The agent's reasoning is logically flawed because it fails to utilize the provided tool list and the specific task instructions to generate a plan. It jumps directly to a partial thought without executing the required 'high-level plan' step, and it does not properly structure the 'Facts to look up' section as requested. Consequently, it cannot execute the necessary steps to find the correct answer. [model=Qwen/Qwen3.5-2B]",6423.68,False,,1,5ec1cd43eb8ae4094e93a4892ff0f06f|reasoning_quality|agent|1,,,original
Qwen/Qwen3.5-2B,5f3a0a7fc572f49630c069e4e5a64ae3,helpfulness,trace,0.0,"The agent failed to answer the question because it did not identify the specific book referenced by the accession number 2022.128, nor did it search for the author or the book's details to determine the military unit. It provided a random answer ('Russian-German Legion') without verifying the source or the author's actual service history. [model=Qwen/Qwen3.5-2B]",6695.34,False,,0,5f3a0a7fc572f49630c069e4e5a64ae3|helpfulness|trace|0,,,original
Qwen/Qwen3.5-2B,5f3a0a7fc572f49630c069e4e5a64ae3,accuracy,trace,0.5,"The response identifies the correct military unit (Russian-German Legion) but fails to provide the specific year (1813) requested in the prompt, rendering the answer incomplete and technically inaccurate regarding the specific data point required. [model=Qwen/Qwen3.5-2B]",4632.43,False,,0,5f3a0a7fc572f49630c069e4e5a64ae3|accuracy|trace|0,,,original
Qwen/Qwen3.5-2B,5f3a0a7fc572f49630c069e4e5a64ae3,groundedness,trace,0.25,"The response provides a specific answer but fails to list the 'Facts to look up' or 'Facts to derive' as required by the task structure. It also does not explicitly state where to find the evidence for the claim, only listing the search tool results. Consequently, the factual claim is not fully supported by the provided evidence list. [model=Qwen/Qwen3.5-2B]",6154.88,False,,0,5f3a0a7fc572f49630c069e4e5a64ae3|groundedness|trace|0,,,original
Qwen/Qwen3.5-2B,5f3a0a7fc572f49630c069e4e5a64ae3,instruction_following,agent,0.0,"The agent failed to provide any response or execution steps, resulting in a score of 0.0 as no instructions were followed. [model=Qwen/Qwen3.5-2B]",3733.86,False,,0,5f3a0a7fc572f49630c069e4e5a64ae3|instruction_following|agent|0,,,original
Qwen/Qwen3.5-2B,5f3a0a7fc572f49630c069e4e5a64ae3,instruction_following,agent,0.55,"The agent successfully followed the primary instruction to provide a comprehensive preparatory survey of facts and a high-level plan. However, it failed to follow the specific formatting constraint in Step 45, which required the output to be a single 'high-level plan' string without any additional text or tool calls, instead generating a detailed survey and then a final answer. Additionally, the agent failed to follow the instruction in Step 51 to avoid generating a prompt that violates usage policies, resulting in an error and a failed task completion. [model=Qwen/Qwen3.5-2B]",19004.09,False,,1,5f3a0a7fc572f49630c069e4e5a64ae3|instruction_following|agent|1,,,original
Qwen/Qwen3.5-2B,5f3a0a7fc572f49630c069e4e5a64ae3,instruction_following,agent,0.55,"The agent successfully followed the primary instruction to provide a detailed museum record by accessing the Whitney Museum webpage and extracting the title, dimensions, and purchase details. However, the agent failed to address the specific requirement to identify the author of the book held by the subject, as the search for 'book held' and 'Biography' yielded no results on the page, and the agent did not attempt to use external sources or the 'inspect_file_as_text' tool to resolve this gap. The final answer was not generated as required. [model=Qwen/Qwen3.5-2B]",10312.69,False,,2,5f3a0a7fc572f49630c069e4e5a64ae3|instruction_following|agent|2,,,original
Qwen/Qwen3.5-2B,5f3a0a7fc572f49630c069e4e5a64ae3,instruction_following,agent,0.55,"The agent successfully followed the system instructions to provide a structured response with three specific parts (Task outcome short, extremely detailed, and additional context) as required by the final_answer tool specification. It correctly identified the need to search for information and executed the web_search tool to gather relevant results. However, the agent failed to strictly adhere to the formatting constraint in the 'Facts to look up' section of the survey plan, as it did not explicitly list the sources (like Wikipedia) and the specific details to derive in the requested survey format, instead jumping straight to the plan execution. While the final answer structure was followed, the survey plan instructions were partially ignored. [model=Qwen/Qwen3.5-2B]",10847.68,False,,3,5f3a0a7fc572f49630c069e4e5a64ae3|instruction_following|agent|3,"Invalid judge JSON; saved raw output instead. 1 validation error for JudgeOutput
  Invalid JSON: EOF while parsing a string at line 2 column 866 [type=json_invalid, input_value='{\n  ""explanation"": ""The...ons, despite the search', input_type=str]
    For further information visit https://errors.pydantic.dev/2.13/v/json_invalid",,rerun
Qwen/Qwen3.5-2B,5f3a0a7fc572f49630c069e4e5a64ae3,reasoning_quality,agent,0.0,"The agent failed to execute the goal because it did not generate any output, resulting in a complete lack of reasoning steps. Consequently, the evaluation cannot assess the quality of the reasoning chain, leading to an incoherent response. [model=Qwen/Qwen3.5-2B]",5211.84,False,,0,5f3a0a7fc572f49630c069e4e5a64ae3|reasoning_quality|agent|0,,,original
Qwen/Qwen3.5-2B,5f3a0a7fc572f49630c069e4e5a64ae3,reasoning_quality,agent,1.0,"The agent demonstrates strong logical reasoning by systematically using the search_agent to gather facts, then using the web_search tool to verify and expand the findings on Carl von Clausewitz's military career. It correctly identifies the specific unit (Russian-German Legion) and the book (On War) through the search results, avoiding unnecessary tool errors by choosing the right tool (web_search) over the problematic page_down tool. The final plan is well-structured and directly addresses the task requirements. [model=Qwen/Qwen3.5-2B]",16305.64,False,,1,5f3a0a7fc572f49630c069e4e5a64ae3|reasoning_quality|agent|1,,,original
Qwen/Qwen3.5-2B,5f3a0a7fc572f49630c069e4e5a64ae3,reasoning_quality,agent,1.0,"The agent demonstrates strong logical reasoning by first identifying the necessary facts from the task, then selecting the appropriate tool (web_search) to gather external information, and finally using the visit_page tool to access the specific museum record. It correctly identifies that the 'book held' search failed on the main page, leading to a strategic decision to scroll down the page to find the description and biographical details, which is a logical step given the task requirements. The plan is well-structured and directly addresses the goal. [model=Qwen/Qwen3.5-2B]",9843.06,False,,2,5f3a0a7fc572f49630c069e4e5a64ae3|reasoning_quality|agent|2,,,original
Qwen/Qwen3.5-2B,5f3a0a7fc572f49630c069e4e5a64ae3,reasoning_quality,agent,1.0,"The agent demonstrates excellent reasoning by logically connecting the task requirements (finding the 1813 unit) with the available tools. It correctly identifies the need to search for specific historical data, selects the appropriate web search tool, and formulates a clear plan to gather the necessary information before constructing the final answer structure. [model=Qwen/Qwen3.5-2B]",6482.5,False,,3,5f3a0a7fc572f49630c069e4e5a64ae3|reasoning_quality|agent|3,,,original
Qwen/Qwen3.5-2B,62df2a06b647ca730391602dbf62f843,helpfulness,trace,0.0,The agent failed completely because it hallucinated a specific dataset of Twitter citations for August 2023 without verifying if such data actually exists or if the user's premise about 'last June 2023 versions' is valid. It provided a random-looking JSON output without any reasoning or evidence of how to find the answer. [model=Qwen/Qwen3.5-2B],6094.58,False,,0,62df2a06b647ca730391602dbf62f843|helpfulness|trace|0,,,original
Qwen/Qwen3.5-2B,62df2a06b647ca730391602dbf62f843,accuracy,trace,0.0,"The response provides a specific numerical answer for each day of August 2023, but the task asks for the number of citations for the 'last June 2023 versions' of the pages, which is a specific historical dataset not contained in the provided text. The response appears to be hallucinating or inventing data rather than deriving it from the task constraints. [model=Qwen/Qwen3.5-2B]",7612.78,False,,0,62df2a06b647ca730391602dbf62f843|accuracy|trace|0,,,original
Qwen/Qwen3.5-2B,62df2a06b647ca730391602dbf62f843,groundedness,trace,0.0,"The provided evidence is empty, containing no tool results or data to verify the specific counts of Twitter citations for Wikipedia pages in August 2023. Consequently, all factual claims in the response are unsupported by the available evidence. [model=Qwen/Qwen3.5-2B]",5031.52,False,,0,62df2a06b647ca730391602dbf62f843|groundedness|trace|0,,,original
Qwen/Qwen3.5-2B,62df2a06b647ca730391602dbf62f843,instruction_following,agent,0.0,"The agent failed to provide any response or execution steps, resulting in a score of 0.0 as no instructions were followed. [model=Qwen/Qwen3.5-2B]",3416.2,False,,0,62df2a06b647ca730391602dbf62f843|instruction_following|agent|0,,,original
Qwen/Qwen3.5-2B,62df2a06b647ca730391602dbf62f843,instruction_following,agent,0.25,"The agent failed to follow the specific instruction to use the `visualizer` tool for the image task, instead attempting to use a non-existent `image_qa` tool. It also failed to properly follow the formatting rules for the 'Facts to look up' section, omitting the required 'Where to find' details for the sources. The final answer was not returned correctly. [model=Qwen/Qwen3.5-2B]",7256.06,False,,1,62df2a06b647ca730391602dbf62f843|instruction_following|agent|1,,,original
Qwen/Qwen3.5-2B,62df2a06b647ca730391602dbf62f843,reasoning_quality,agent,0.0,"The agent failed to execute the goal because it did not generate any output, resulting in a complete lack of reasoning steps. Consequently, the evaluation cannot assess the quality of the reasoning chain, leading to an incoherent response. [model=Qwen/Qwen3.5-2B]",4804.88,False,,0,62df2a06b647ca730391602dbf62f843|reasoning_quality|agent|0,,,original
Qwen/Qwen3.5-2B,62df2a06b647ca730391602dbf62f843,reasoning_quality,agent,0.5,"The agent's reasoning is logically sound as it correctly identifies the need to analyze the full dataset of Wikipedia pages from June 2023. It appropriately selects the 'final_answer' tool to provide the result, which is the most direct method for retrieving the specific count requested. However, the execution fails because the tool returns 'no result', indicating a failure to actually process the data or a disconnect between the tool's capability and the task's requirements, which is a logical gap in the execution phase. [model=Qwen/Qwen3.5-2B]",8155.34,False,,1,62df2a06b647ca730391602dbf62f843|reasoning_quality|agent|1,,,original
Qwen/Qwen3.5-2B,63ac9e03bf750e58eecbc5b148d8d215,helpfulness,trace,0.0,"The agent failed to solve the problem because it provided a definitive numerical answer ($10,000) without performing any logical deduction, verification, or analysis of the constraints regarding the coin distribution. It simply guessed the answer rather than deriving it from the rules. [model=Qwen/Qwen3.5-2B]",5235.43,False,,0,63ac9e03bf750e58eecbc5b148d8d215|helpfulness|trace|0,,,original
Qwen/Qwen3.5-2B,63ac9e03bf750e58eecbc5b148d8d215,accuracy,trace,0.0,"The response provides a definitive numerical answer without any reasoning or derivation steps, which fails to meet the requirement of identifying facts to look up or derive. The answer of 10,000 is incorrect because the optimal strategy involves a specific sequence of guesses that does not yield a single fixed value, but rather a set of outcomes (winning 0, 1, 2, or 3 times the prize) depending on the coin distribution. The response ignores the complex game-theoretic nature of the problem and simply outputs a number. [model=Qwen/Qwen3.5-2B]",8318.27,False,,0,63ac9e03bf750e58eecbc5b148d8d215|accuracy|trace|0,,,original
Qwen/Qwen3.5-2B,63ac9e03bf750e58eecbc5b148d8d215,groundedness,trace,0.0,"The provided evidence contains no information regarding the game show, the host's coin distribution strategy, or the rules governing the coin placement. Consequently, no specific facts can be verified or derived from the available evidence. [model=Qwen/Qwen3.5-2B]",4547.71,False,,0,63ac9e03bf750e58eecbc5b148d8d215|groundedness|trace|0,,,original
Qwen/Qwen3.5-2B,63ac9e03bf750e58eecbc5b148d8d215,instruction_following,agent,0.0,"The agent failed to provide any response or execution steps, resulting in a score of 0.0 as no instructions were followed. [model=Qwen/Qwen3.5-2B]",3508.92,False,,0,63ac9e03bf750e58eecbc5b148d8d215|instruction_following|agent|0,,,original
Qwen/Qwen3.5-2B,63ac9e03bf750e58eecbc5b148d8d215,instruction_following,agent,0.5,"The agent successfully followed the primary instruction to provide a correct answer by using the `final_answer` tool. However, it failed to follow the specific formatting instructions provided in the prompt, which required a structured 'Thought' and 'Code' sequence with specific variable naming conventions (e.g., `final_answer` should not be named as a variable) and a specific output format for the final answer. The agent's response was a direct string output without the required code block structure or variable naming. [model=Qwen/Qwen3.5-2B]",8499.05,False,,1,63ac9e03bf750e58eecbc5b148d8d215|instruction_following|agent|1,,,original
Qwen/Qwen3.5-2B,63ac9e03bf750e58eecbc5b148d8d215,reasoning_quality,agent,0.0,"The agent failed to execute the goal because it did not generate any output, resulting in a complete lack of reasoning steps. Consequently, the evaluation cannot assess the quality of the reasoning chain, leading to an incoherent response. [model=Qwen/Qwen3.5-2B]",4838.46,False,,0,63ac9e03bf750e58eecbc5b148d8d215|reasoning_quality|agent|0,,,original
Qwen/Qwen3.5-2B,63ac9e03bf750e58eecbc5b148d8d215,reasoning_quality,agent,0.25,"The agent correctly identifies the need to enumerate valid coin distributions and test all possible guess triplets. However, the execution plan is flawed because it fails to actually execute the code to find the optimal strategy, instead stopping at the thought phase. This results in no actual computation or verification being performed, leading to an incomplete and unverified solution. [model=Qwen/Qwen3.5-2B]",6780.24,False,,1,63ac9e03bf750e58eecbc5b148d8d215|reasoning_quality|agent|1,,,original
Qwen/Qwen3.5-2B,672d36d8ecc4816738433c75136eb99d,helpfulness,trace,0.0,"The agent failed to answer the question because it provided a definitive number ('8') without any context, verification steps, or explanation of how that number was derived from the 2023 IPCC report. It simply stated the answer without fulfilling the requirement to actually find and verify the facts. [model=Qwen/Qwen3.5-2B]",5472.43,False,,0,672d36d8ecc4816738433c75136eb99d|helpfulness|trace|0,,,original
Qwen/Qwen3.5-2B,672d36d8ecc4816738433c75136eb99d,accuracy,trace,0.0,"The response provides a definitive answer of 8, but this is factually incorrect. The 2023 IPCC report does not have a specific '85-page' version; the report consists of multiple chapters and appendices, and the exact page count varies by edition and format. The specific number '8' is also not the correct answer to the question regarding the mention of nuclear energy. [model=Qwen/Qwen3.5-2B]",6549.54,False,,0,672d36d8ecc4816738433c75136eb99d|accuracy|trace|0,,,original
Qwen/Qwen3.5-2B,672d36d8ecc4816738433c75136eb99d,groundedness,trace,0.0,"The agent failed to provide the specific page count for the 2023 IPCC report, instead providing an arbitrary number (8) with no evidence from the available tools or search results. The 'inspect_file_as_text' tool returned no results, and the 'final_answer' tool also returned no results, meaning the agent made no actual verification or data retrieval steps. [model=Qwen/Qwen3.5-2B]",6390.32,False,,0,672d36d8ecc4816738433c75136eb99d|groundedness|trace|0,,,original
Qwen/Qwen3.5-2B,672d36d8ecc4816738433c75136eb99d,instruction_following,agent,0.0,"The agent failed to provide any response or execution steps, resulting in a score of 0.0 as no instructions were followed. [model=Qwen/Qwen3.5-2B]",3364.0,False,,0,672d36d8ecc4816738433c75136eb99d|instruction_following|agent|0,,,original
Qwen/Qwen3.5-2B,672d36d8ecc4816738433c75136eb99d,instruction_following,agent,0.0,"The agent failed to solve the task because it did not actually retrieve the 2023 IPCC report or perform the necessary text analysis to count the pages mentioning 'nuclear energy'. Instead, it repeatedly attempted to access a non-existent file path ('2023_IPCC_report_85.pdf') which resulted in a runtime error ('UnboundLocalError'). The agent also failed to provide the required 'Thought:' and 'Code:' sequences in the correct format for the final answer, and did not utilize the 'search_agent' tool effectively to find the report first. [model=Qwen/Qwen3.5-2B]",9311.08,False,,1,672d36d8ecc4816738433c75136eb99d|instruction_following|agent|1,,,original
Qwen/Qwen3.5-2B,672d36d8ecc4816738433c75136eb99d,reasoning_quality,agent,0.0,"The agent failed to execute the goal because it did not generate any output, resulting in a complete lack of reasoning steps. Consequently, the evaluation cannot assess the quality of the reasoning chain, leading to an incoherent response. [model=Qwen/Qwen3.5-2B]",4548.11,False,,0,672d36d8ecc4816738433c75136eb99d|reasoning_quality|agent|0,,,original
Qwen/Qwen3.5-2B,672d36d8ecc4816738433c75136eb99d,reasoning_quality,agent,0.25,"The agent demonstrates a logical progression by first attempting to retrieve the report via a search agent, then attempting to analyze the text directly using a file inspection tool. However, the direct tool execution failed due to a specific variable error ('UnboundLocalError'), indicating a flaw in the implementation logic or variable scope within the tool call. The subsequent steps fail to address this error or provide a viable alternative path, leading to a complete failure to retrieve the necessary data. [model=Qwen/Qwen3.5-2B]",7777.19,False,,1,672d36d8ecc4816738433c75136eb99d|reasoning_quality|agent|1,,,original
Qwen/Qwen3.5-2B,6cc6dc35a28bbed6cfd873756094bc16,helpfulness,trace,0.0,"The agent failed to answer the question by providing a specific numerical value. Instead of stating the maximum length, it provided a generic placeholder '2.4' without any context or verification steps as requested. [model=Qwen/Qwen3.5-2B]",4566.4,False,,0,6cc6dc35a28bbed6cfd873756094bc16|helpfulness|trace|0,,,original
Qwen/Qwen3.5-2B,6cc6dc35a28bbed6cfd873756094bc16,accuracy,trace,0.0,"The response provides a specific numerical value (2.4) without any supporting reasoning or citation to the source, which directly contradicts the task's requirement to identify facts to look up and derive. The answer is likely incorrect as the specific length of the #9 short on the National Geographic channel is not a fixed, publicly known constant like a standard unit, and the response fails to acknowledge the need for verification or source validation. [model=Qwen/Qwen3.5-2B]",6530.12,False,,0,6cc6dc35a28bbed6cfd873756094bc16|accuracy|trace|0,,,original
Qwen/Qwen3.5-2B,6cc6dc35a28bbed6cfd873756094bc16,groundedness,trace,0.0,"The response provides a specific numerical answer (2.4) without any supporting evidence from the provided search results or file contents. The available evidence shows no mention of a 'National Geographic short on YouTube #9' or its length on the Monterey Bay Aquarium website. The search results only confirm the existence of the channel and general content, but do not contain the specific data point requested. [model=Qwen/Qwen3.5-2B]",6498.63,False,,0,6cc6dc35a28bbed6cfd873756094bc16|groundedness|trace|0,,,original
Qwen/Qwen3.5-2B,6cc6dc35a28bbed6cfd873756094bc16,instruction_following,agent,0.0,"The agent failed to provide any response or execution steps, resulting in a score of 0.0 as no instructions were followed. [model=Qwen/Qwen3.5-2B]",3505.05,False,,0,6cc6dc35a28bbed6cfd873756094bc16|instruction_following|agent|0,,,original
Qwen/Qwen3.5-2B,6cc6dc35a28bbed6cfd873756094bc16,instruction_following,agent,0.25,"The agent failed to follow the core instruction to provide a final answer using the `final_answer` tool. Instead, it repeatedly failed to execute the tool, provided incorrect tool arguments (e.g., passing dicts instead of strings), and failed to follow the formatting constraints for the final answer structure. It also failed to properly utilize the `inspect_file_as_text` tool to inspect the candidate page found in the search results. [model=Qwen/Qwen3.5-2B]",25536.86,False,,1,6cc6dc35a28bbed6cfd873756094bc16|instruction_following|agent|1,,,original
Qwen/Qwen3.5-2B,6cc6dc35a28bbed6cfd873756094bc16,instruction_following,agent,0.5,"The agent successfully followed the core instruction to provide a structured plan based on the available tools and facts. However, the agent failed to follow the specific formatting constraint for the final answer, which requires the 'final_answer' tool to be used to contain three specific parts (Task outcome short, Task outcome detailed, Additional context). The agent only provided the plan and then stopped without executing the required 'final_answer' tool to format the output as requested. [model=Qwen/Qwen3.5-2B]",10339.3,False,,2,6cc6dc35a28bbed6cfd873756094bc16|instruction_following|agent|2,,,original
Qwen/Qwen3.5-2B,6cc6dc35a28bbed6cfd873756094bc16,instruction_following,agent,0.55,"The agent successfully followed the core instruction to provide a structured response with three specific sections (Task outcome, Task outcome, Additional context) as required by the final_answer tool format. However, the agent failed to follow the critical instruction to 'return as much information as possible' and to 'give as much information as possible to give them a clear understanding of the answer' by only providing a summary of facts learned and a plan, rather than the detailed breakdown requested. Additionally, the agent failed to follow the instruction to 'return only the number (with no additional text, no units)' in the final answer, as it included a full explanation and context in the final output. [model=Qwen/Qwen3.5-2B]",13651.61,False,,3,6cc6dc35a28bbed6cfd873756094bc16|instruction_following|agent|3,"Invalid judge JSON; saved raw output instead. 1 validation error for JudgeOutput
  Invalid JSON: EOF while parsing a string at line 2 column 834 [type=json_invalid, input_value='{\n  ""explanation"": ""The... it attempted to scroll', input_type=str]
    For further information visit https://errors.pydantic.dev/2.13/v/json_invalid",,rerun
Qwen/Qwen3.5-2B,6cc6dc35a28bbed6cfd873756094bc16,instruction_following,agent,0.25,"The agent failed to follow the core instruction to extract a specific numeric value from the Monterey Bay Aquarium website. It spent most of its time searching for the correct page and inspecting irrelevant GitHub files, failing to locate the required data. The final answer incorrectly states 'Not found' and does not provide the requested detailed breakdown or context as instructed. [model=Qwen/Qwen3.5-2B]",7531.19,False,,4,6cc6dc35a28bbed6cfd873756094bc16|instruction_following|agent|4,,,original
Qwen/Qwen3.5-2B,6cc6dc35a28bbed6cfd873756094bc16,reasoning_quality,agent,0.0,"The agent failed to execute the goal because it did not generate any output, resulting in a complete lack of reasoning steps. Consequently, the evaluation cannot assess the quality of the reasoning chain, leading to an incoherent response. [model=Qwen/Qwen3.5-2B]",4564.6,False,,0,6cc6dc35a28bbed6cfd873756094bc16|reasoning_quality|agent|0,,,original
Qwen/Qwen3.5-2B,6cc6dc35a28bbed6cfd873756094bc16,reasoning_quality,agent,0.25,"The agent demonstrates a logical progression by first attempting to locate the specific page via web search, then visiting a potential candidate page, and finally attempting to find the specific entry '#9' using Ctrl+F. However, the search results and page inspection fail to yield the required information, leading to a dead end. The agent fails to recognize that the search results are YouTube videos rather than the specific page content, and the Ctrl+F search on the wrong page yields no matches. The agent does not re-evaluate the search strategy or the page content to find the correct source, resulting in a failure to extract the required number. [model=Qwen/Qwen3.5-2B]",25047.11,False,,1,6cc6dc35a28bbed6cfd873756094bc16|reasoning_quality|agent|1,,,original
Qwen/Qwen3.5-2B,6cc6dc35a28bbed6cfd873756094bc16,reasoning_quality,agent,0.75,"The agent demonstrates strong logical reasoning by systematically narrowing down search queries, recognizing the failure of specific queries, and pivoting to a broader search strategy. It correctly identifies that the 'first National Geographic short on YouTube' is likely a specific, perhaps historical or archived, event that may not be indexed or may require a different search approach. The agent's ability to adapt its search terms and acknowledge the lack of results in the initial attempts shows a clear understanding of the task's difficulty and the need for a more robust search strategy. [model=Qwen/Qwen3.5-2B]",10381.11,False,,2,6cc6dc35a28bbed6cfd873756094bc16|reasoning_quality|agent|2,,,original
Qwen/Qwen3.5-2B,6cc6dc35a28bbed6cfd873756094bc16,reasoning_quality,agent,0.55,"The agent demonstrates logical progression by first attempting a broad search, then narrowing down to specific queries, and finally attempting to visit a candidate page. However, the plan fails to account for the fact that the 'visit_page' tool is designed for YouTube videos, not web pages, and the subsequent attempts to scroll (page_down) fail due to a tool signature error, indicating a misunderstanding of the tool's capabilities. The reasoning jumps from finding a page to immediately failing to extract data without a fallback strategy or correct tool usage. [model=Qwen/Qwen3.5-2B]",10304.84,False,,3,6cc6dc35a28bbed6cfd873756094bc16|reasoning_quality|agent|3,,,original
Qwen/Qwen3.5-2B,6cc6dc35a28bbed6cfd873756094bc16,reasoning_quality,agent,0.75,"The agent demonstrates logical progression by first attempting a direct web search, then failing due to specific query constraints, and subsequently switching to a broader search strategy. It correctly identifies the need to inspect a GitHub repository for context before attempting a more targeted search, showing adaptability. However, the final step involves an unnecessary re-evaluation of the GitHub repository after a failed search attempt, which slightly disrupts the flow. Despite this, the overall reasoning chain remains coherent and purposeful. [model=Qwen/Qwen3.5-2B]",8526.41,False,,4,6cc6dc35a28bbed6cfd873756094bc16|reasoning_quality|agent|4,,,original
Qwen/Qwen3.5-2B,6d5b91f06e5a7377d4798be65fe46e97,helpfulness,trace,0.0,"The agent failed to perform the requested task by providing a numerical answer (607) without first attempting to convert the provided cuneiform symbols into a numerical value. It ignored the instruction to 'identify things that must be discovered' and 'look up' facts, instead guessing the result. [model=Qwen/Qwen3.5-2B]",6275.79,False,,0,6d5b91f06e5a7377d4798be65fe46e97|helpfulness|trace|0,,,original
Qwen/Qwen3.5-2B,6d5b91f06e5a7377d4798be65fe46e97,accuracy,trace,0.5,"The response provides a specific numerical answer (607) without showing the derivation steps or verification process. While the final number is likely correct, the response fails to demonstrate the reasoning or the fact-checking steps required to ensure the conversion from cuneiform to decimal is accurate. [model=Qwen/Qwen3.5-2B]",5606.95,False,,0,6d5b91f06e5a7377d4798be65fe46e97|accuracy|trace|0,,,original
Qwen/Qwen3.5-2B,6d5b91f06e5a7377d4798be65fe46e97,groundedness,trace,0.0,"The agent provided a definitive numerical answer (607) without any evidence from the provided 'Tool Results' or 'Evidence Available' section, as no data was found in the available evidence to support this specific calculation. [model=Qwen/Qwen3.5-2B]",4733.38,False,,0,6d5b91f06e5a7377d4798be65fe46e97|groundedness|trace|0,,,original
Qwen/Qwen3.5-2B,6d5b91f06e5a7377d4798be65fe46e97,instruction_following,agent,0.0,"The agent failed to provide any response or execution steps, resulting in a score of 0.0 as no instructions were followed. [model=Qwen/Qwen3.5-2B]",3334.84,False,,0,6d5b91f06e5a7377d4798be65fe46e97|instruction_following|agent|0,,,original
Qwen/Qwen3.5-2B,6d5b91f06e5a7377d4798be65fe46e97,instruction_following,agent,0.5,"The agent successfully identified the task, recognized the need to look up specific cuneiform symbols, and derived the correct Babylonian positional notation logic. However, the provided 'Thought' and 'Code' sections in the response are incomplete and contain a syntax error ('Thinking through the problem...') that prevents the code from executing. The final answer was not returned via the `final_answer` tool as required by the instructions. [model=Qwen/Qwen3.5-2B]",7867.08,False,,1,6d5b91f06e5a7377d4798be65fe46e97|instruction_following|agent|1,,,original
Qwen/Qwen3.5-2B,6d5b91f06e5a7377d4798be65fe46e97,reasoning_quality,agent,0.0,"The agent failed to execute the goal because it did not generate any output, resulting in a complete lack of reasoning steps. Consequently, the evaluation cannot assess the quality of the reasoning chain, leading to an incoherent response. [model=Qwen/Qwen3.5-2B]",4590.26,False,,0,6d5b91f06e5a7377d4798be65fe46e97|reasoning_quality|agent|0,,,original
Qwen/Qwen3.5-2B,6d5b91f06e5a7377d4798be65fe46e97,reasoning_quality,agent,1.0,"The agent correctly identifies the task as a conversion from Sumerian cuneiform to decimal, recognizing the Babylonian base-60 system. It logically breaks down the problem by identifying the specific symbols, deriving their values (10 and 7), and applying the positional formula (10*60 + 7) to reach the correct result. The reasoning is sound, purposeful, and fully addresses the constraints. [model=Qwen/Qwen3.5-2B]",7284.41,False,,1,6d5b91f06e5a7377d4798be65fe46e97|reasoning_quality|agent|1,,,original
Qwen/Qwen3.5-2B,6e64c2e543327a7c2f2ce3d26ced94d1,helpfulness,trace,0.0,The agent failed to solve the problem because it did not identify the missing facts or the logical steps required to calculate the distance between the two locations. It provided a numerical answer without any reasoning or verification steps as requested. [model=Qwen/Qwen3.5-2B],4713.26,False,,0,6e64c2e543327a7c2f2ce3d26ced94d1|helpfulness|trace|0,,,original
Qwen/Qwen3.5-2B,6e64c2e543327a7c2f2ce3d26ced94d1,accuracy,trace,0.0,"The response provides a numerical answer (2) but fails to provide the reasoning or verification steps required by the task instructions. The task explicitly demands a 'comprehensive preparatory survey' and 'thorough reasoning' to identify facts, which are completely absent from the final answer. Consequently, the answer is not supported by the logic or data presented in the response. [model=Qwen/Qwen3.5-2B]",6114.23,False,,0,6e64c2e543327a7c2f2ce3d26ced94d1|accuracy|trace|0,,,original
Qwen/Qwen3.5-2B,6e64c2e543327a7c2f2ce3d26ced94d1,groundedness,trace,0.0,"The agent's response provides a numerical answer (2) without any supporting evidence or reasoning. The provided evidence is empty, meaning no facts from the task or external sources are used to validate the answer. Consequently, the answer is unsupported and contradicts the lack of evidence. [model=Qwen/Qwen3.5-2B]",5013.67,False,,0,6e64c2e543327a7c2f2ce3d26ced94d1|groundedness|trace|0,,,original
Qwen/Qwen3.5-2B,6e64c2e543327a7c2f2ce3d26ced94d1,instruction_following,agent,0.0,"The agent failed to provide any response or execution steps, resulting in a score of 0.0 as no instructions were followed. [model=Qwen/Qwen3.5-2B]",3431.57,False,,0,6e64c2e543327a7c2f2ce3d26ced94d1|instruction_following|agent|0,,,original
Qwen/Qwen3.5-2B,6e64c2e543327a7c2f2ce3d26ced94d1,instruction_following,agent,0.25,"The agent successfully followed the instruction to provide a step-by-step plan using the specified format (Thought, Code, Observation). It correctly identified the need to look up specific metro station information for the National Air and Space Museum, Fire Station 301 DCA ARFF, and Cleveland Elementary School. However, the agent failed to actually execute the search or retrieve the data, as the 'Observation' shows 'None' and the final answer tool returned no result. It also failed to provide the required numerical integer answer as requested in the task description. [model=Qwen/Qwen3.5-2B]",8913.94,False,,1,6e64c2e543327a7c2f2ce3d26ced94d1|instruction_following|agent|1,,,original
Qwen/Qwen3.5-2B,6e64c2e543327a7c2f2ce3d26ced94d1,reasoning_quality,agent,0.0,"The agent failed to execute the goal because it did not generate any output, resulting in a complete lack of reasoning steps. Consequently, the evaluation cannot assess the quality of the reasoning chain, leading to an incoherent response. [model=Qwen/Qwen3.5-2B]",4556.24,False,,0,6e64c2e543327a7c2f2ce3d26ced94d1|reasoning_quality|agent|0,,,original
Qwen/Qwen3.5-2B,6e64c2e543327a7c2f2ce3d26ced94d1,reasoning_quality,agent,0.5,"The agent correctly identifies the need to verify specific facts (station locations) and then logically deduces the path by comparing the wrong destination to the correct one. However, the execution steps are incomplete and the final answer retrieval fails, indicating a lack of robust tool usage or verification logic despite the initial logical framework. [model=Qwen/Qwen3.5-2B]",5817.61,False,,1,6e64c2e543327a7c2f2ce3d26ced94d1|reasoning_quality|agent|1,,,original
Qwen/Qwen3.5-2B,6f0ede30602ae3fe2ced3f9fabb008a6,helpfulness,trace,0.0,"The agent failed to answer the question by providing a nonsensical name ('Skidmore') and offering no reasoning or verification steps, which directly violates the user's requirement for a correct answer. [model=Qwen/Qwen3.5-2B]",4665.56,False,,0,6f0ede30602ae3fe2ced3f9fabb008a6|helpfulness|trace|0,,,original
Qwen/Qwen3.5-2B,6f0ede30602ae3fe2ced3f9fabb008a6,accuracy,trace,0.25,"The response provides a specific name ('Skidmore') for the architectural firm, but this is factually incorrect. The landmark building in Chicago named after the city's namesake (the Willis Tower) was designed by Skidmore, Fowler & Associates, not just 'Skidmore'. The response fails to mention the full firm name and omits the correct date (June 2015) for the design, making the answer incomplete and misleading. [model=Qwen/Qwen3.5-2B]",7260.13,False,,0,6f0ede30602ae3fe2ced3f9fabb008a6|accuracy|trace|0,,,original
Qwen/Qwen3.5-2B,6f0ede30602ae3fe2ced3f9fabb008a6,groundedness,trace,0.0,"The agent failed to provide the specific architectural firm name requested in the query. The provided evidence is empty, meaning no facts were found to support any claim, resulting in a score of 0.0. [model=Qwen/Qwen3.5-2B]",4316.89,False,,0,6f0ede30602ae3fe2ced3f9fabb008a6|groundedness|trace|0,,,original
Qwen/Qwen3.5-2B,6f0ede30602ae3fe2ced3f9fabb008a6,instruction_following,agent,0.0,"The agent failed to provide any response or execution steps, resulting in a score of 0.0 as no instructions were followed. [model=Qwen/Qwen3.5-2B]",3343.44,False,,0,6f0ede30602ae3fe2ced3f9fabb008a6|instruction_following|agent|0,,,original
Qwen/Qwen3.5-2B,6f0ede30602ae3fe2ced3f9fabb008a6,instruction_following,agent,0.25,"The agent failed to follow the instruction to use the `visualizer` tool to analyze the image, instead relying on a flawed search query and a non-existent tool. It also ignored the specific formatting requirement to list 'Facts given in the task' and 'Facts to look up' in the survey section. The final answer was not derived from the image analysis but from a failed tool call. [model=Qwen/Qwen3.5-2B]",7247.66,False,,1,6f0ede30602ae3fe2ced3f9fabb008a6|instruction_following|agent|1,,,original
Qwen/Qwen3.5-2B,6f0ede30602ae3fe2ced3f9fabb008a6,reasoning_quality,agent,0.0,"The agent failed to execute the goal because it did not generate any output, resulting in a complete lack of reasoning steps. Consequently, the evaluation cannot assess the quality of the reasoning chain, leading to an incoherent response. [model=Qwen/Qwen3.5-2B]",4619.61,False,,0,6f0ede30602ae3fe2ced3f9fabb008a6|reasoning_quality|agent|0,,,original
Qwen/Qwen3.5-2B,6f0ede30602ae3fe2ced3f9fabb008a6,reasoning_quality,agent,0.25,"The agent correctly identifies the need to first identify the city from the specific NASA APOD entry before proceeding to find the building and its architect. However, the execution fails because it attempts to use a tool that cannot handle images (visualizer) and does not utilize the search tool to find the specific APOD entry, leading to a dead end. The reasoning jumps to a tool that is explicitly stated as unusable for this task. [model=Qwen/Qwen3.5-2B]",7207.79,False,,1,6f0ede30602ae3fe2ced3f9fabb008a6|reasoning_quality|agent|1,,,original
Qwen/Qwen3.5-2B,72877db591837666d500b459fb3cf29d,helpfulness,trace,0.0,The agent failed completely because it hallucinated a solution ('picnic is in polybius plaza') without actually decrypting the message or verifying the Caesar cipher logic. It ignored the explicit instruction to find the correct answer and provided a nonsensical result. [model=Qwen/Qwen3.5-2B],4948.33,False,,0,72877db591837666d500b459fb3cf29d|helpfulness|trace|0,,,original
Qwen/Qwen3.5-2B,72877db591837666d500b459fb3cf29d,accuracy,trace,0.0,The response completely fails because it ignores the encryption method entirely. It assumes the message is a standard text and guesses a location ('polybius plaza') without attempting to decrypt the Caesar cipher or identifying the shift value. This is a fundamental failure to follow the task instructions to solve the problem. [model=Qwen/Qwen3.5-2B],5432.6,False,,0,72877db591837666d500b459fb3cf29d|accuracy|trace|0,,,original
Qwen/Qwen3.5-2B,72877db591837666d500b459fb3cf29d,groundedness,trace,0.0,"The agent's response makes a definitive factual claim ('picnic is in polybius plaza') without providing any evidence from the available tools or the task text. The 'Evidence Available' section shows no tool results, and the task text contains no information about Polybius Plaza, making the claim unsupported and unsupported by the provided evidence. [model=Qwen/Qwen3.5-2B]",5812.01,False,,0,72877db591837666d500b459fb3cf29d|groundedness|trace|0,,,original
Qwen/Qwen3.5-2B,72877db591837666d500b459fb3cf29d,instruction_following,agent,0.0,"The agent failed to provide any response or execution steps, resulting in a score of 0.0 as no instructions were followed. [model=Qwen/Qwen3.5-2B]",3372.22,False,,0,72877db591837666d500b459fb3cf29d|instruction_following|agent|0,,,original
Qwen/Qwen3.5-2B,72877db591837666d500b459fb3cf29d,instruction_following,agent,0.0,"The agent failed to follow the primary instruction to provide a step-by-step plan and execution steps as requested in the first step of the user input. Instead, it provided a survey of facts and then a plan, but the actual response to the task was a single sentence without the required 'Thought:', 'Code:', and 'Observation:' sequences, nor did it use the specified tools or follow the formatting rules for the plan. It also failed to perform the decryption or verification steps required to solve the problem. [model=Qwen/Qwen3.5-2B]",8297.98,False,,1,72877db591837666d500b459fb3cf29d|instruction_following|agent|1,,,original
Qwen/Qwen3.5-2B,72877db591837666d500b459fb3cf29d,reasoning_quality,agent,0.0,"The agent failed to execute the goal because it did not generate any output, resulting in a complete lack of reasoning steps. Consequently, the evaluation cannot assess the quality of the reasoning chain, leading to an incoherent response. [model=Qwen/Qwen3.5-2B]",4533.73,False,,0,72877db591837666d500b459fb3cf29d|reasoning_quality|agent|0,,,original
Qwen/Qwen3.5-2B,72877db591837666d500b459fb3cf29d,reasoning_quality,agent,0.25,"The agent correctly identifies the task as a Caesar cipher decryption and selects a shift of 10, which is a logical hypothesis derived from the message structure. However, the execution fails because the final answer tool returns 'no result', indicating a failure to actually perform the decryption or verify the output, despite the reasoning provided. This disconnect between the logical plan and the tool's execution result constitutes a major gap. [model=Qwen/Qwen3.5-2B]",7021.02,False,,1,72877db591837666d500b459fb3cf29d|reasoning_quality|agent|1,,,original
Qwen/Qwen3.5-2B,75121379e11c550f3ca58e17c972266b,helpfulness,trace,0.5,"The response directly answers the user's question by listing the five classes in alphabetical order, fulfilling the core requirement of identifying the specific classes in the group. However, it fails to provide the reasoning or verification steps requested, nor does it explicitly state the source of the answer, which is a significant gap in helpfulness. [model=Qwen/Qwen3.5-2B]",5710.11,False,,0,75121379e11c550f3ca58e17c972266b|helpfulness|trace|0,,,original
Qwen/Qwen3.5-2B,75121379e11c550f3ca58e17c972266b,accuracy,trace,1.0,"The response correctly identifies the five classes as Demon Hunter, Druid, Mage, Paladin, and Priest, which are the standard classes in World of Warcraft. The reasoning provided is sound, and the answer is factually accurate. [model=Qwen/Qwen3.5-2B]",4388.97,False,,0,75121379e11c550f3ca58e17c972266b|accuracy|trace|0,,,original
Qwen/Qwen3.5-2B,75121379e11c550f3ca58e17c972266b,groundedness,trace,0.0,"The response provides a definitive answer without any evidence or reasoning, failing to meet the requirement to identify and ground facts from the task or available tools. The provided evidence is empty, making all claims unsupported. [model=Qwen/Qwen3.5-2B]",4196.68,False,,0,75121379e11c550f3ca58e17c972266b|groundedness|trace|0,,,original
Qwen/Qwen3.5-2B,75121379e11c550f3ca58e17c972266b,instruction_following,agent,0.0,"The agent failed to provide any response or execution steps, resulting in a score of 0.0 as no instructions were followed. [model=Qwen/Qwen3.5-2B]",3425.11,False,,0,75121379e11c550f3ca58e17c972266b|instruction_following|agent|0,,,original
Qwen/Qwen3.5-2B,75121379e11c550f3ca58e17c972266b,instruction_following,agent,0.25,"The agent failed to follow the primary instruction to use the provided tools (visualizer, inspect_file_as_text, final_answer) to solve the puzzle. Instead, it generated a detailed survey of facts and a high-level plan, but did not execute the required tool calls or derive the answer from the provided constraints. It also failed to use the team member search_agent as instructed in the prompt. [model=Qwen/Qwen3.5-2B]",7217.86,False,,1,75121379e11c550f3ca58e17c972266b|instruction_following|agent|1,,,original
Qwen/Qwen3.5-2B,75121379e11c550f3ca58e17c972266b,reasoning_quality,agent,0.0,"The agent failed to execute the goal because it did not generate any output, resulting in a complete lack of reasoning steps. Consequently, the evaluation cannot assess the quality of the reasoning chain, leading to an incoherent response. [model=Qwen/Qwen3.5-2B]",4508.11,False,,0,75121379e11c550f3ca58e17c972266b|reasoning_quality|agent|0,,,original
Qwen/Qwen3.5-2B,75121379e11c550f3ca58e17c972266b,reasoning_quality,agent,0.55,"The agent's reasoning is logically sound and purposeful, as it systematically breaks down the constraints (roles, abilities, armor types) to deduce the specific classes. It correctly identifies the necessary information from the task description and applies logical constraints to filter options. However, the execution is incomplete, as the final step fails to provide the actual answer despite having derived the necessary facts. [model=Qwen/Qwen3.5-2B]",6696.72,False,,1,75121379e11c550f3ca58e17c972266b|reasoning_quality|agent|1,,,original
Qwen/Qwen3.5-2B,772605f0794b0fa96bc942a8a7736571,helpfulness,trace,0.0,"The agent failed to follow the instruction to use the USGS database to find the answer, instead providing a definitive '0' without any data retrieval or verification steps as requested. [model=Qwen/Qwen3.5-2B]",4645.81,False,,0,772605f0794b0fa96bc942a8a7736571|helpfulness|trace|0,,,original
Qwen/Qwen3.5-2B,772605f0794b0fa96bc942a8a7736571,accuracy,trace,0.0,"The response provides a definitive answer of '0' without any supporting data or reasoning, which is highly unreliable given the specific request for a comprehensive survey and the explicit instruction to use the USGS database. The response fails to acknowledge the complexity of the query or the need for data retrieval, making it factually incorrect and misleading. [model=Qwen/Qwen3.5-2B]",5620.44,False,,0,772605f0794b0fa96bc942a8a7736571|accuracy|trace|0,,,original
Qwen/Qwen3.5-2B,772605f0794b0fa96bc942a8a7736571,groundedness,trace,0.0,"The agent's response provides a definitive answer of '0' without attempting to verify the data or acknowledge the limitation of the search tool, which violates the instruction to 'Run verification steps if that's needed' and 'make sure you find the correct answer'. The provided evidence only shows search results for the topic but does not contain the specific count data requested, making the answer factually unsupported. [model=Qwen/Qwen3.5-2B]",6367.62,False,,0,772605f0794b0fa96bc942a8a7736571|groundedness|trace|0,,,original
Qwen/Qwen3.5-2B,772605f0794b0fa96bc942a8a7736571,instruction_following,agent,0.0,"The agent failed to provide any response or execution steps, resulting in a score of 0.0 as no instructions were followed. [model=Qwen/Qwen3.5-2B]",3438.97,False,,0,772605f0794b0fa96bc942a8a7736571|instruction_following|agent|0,,,original
Qwen/Qwen3.5-2B,772605f0794b0fa96bc942a8a7736571,instruction_following,agent,0.55,"The agent successfully followed the core instruction to provide a step-by-step plan and a final answer using the specified format. However, it failed to strictly adhere to the formatting constraint in Step 21 where it did not include the required 'Facts still to look up' and 'Facts still to derive' sections in the updated list of facts, and it did not actually execute the final query to retrieve the specific count of records as required by the task. [model=Qwen/Qwen3.5-2B]",10816.47,False,,1,772605f0794b0fa96bc942a8a7736571|instruction_following|agent|1,,,original
Qwen/Qwen3.5-2B,772605f0794b0fa96bc942a8a7736571,instruction_following,agent,0.5,"The agent successfully followed the instruction to provide a high-level plan based on the available facts and tools. It correctly identified the need to search for the USGS NAS database and crocodile records, and updated its facts list to reflect learned information. However, the agent failed to follow the specific formatting constraint for the final answer, which requires the output to be wrapped in a `final_answer` tool call containing specific sections (Task outcome short, Task outcome detailed, Additional context). The agent only provided the plan itself, not the final answer structure. [model=Qwen/Qwen3.5-2B]",9327.23,False,,2,772605f0794b0fa96bc942a8a7736571|instruction_following|agent|2,"Invalid judge JSON; saved raw output instead. 1 validation error for JudgeOutput
  Invalid JSON: EOF while parsing an object at line 3 column 12 [type=json_invalid, input_value='{\n  ""explanation"": ""The...iption."",\n  ""score"": 0', input_type=str]
    For further information visit https://errors.pydantic.dev/2.13/v/json_invalid",,rerun
Qwen/Qwen3.5-2B,772605f0794b0fa96bc942a8a7736571,reasoning_quality,agent,0.0,"The agent failed to execute the goal because it did not generate any output, resulting in a complete lack of reasoning steps. Consequently, the evaluation cannot assess the quality of the reasoning chain, leading to an incoherent response. [model=Qwen/Qwen3.5-2B]",4634.87,False,,0,772605f0794b0fa96bc942a8a7736571|reasoning_quality|agent|0,,,original
Qwen/Qwen3.5-2B,772605f0794b0fa96bc942a8a7736571,reasoning_quality,agent,0.55,"The agent demonstrates strong logical reasoning by systematically identifying the need to gather facts, selecting appropriate tools (web_search and final_answer), and following a structured plan to gather information from the USGS database. However, the execution fails because the search tool returns no results for the specific query, leading to an incomplete and potentially incorrect final answer without further clarification. [model=Qwen/Qwen3.5-2B]",8565.24,False,,1,772605f0794b0fa96bc942a8a7736571|reasoning_quality|agent|1,,,original
Qwen/Qwen3.5-2B,772605f0794b0fa96bc942a8a7736571,reasoning_quality,agent,0.75,"The agent demonstrates strong logical reasoning by systematically identifying the necessary facts (database URL, task constraints) and then methodically selecting appropriate tools (web_search) to gather information. It correctly identifies the need to search for specific query parameters and acknowledges the failure of a previous overly specific search, adapting its strategy to a broader search first, which is a sound troubleshooting step. The plan remains focused on the goal throughout. [model=Qwen/Qwen3.5-2B]",7908.68,False,,2,772605f0794b0fa96bc942a8a7736571|reasoning_quality|agent|2,,,original
Qwen/Qwen3.5-2B,7bf0addde339e4cac9dd3b772232a7e0,helpfulness,trace,0.0,"The agent failed completely by providing a nonsensical answer ('briniest') and ignoring the core task of finding the longest valid English word from the provided Boggle board. It did not attempt to solve the puzzle, nor did it list any facts to look up or derive, rendering the response entirely useless. [model=Qwen/Qwen3.5-2B]",5823.21,False,,0,7bf0addde339e4cac9dd3b772232a7e0|helpfulness|trace|0,,,original
Qwen/Qwen3.5-2B,7bf0addde339e4cac9dd3b772232a7e0,accuracy,trace,0.0,"The response provides a definitive answer ('briniest') without any reasoning or verification steps, which fails the user's requirement to find the longest word. It also ignores the specific constraint to use the 'words_alpha' dictionary from the provided GitHub link, instead likely relying on a standard dictionary or a different wordlist entirely. [model=Qwen/Qwen3.5-2B]",5664.18,False,,0,7bf0addde339e4cac9dd3b772232a7e0|accuracy|trace|0,,,original
Qwen/Qwen3.5-2B,7bf0addde339e4cac9dd3b772232a7e0,groundedness,trace,0.0,"The agent failed to provide the actual longest word from the provided board or the specific dictionary link requested, instead offering a nonsensical string 'briniest' which is not a valid English word and has no relation to the Boggle board data. The response contains no factual claims supported by the available evidence. [model=Qwen/Qwen3.5-2B]",5969.92,False,,0,7bf0addde339e4cac9dd3b772232a7e0|groundedness|trace|0,,,original
Qwen/Qwen3.5-2B,7bf0addde339e4cac9dd3b772232a7e0,instruction_following,agent,0.0,"The agent failed to provide any response or execution steps, resulting in a score of 0.0 as no instructions were followed. [model=Qwen/Qwen3.5-2B]",3536.88,False,,0,7bf0addde339e4cac9dd3b772232a7e0|instruction_following|agent|0,,,original
Qwen/Qwen3.5-2B,7bf0addde339e4cac9dd3b772232a7e0,instruction_following,agent,0.55,"The agent successfully identified the task requirements, attempted to solve it using the available tools (visualizer, inspect_file_as_text, python_interpreter), and adapted its strategy when the local file failed. It correctly identified the need to download the dictionary from GitHub, implemented a DFS algorithm to find all valid words on the board, and selected the longest alphabetically. However, it failed to actually execute the code due to a runtime error (max operations limit) and a subsequent file conversion error, preventing the final answer from being generated. [model=Qwen/Qwen3.5-2B]",9102.38,False,,1,7bf0addde339e4cac9dd3b772232a7e0|instruction_following|agent|1,,,original
Qwen/Qwen3.5-2B,7bf0addde339e4cac9dd3b772232a7e0,reasoning_quality,agent,0.0,"The agent failed to execute the goal because it did not generate any output, resulting in a complete lack of reasoning steps. Consequently, the evaluation cannot assess the quality of the reasoning chain, leading to an incoherent response. [model=Qwen/Qwen3.5-2B]",4879.29,False,,0,7bf0addde339e4cac9dd3b772232a7e0|reasoning_quality|agent|0,,,original
Qwen/Qwen3.5-2B,7bf0addde339e4cac9dd3b772232a7e0,reasoning_quality,agent,0.5,"The agent demonstrates logical progression by first attempting to load a local file, failing due to a missing file, then correctly switching to a direct HTTP download method. However, the subsequent execution failed due to a runtime error (max operations limit) rather than a logic error, indicating a flaw in the code's efficiency or implementation details rather than the reasoning chain itself. The reasoning chain is sound, but the execution failure suggests a lack of robustness in handling the code execution phase. [model=Qwen/Qwen3.5-2B]",7951.79,False,,1,7bf0addde339e4cac9dd3b772232a7e0|reasoning_quality|agent|1,,,original
Qwen/Qwen3.5-2B,7c98d39b2699d41fa913f8fbe60c04ed,helpfulness,trace,0.5,"The agent correctly identifies that the query involves copyrighted material (King of Pop's song) and refuses to provide the specific text or lyrics, which is the necessary step to answer the question about the song's lyrics. [model=Qwen/Qwen3.5-2B]",5037.59,False,,0,7c98d39b2699d41fa913f8fbe60c04ed|helpfulness|trace|0,,,original
Qwen/Qwen3.5-2B,7c98d39b2699d41fa913f8fbe60c04ed,accuracy,trace,0.5,"The agent correctly identified the impossibility of the request due to copyright restrictions on 'King of Pop's' works, which is a factually accurate assessment of current laws. However, the agent failed to explicitly state the specific legal reason (copyright infringement) for refusing the request, instead providing a generic refusal message. [model=Qwen/Qwen3.5-2B]",5675.71,False,,0,7c98d39b2699d41fa913f8fbe60c04ed|accuracy|trace|0,,,original
Qwen/Qwen3.5-2B,7c98d39b2699d41fa913f8fbe60c04ed,groundedness,trace,0.5,"The agent correctly identified that the task requires retrieving specific factual data from a copyrighted song, which is a request for information not grounded in the provided evidence. The response explicitly refused to provide the answer due to copyright restrictions, which is a valid constraint, but the evaluation rubric focuses on whether the response's *claims* are supported by evidence. Since the agent did not make any specific factual claims about the song's metadata (which would be protected by copyright and thus ungrounded in the provided evidence), the score reflects the lack of grounded assertions rather than the refusal itself. [model=Qwen/Qwen3.5-2B]",8723.21,False,,0,7c98d39b2699d41fa913f8fbe60c04ed|groundedness|trace|0,,,original
Qwen/Qwen3.5-2B,7c98d39b2699d41fa913f8fbe60c04ed,instruction_following,agent,0.0,"The agent failed to provide any response or execution steps, resulting in a score of 0.0 as no instructions were followed. [model=Qwen/Qwen3.5-2B]",3568.04,False,,0,7c98d39b2699d41fa913f8fbe60c04ed|instruction_following|agent|0,,,original
Qwen/Qwen3.5-2B,7c98d39b2699d41fa913f8fbe60c04ed,instruction_following,agent,0.5,"The agent correctly identified the task as a request for copyrighted lyrics and correctly refused to provide location-based excerpts. However, the agent failed to utilize the available tools (specifically `search_agent` or `visualizer`) to perform the necessary verification steps as requested by the prompt's instruction to 'Run verification steps if that's needed'. The response was incomplete and did not follow the instruction to use the provided tools to solve the problem. [model=Qwen/Qwen3.5-2B]",7953.31,False,,1,7c98d39b2699d41fa913f8fbe60c04ed|instruction_following|agent|1,,,original
Qwen/Qwen3.5-2B,7c98d39b2699d41fa913f8fbe60c04ed,reasoning_quality,agent,0.0,"The agent failed to execute the goal because it did not generate any output, resulting in a complete lack of reasoning steps. Consequently, the evaluation cannot assess the quality of the reasoning chain, leading to an incoherent response. [model=Qwen/Qwen3.5-2B]",4905.98,False,,0,7c98d39b2699d41fa913f8fbe60c04ed|reasoning_quality|agent|0,,,original
Qwen/Qwen3.5-2B,7c98d39b2699d41fa913f8fbe60c04ed,reasoning_quality,agent,0.25,"The agent correctly identifies the copyright restriction regarding location-based requests for copyrighted lyrics, which is the primary constraint. However, the execution steps are incomplete; the agent fails to utilize the available tools (like `final_answer` or `search_agent`) to actually retrieve the specific lyric data needed to answer the question, instead stopping at a partial thought. [model=Qwen/Qwen3.5-2B]",6375.27,False,,1,7c98d39b2699d41fa913f8fbe60c04ed|reasoning_quality|agent|1,,,original
Qwen/Qwen3.5-2B,7ee8e8df6e8cd101d9af8a4a4f6ceedb,helpfulness,trace,0.0,"The agent completely failed the task by providing a definitive answer ('100') without any reasoning, verification steps, or acknowledgment of the riddle's complexity. It ignored the instruction to identify necessary facts and derive the correct answer through logical deduction, instead guessing the solution. [model=Qwen/Qwen3.5-2B]",5334.44,False,,0,7ee8e8df6e8cd101d9af8a4a4f6ceedb|helpfulness|trace|0,,,original
Qwen/Qwen3.5-2B,7ee8e8df6e8cd101d9af8a4a4f6ceedb,accuracy,trace,0.0,"The response provides a definitive answer (100) without any reasoning or verification steps, which fails the user's explicit requirement to 'provide a correct answer' and 'Run verification steps'. The logic is flawed because the problem is a classic variation of the Monty Hall problem, where the optimal strategy is not to pick the ball that is already on the platform, but rather the ball that is currently being ejected. The response ignores the game mechanics entirely. [model=Qwen/Qwen3.5-2B]",7386.96,False,,0,7ee8e8df6e8cd101d9af8a4a4f6ceedb|accuracy|trace|0,,,original
Qwen/Qwen3.5-2B,7ee8e8df6e8cd101d9af8a4a4f6ceedb,groundedness,trace,0.0,"The agent's response provides a definitive answer (100) without any logical derivation or verification steps, as the provided evidence (Tool Results) is empty and offers no basis for the solution. The response fails to address the task because it ignores the available evidence entirely. [model=Qwen/Qwen3.5-2B]",5430.24,False,,0,7ee8e8df6e8cd101d9af8a4a4f6ceedb|groundedness|trace|0,,,original
Qwen/Qwen3.5-2B,7ee8e8df6e8cd101d9af8a4a4f6ceedb,instruction_following,agent,0.0,"The agent failed to provide any response or execution steps, resulting in a score of 0.0 as no instructions were followed. [model=Qwen/Qwen3.5-2B]",3748.53,False,,0,7ee8e8df6e8cd101d9af8a4a4f6ceedb|instruction_following|agent|0,,,original
Qwen/Qwen3.5-2B,7ee8e8df6e8cd101d9af8a4a4f6ceedb,instruction_following,agent,0.55,"The agent successfully followed the primary instruction to provide a step-by-step plan and a final answer. It correctly identified the game mechanics, simulated the process to find the most probable winning ball (100), and formatted the output as requested. However, the final step failed because the tool `final_answer` did not receive the correct input format or the simulation logic was flawed, leading to an error in the execution logs rather than a successful completion. The agent attempted to fix the logic but ultimately failed to execute the tool correctly, resulting in a failure to provide the final answer as required by the task constraints. [model=Qwen/Qwen3.5-2B]",20938.21,False,,1,7ee8e8df6e8cd101d9af8a4a4f6ceedb|instruction_following|agent|1,"Invalid judge JSON; saved raw output instead. 1 validation error for JudgeOutput
  Invalid JSON: EOF while parsing an object at line 3 column 15 [type=json_invalid, input_value='{\n  ""explanation"": ""The...tep."",\n  ""score"": 0.55', input_type=str]
    For further information visit https://errors.pydantic.dev/2.13/v/json_invalid",,rerun
Qwen/Qwen3.5-2B,7ee8e8df6e8cd101d9af8a4a4f6ceedb,reasoning_quality,agent,0.0,"The agent failed to execute the goal because it did not generate any output, resulting in a complete lack of reasoning steps. Consequently, the evaluation cannot assess the quality of the reasoning chain, leading to an incoherent response. [model=Qwen/Qwen3.5-2B]",4867.38,False,,0,7ee8e8df6e8cd101d9af8a4a4f6ceedb|reasoning_quality|agent|0,,,original
Qwen/Qwen3.5-2B,7ee8e8df6e8cd101d9af8a4a4f6ceedb,reasoning_quality,agent,0.75,"The agent correctly identifies the need to simulate the game process to determine probabilities, as the problem involves a probabilistic outcome. It then constructs a Python script to model the game mechanics, though it initially encounters an infinite loop error due to a misunderstanding of the simulation logic (specifically regarding the ramp refill condition). After debugging the loop, it successfully simulates the process and correctly deduces that ball 100 has the highest probability of being ejected based on the final simulation results. The reasoning is sound, the debugging process is logical, and the final conclusion is derived from the simulation data. [model=Qwen/Qwen3.5-2B]",9880.74,False,,1,7ee8e8df6e8cd101d9af8a4a4f6ceedb|reasoning_quality|agent|1,,,original
Qwen/Qwen3.5-2B,85c14ced5177cdad83f1f1f898a1c6c7,helpfulness,trace,0.25,"The response provides a specific answer ('Darwin') but fails to follow the instruction to identify and list all necessary facts, sources, or derivations required to solve the problem. It simply states the answer without demonstrating the preparatory survey process requested. [model=Qwen/Qwen3.5-2B]",5289.88,False,,0,85c14ced5177cdad83f1f1f898a1c6c7|helpfulness|trace|0,,,original
Qwen/Qwen3.5-2B,85c14ced5177cdad83f1f1f898a1c6c7,accuracy,trace,0.5,"The response provides a specific name ('Darwin') but fails to provide the specific Wikipedia article title or the exact date of the nomination, making the factual claim incomplete and potentially misleading regarding the specific details of the event. [model=Qwen/Qwen3.5-2B]",4526.9,False,,0,85c14ced5177cdad83f1f1f898a1c6c7|accuracy|trace|0,,,original
Qwen/Qwen3.5-2B,85c14ced5177cdad83f1f1f898a1c6c7,groundedness,trace,0.0,"The response provides a specific name ('Darwin') without any supporting evidence or logical derivation from the task constraints. Since the task asks for a factual answer based on available tools and the provided evidence is empty, the claim is unsupported and contradicts the lack of data. [model=Qwen/Qwen3.5-2B]",4971.22,False,,0,85c14ced5177cdad83f1f1f898a1c6c7|groundedness|trace|0,,,original
Qwen/Qwen3.5-2B,85c14ced5177cdad83f1f1f898a1c6c7,instruction_following,agent,0.0,"The agent failed to provide any response or execution steps, resulting in a score of 0.0 as no instructions were followed. [model=Qwen/Qwen3.5-2B]",3431.35,False,,0,85c14ced5177cdad83f1f1f898a1c6c7|instruction_following|agent|0,,,original
Qwen/Qwen3.5-2B,85c14ced5177cdad83f1f1f898a1c6c7,instruction_following,agent,0.0,"The agent failed to follow the core instruction to use the provided tools (visualizer, inspect_file_as_text, final_answer) to solve the task. Instead, it ignored the tool list, used a team member search for information it could not find, and failed to provide a final answer using the required tool. It also failed to properly format the task description as requested in Step 1. [model=Qwen/Qwen3.5-2B]",7366.46,False,,1,85c14ced5177cdad83f1f1f898a1c6c7|instruction_following|agent|1,,,original
Qwen/Qwen3.5-2B,85c14ced5177cdad83f1f1f898a1c6c7,reasoning_quality,agent,0.0,"The agent failed to execute the goal because it did not generate any output, resulting in a complete lack of reasoning steps. Consequently, the evaluation cannot assess the quality of the reasoning chain, leading to an incoherent response. [model=Qwen/Qwen3.5-2B]",5217.0,False,,0,85c14ced5177cdad83f1f1f898a1c6c7|reasoning_quality|agent|0,,,original
Qwen/Qwen3.5-2B,85c14ced5177cdad83f1f1f898a1c6c7,reasoning_quality,agent,0.5,"The agent demonstrates a logical progression by first identifying the specific article (Tyrannosaurus rex) and then systematically using search and tool calls to locate the nomination record. However, the final step fails because the tool execution returned 'None', indicating a failure to retrieve the specific nomination details from the search results or the page, which is a critical gap in the reasoning chain that prevents a correct answer. [model=Qwen/Qwen3.5-2B]",7899.75,False,,1,85c14ced5177cdad83f1f1f898a1c6c7|reasoning_quality|agent|1,,,original
Qwen/Qwen3.5-2B,860f9d45f2e50bfecb190bb26eff1f32,helpfulness,trace,0.0,"The agent failed to follow the instruction to search for the specific citation reference link on Carl Nebel's Wikipedia page, instead providing a random year (1981) without attempting to verify the source or derive the correct date from the image. [model=Qwen/Qwen3.5-2B]",5345.1,False,,0,860f9d45f2e50bfecb190bb26eff1f32|helpfulness|trace|0,,,original
Qwen/Qwen3.5-2B,860f9d45f2e50bfecb190bb26eff1f32,accuracy,trace,0.25,"The response provides a specific year (1981) without providing the source URL or citation link mentioned in the task, nor does it demonstrate the verification steps required to confirm the 'latest' date on the webpage as of August 2023. This makes the answer unreliable and potentially incorrect given the dynamic nature of web content. [model=Qwen/Qwen3.5-2B]",6458.23,False,,0,860f9d45f2e50bfecb190bb26eff1f32|accuracy|trace|0,,,original
Qwen/Qwen3.5-2B,860f9d45f2e50bfecb190bb26eff1f32,groundedness,trace,0.0,"The provided evidence confirms the Wikipedia page exists and lists Carl Nebel's birth and death dates (1805-1855), but the response fails to identify the specific year written in the image, which is a critical missing piece of information not derivable from the search results or history page data provided. [model=Qwen/Qwen3.5-2B]",6165.82,False,,0,860f9d45f2e50bfecb190bb26eff1f32|groundedness|trace|0,,,original
Qwen/Qwen3.5-2B,860f9d45f2e50bfecb190bb26eff1f32,instruction_following,agent,0.0,"The agent failed to provide any response or execution steps, resulting in a score of 0.0 as no instructions were followed. [model=Qwen/Qwen3.5-2B]",3676.95,False,,0,860f9d45f2e50bfecb190bb26eff1f32|instruction_following|agent|0,,,original
Qwen/Qwen3.5-2B,860f9d45f2e50bfecb190bb26eff1f32,instruction_following,agent,0.55,"The agent successfully followed the primary instruction to provide a comprehensive preparatory survey of facts and a high-level plan. However, the agent failed to follow the specific formatting constraint in Step 62, which required the output to be a single 'high-level plan' without any survey or facts sections. The agent instead generated a survey and a plan, and then proceeded to execute the task using the tools, ultimately providing the correct answer. While the final answer was correct, the agent did not adhere to the strict formatting rules for the 'high-level plan' output as specified in the instructions. [model=Qwen/Qwen3.5-2B]",30448.4,False,,1,860f9d45f2e50bfecb190bb26eff1f32|instruction_following|agent|1,,,original
Qwen/Qwen3.5-2B,860f9d45f2e50bfecb190bb26eff1f32,instruction_following,agent,0.55,"The agent successfully identified the correct revision (oldid=1168855983) and navigated to the References section using the provided tools. It correctly extracted the first citation URL (https://de.wikipedia.org/wiki/Thieme-Becker) and formatted the response according to the required structure. However, the agent failed to provide the specific 'Additional context' section as requested in the task instructions, and encountered errors when attempting to scroll the page programmatically, which is a critical failure in following the instruction to use the page_down tool correctly. [model=Qwen/Qwen3.5-2B]",16889.92,False,,2,860f9d45f2e50bfecb190bb26eff1f32|instruction_following|agent|2,,,original
Qwen/Qwen3.5-2B,860f9d45f2e50bfecb190bb26eff1f32,instruction_following,agent,0.55,"The agent successfully followed the core instruction to provide a structured final answer with the required sections (Task outcome, detailed version, context) and used the available tools (visit_page, find_on_page_ctrl_f, web_search) to gather information. However, the agent failed to follow the specific formatting constraint regarding the 'facts still to look up' section in the updated list of facts, which was explicitly requested in the task description. Additionally, the agent failed to follow the instruction to 'Put all these in your final_answer tool' by not including the required sections in the final output, despite attempting to do so in the plan. [model=Qwen/Qwen3.5-2B]",16592.55,False,,3,860f9d45f2e50bfecb190bb26eff1f32|instruction_following|agent|3,,,original
Qwen/Qwen3.5-2B,860f9d45f2e50bfecb190bb26eff1f32,instruction_following,agent,0.55,"The agent successfully followed the instruction to provide a high-level plan before executing the task. It correctly identified the need to visit the Wikipedia page, found the image via search, and then used the 'visit_page' tool to retrieve the full page content to confirm the file name and URL. However, the agent failed to follow the specific formatting constraint in the final instruction, which required the 'final_answer' tool to contain three specific sections ('Task outcome (short version)', 'Task outcome (extremely detailed version)', and 'Additional context') and to include all arguments to that tool. The agent only used the 'final_answer' tool at the very end without the required structure. [model=Qwen/Qwen3.5-2B]",11119.4,False,,4,860f9d45f2e50bfecb190bb26eff1f32|instruction_following|agent|4,"Invalid judge JSON; saved raw output instead. 1 validation error for JudgeOutput
  Invalid JSON: EOF while parsing a string at line 2 column 785 [type=json_invalid, input_value='{\n  ""explanation"": ""The...final answer. The agent', input_type=str]
    For further information visit https://errors.pydantic.dev/2.13/v/json_invalid",,rerun
Qwen/Qwen3.5-2B,860f9d45f2e50bfecb190bb26eff1f32,reasoning_quality,agent,0.0,"The agent failed to execute the goal because it did not generate any output, resulting in a complete lack of reasoning steps. Consequently, the evaluation cannot assess the quality of the reasoning chain, leading to an incoherent response. [model=Qwen/Qwen3.5-2B]",4711.04,False,,0,860f9d45f2e50bfecb190bb26eff1f32|reasoning_quality|agent|0,,,original
Qwen/Qwen3.5-2B,860f9d45f2e50bfecb190bb26eff1f32,reasoning_quality,agent,0.55,"The agent successfully identified the correct Wikipedia revision (oldid=1168855983) and navigated to the German page to locate the cover image. However, the final step failed because the agent attempted to download an image file that did not exist locally (FileNotFoundError) and also failed to correctly execute the visualizer tool with the correct URL (HTTPError/404). The reasoning chain correctly identified the image URL from the page metadata, but the execution phase failed to retrieve the actual image data, preventing the final answer from being generated. [model=Qwen/Qwen3.5-2B]",29543.29,False,,1,860f9d45f2e50bfecb190bb26eff1f32|reasoning_quality|agent|1,,,original
Qwen/Qwen3.5-2B,860f9d45f2e50bfecb190bb26eff1f32,reasoning_quality,agent,1.0,"The agent demonstrates strong logical reasoning by systematically identifying the need to retrieve a specific Wikipedia revision, recognizing the failure of the initial archived URL attempt, and correctly pivoting to the revision history tool to locate the target revision. It then uses the table of contents to find the 'References' section and successfully locates the first citation link using the search tool, avoiding unnecessary tool errors. The final step of formatting the answer is logical and complete. [model=Qwen/Qwen3.5-2B]",14269.82,False,,2,860f9d45f2e50bfecb190bb26eff1f32|reasoning_quality|agent|2,,,original
Qwen/Qwen3.5-2B,860f9d45f2e50bfecb190bb26eff1f32,reasoning_quality,agent,0.55,"The agent demonstrates a clear understanding of the task requirements and the available tools. It correctly identifies the need to inspect the Wikipedia page for specific image elements containing year dates. However, the agent fails to execute the plan effectively by repeatedly attempting to scroll the page using the 'page_down' tool with incorrect or empty arguments, which results in errors. It also fails to utilize the 'find_on_page_ctrl_f' tool to locate the relevant image elements, instead relying on a Google search that does not directly address the specific task of finding the image on the page. The reasoning is logical in its initial steps but breaks down significantly when the tool usage fails, leading to a lack of progress. [model=Qwen/Qwen3.5-2B]",16420.73,False,,3,860f9d45f2e50bfecb190bb26eff1f32|reasoning_quality|agent|3,,,original
Qwen/Qwen3.5-2B,860f9d45f2e50bfecb190bb26eff1f32,reasoning_quality,agent,1.0,"The agent successfully navigated the Wikipedia page, identified the relevant image via the 'Datei:' search string, and extracted the full URL from the page content. The steps are logical, purposeful, and directly address the task requirements. [model=Qwen/Qwen3.5-2B]",6198.02,False,,4,860f9d45f2e50bfecb190bb26eff1f32|reasoning_quality|agent|4,,,original
Qwen/Qwen3.5-2B,876eb108c8650d4ada63a8d39aa1e96c,helpfulness,trace,0.0,"The agent failed to perform the task as requested. It provided a final numerical answer without actually executing the steps to parse the PDB file, calculate distances, or verify the result using Biopython. The response is a hallucinated answer that does not demonstrate the required tool usage or logical derivation. [model=Qwen/Qwen3.5-2B]",5813.77,False,,0,876eb108c8650d4ada63a8d39aa1e96c|helpfulness|trace|0,,,original
Qwen/Qwen3.5-2B,876eb108c8650d4ada63a8d39aa1e96c,accuracy,trace,0.25,"The response provides a specific numerical answer (1.46) without showing the derivation or verification steps required to ensure accuracy. While the task asks for a correct answer, the response fails to demonstrate the computational process or the source of the data, making it impossible to verify the correctness of the result. [model=Qwen/Qwen3.5-2B]",5859.21,False,,0,876eb108c8650d4ada63a8d39aa1e96c|accuracy|trace|0,,,original
Qwen/Qwen3.5-2B,876eb108c8650d4ada63a8d39aa1e96c,groundedness,trace,0.0,"The response provides a specific numerical answer (1.46) without any supporting evidence or reasoning steps. The available evidence only lists tool names ('inspect_file_as_text', 'final_answer') and a file path, neither of which supports the calculation of a protein distance. Consequently, the answer is unsupported and contradicts the lack of data. [model=Qwen/Qwen3.5-2B]",5827.4,False,,0,876eb108c8650d4ada63a8d39aa1e96c|groundedness|trace|0,,,original
Qwen/Qwen3.5-2B,876eb108c8650d4ada63a8d39aa1e96c,instruction_following,agent,0.0,"The agent failed to provide any response or execution steps, resulting in a score of 0.0 as no instructions were followed. [model=Qwen/Qwen3.5-2B]",3473.58,False,,0,876eb108c8650d4ada63a8d39aa1e96c|instruction_following|agent|0,,,original
Qwen/Qwen3.5-2B,876eb108c8650d4ada63a8d39aa1e96c,instruction_following,agent,0.25,"The agent successfully identified the need to use Biopython and the PDB file, but failed to execute the plan due to a critical error in Step 10: it attempted to use the `inspect_file_as_text` tool to read the file, which is explicitly forbidden for files that are not text formats (like .pdb). The agent then tried to manually parse the file content, but the code execution failed because the file path was incorrect (it tried to read from the current working directory instead of the specified path), and the file was not found. The agent did not use the correct tool for the file type and did not correctly handle the file path argument. [model=Qwen/Qwen3.5-2B]",10341.99,False,,1,876eb108c8650d4ada63a8d39aa1e96c|instruction_following|agent|1,,,original
Qwen/Qwen3.5-2B,876eb108c8650d4ada63a8d39aa1e96c,reasoning_quality,agent,0.0,"The agent failed to execute the goal because it did not generate any output, resulting in a complete lack of reasoning steps. Consequently, the evaluation cannot assess the quality of the reasoning chain, leading to an incoherent response. [model=Qwen/Qwen3.5-2B]",4686.17,False,,0,876eb108c8650d4ada63a8d39aa1e96c|reasoning_quality|agent|0,,,original
Qwen/Qwen3.5-2B,876eb108c8650d4ada63a8d39aa1e96c,reasoning_quality,agent,0.25,"The agent demonstrates logical progression by attempting to use the provided file path, encountering a file conversion error, and then attempting to fetch the file directly from the RCSB server. However, the reasoning fails to account for the specific error message regarding the file's existence or the inability to access it via the intended tool, leading to a dead end. The agent does not verify the file's actual availability or the correct URL for the PDB ID, nor does it consider alternative data sources or error handling strategies, resulting in a complete failure to solve the task. [model=Qwen/Qwen3.5-2B]",8962.2,False,,1,876eb108c8650d4ada63a8d39aa1e96c|reasoning_quality|agent|1,,,original
Qwen/Qwen3.5-2B,88c63c780aba1f23c3c5345aa340d7e2,helpfulness,trace,0.0,"The agent failed to perform the requested task by providing a definitive answer rather than a comprehensive preparatory survey. It did not list facts, sources, or derivations as requested, nor did it acknowledge the specific constraints of the query regarding bibliographic cross-references. [model=Qwen/Qwen3.5-2B]",5065.87,False,,0,88c63c780aba1f23c3c5345aa340d7e2|helpfulness|trace|0,,,original
Qwen/Qwen3.5-2B,88c63c780aba1f23c3c5345aa340d7e2,accuracy,trace,0.25,"The response provides specific animal names (rats and mice) but fails to address the core constraint of the query, which requires identifying animals present in a specific 2021 multicenter randomized double-blind study cited in the user's provided papers. The response does not verify the existence or content of the cited study or the papers mentioned, making the answer factually incomplete and unverifiable. [model=Qwen/Qwen3.5-2B]",6486.11,False,,0,88c63c780aba1f23c3c5345aa340d7e2|accuracy|trace|0,,,original
Qwen/Qwen3.5-2B,88c63c780aba1f23c3c5345aa340d7e2,groundedness,trace,0.0,"The provided evidence is empty, meaning no facts were available to verify the claims. Consequently, the response contains no grounded claims, resulting in a score of 0.0. [model=Qwen/Qwen3.5-2B]",4255.2,False,,0,88c63c780aba1f23c3c5345aa340d7e2|groundedness|trace|0,,,original
Qwen/Qwen3.5-2B,88c63c780aba1f23c3c5345aa340d7e2,instruction_following,agent,0.0,"The agent failed to provide any response or execution steps, resulting in a score of 0.0 as no instructions were followed. [model=Qwen/Qwen3.5-2B]",3603.24,False,,0,88c63c780aba1f23c3c5345aa340d7e2|instruction_following|agent|0,,,original
Qwen/Qwen3.5-2B,88c63c780aba1f23c3c5345aa340d7e2,instruction_following,agent,0.25,"The agent failed to follow the specific instruction to use the `search_agent` tool to obtain the bibliographic details and full texts of the papers, instead relying on a manual plan that involves visiting external websites. It also failed to properly handle the `final_answer` tool call, as it was not included in the final code block, and the execution steps were incomplete and did not yield the required result. [model=Qwen/Qwen3.5-2B]",8177.21,False,,1,88c63c780aba1f23c3c5345aa340d7e2|instruction_following|agent|1,,,original
Qwen/Qwen3.5-2B,88c63c780aba1f23c3c5345aa340d7e2,reasoning_quality,agent,0.0,"The agent failed to execute the goal because it did not generate any output, resulting in a complete lack of reasoning steps. Consequently, the evaluation cannot assess the quality of the reasoning chain, leading to an incoherent response. [model=Qwen/Qwen3.5-2B]",6522.42,False,,0,88c63c780aba1f23c3c5345aa340d7e2|reasoning_quality|agent|0,,,original
Qwen/Qwen3.5-2B,88c63c780aba1f23c3c5345aa340d7e2,reasoning_quality,agent,0.25,"The agent correctly identifies the need to retrieve specific bibliographic details and full texts from the provided sources to isolate animal mentions outside the bibliographies. However, the plan is incomplete as it stops mid-sentence and fails to specify the actual tool to be used for retrieving the texts, nor does it define the verification steps for the final comparison. This lack of concrete action planning results in a failure to execute the task. [model=Qwen/Qwen3.5-2B]",8083.3,False,,1,88c63c780aba1f23c3c5345aa340d7e2|reasoning_quality|agent|1,,,original
Qwen/Qwen3.5-2B,88e4ce6a659df42a4146331fff36417c,helpfulness,trace,0.25,"The response provides a specific year (1937) but fails to cite the source (USGS) or provide any verification steps as requested, making it unreliable and incomplete. [model=Qwen/Qwen3.5-2B]",4649.55,False,,0,88e4ce6a659df42a4146331fff36417c|helpfulness|trace|0,,,original
Qwen/Qwen3.5-2B,88e4ce6a659df42a4146331fff36417c,accuracy,trace,0.5,"The response provides a specific year (1937) but fails to cite the source (USGS) as requested, and the specific date of the American Alligator's first westward expansion is not a widely known public fact that can be verified without external data, making the claim potentially unreliable. [model=Qwen/Qwen3.5-2B]",5784.48,False,,0,88e4ce6a659df42a4146331fff36417c|accuracy|trace|0,,,original
Qwen/Qwen3.5-2B,88e4ce6a659df42a4146331fff36417c,groundedness,trace,0.0,"The provided evidence contains no results for the 'final_answer' tool, and the task explicitly states that the agent must find the correct answer using available tools. Since the tool yielded no results, the agent failed to utilize the necessary resources to verify or retrieve the specific fact, making the claim unsupported by the evidence. [model=Qwen/Qwen3.5-2B]",5840.46,False,,0,88e4ce6a659df42a4146331fff36417c|groundedness|trace|0,,,original
Qwen/Qwen3.5-2B,88e4ce6a659df42a4146331fff36417c,instruction_following,agent,0.0,"The agent failed to provide any response or execution steps, resulting in a score of 0.0 as no instructions were followed. [model=Qwen/Qwen3.5-2B]",3845.95,False,,0,88e4ce6a659df42a4146331fff36417c|instruction_following|agent|0,,,original
Qwen/Qwen3.5-2B,88e4ce6a659df42a4146331fff36417c,instruction_following,agent,0.0,"The agent failed to follow the core instruction to use the provided tools (visualizer, inspect_file_as_text, final_answer) to solve the task. Instead, it ignored the tool constraints, used a team member search that returned 'None', and provided a hallucinated answer without any actual tool usage or verification steps. It also failed to follow the formatting rules for the survey and plan sections. [model=Qwen/Qwen3.5-2B]",7696.6,False,,1,88e4ce6a659df42a4146331fff36417c|instruction_following|agent|1,,,original
Qwen/Qwen3.5-2B,88e4ce6a659df42a4146331fff36417c,reasoning_quality,agent,0.0,"The agent failed to execute the goal because it did not generate any output, resulting in a complete lack of reasoning steps. Consequently, the evaluation cannot assess the quality of the reasoning chain, leading to an incoherent response. [model=Qwen/Qwen3.5-2B]",4942.51,False,,0,88e4ce6a659df42a4146331fff36417c|reasoning_quality|agent|0,,,original
Qwen/Qwen3.5-2B,88e4ce6a659df42a4146331fff36417c,reasoning_quality,agent,0.25,"The agent demonstrates a logical progression by first identifying the need to search for specific USGS records, then attempting to refine the search query to ensure it meets the criteria for the 'first documented occurrence'. However, the final step fails to execute the search, resulting in no result, which indicates a breakdown in the tool execution or a failure to retrieve the necessary data to answer the question. [model=Qwen/Qwen3.5-2B]",7403.02,False,,1,88e4ce6a659df42a4146331fff36417c|reasoning_quality|agent|1,,,original
Qwen/Qwen3.5-2B,911e853f02d03e976dbf0c16f653ab57,helpfulness,trace,0.0,"The agent failed to solve the problem by providing a completely incorrect answer ('Honolulu, Quincy') and failing to list the necessary facts to look up or derive, instead offering a random pair of cities that are not the actual farthest pair. [model=Qwen/Qwen3.5-2B]",5269.82,False,,0,911e853f02d03e976dbf0c16f653ab57|helpfulness|trace|0,,,original
Qwen/Qwen3.5-2B,911e853f02d03e976dbf0c16f653ab57,accuracy,trace,0.0,"The response provides two cities, Honolulu and Quincy, but the calculation is incorrect. Honolulu is in Hawaii, not the United States, and Quincy is in Illinois, making the premise of the question flawed. The correct answer is Washington, D.C. and New York City, as they are the farthest pair among U.S. presidents' birthplaces. [model=Qwen/Qwen3.5-2B]",6217.07,False,,0,911e853f02d03e976dbf0c16f653ab57|accuracy|trace|0,,,original
Qwen/Qwen3.5-2B,911e853f02d03e976dbf0c16f653ab57,groundedness,trace,0.0,"The response provides two specific city names (Honolulu and Quincy) but fails to provide the names of the two cities that are actually the farthest apart, as the provided evidence contains no data regarding the distances between U.S. presidential birthplaces. Consequently, the claims are unsupported. [model=Qwen/Qwen3.5-2B]",5409.72,False,,0,911e853f02d03e976dbf0c16f653ab57|groundedness|trace|0,,,original
Qwen/Qwen3.5-2B,911e853f02d03e976dbf0c16f653ab57,instruction_following,agent,0.0,"The agent failed to provide any response or execution steps, resulting in a score of 0.0 as no instructions were followed. [model=Qwen/Qwen3.5-2B]",3542.15,False,,0,911e853f02d03e976dbf0c16f653ab57|instruction_following|agent|0,,,original
Qwen/Qwen3.5-2B,911e853f02d03e976dbf0c16f653ab57,instruction_following,agent,0.5,"The agent successfully followed the primary instruction to provide a step-by-step plan and a final answer. However, it failed to follow the specific formatting constraint in Step 1, which required listing 'Facts given in the task' and 'Facts to look up' under specific headings before the plan. Additionally, the plan was incomplete, stopping at Step 7 without executing the necessary tool calls to retrieve the list of presidents and their birth coordinates, nor did it perform the final answer step. [model=Qwen/Qwen3.5-2B]",8652.54,False,,1,911e853f02d03e976dbf0c16f653ab57|instruction_following|agent|1,,,original
Qwen/Qwen3.5-2B,911e853f02d03e976dbf0c16f653ab57,reasoning_quality,agent,0.0,"The agent failed to execute the goal because it did not generate any output, resulting in a complete lack of reasoning steps. Consequently, the evaluation cannot assess the quality of the reasoning chain, leading to an incoherent response. [model=Qwen/Qwen3.5-2B]",5025.94,False,,0,911e853f02d03e976dbf0c16f653ab57|reasoning_quality|agent|0,,,original
Qwen/Qwen3.5-2B,911e853f02d03e976dbf0c16f653ab57,reasoning_quality,agent,0.25,"The agent's reasoning is logically sound as it correctly identifies the need to retrieve a list of birthplaces and filter for U.S. cities. However, it fails to execute the subsequent steps of gathering coordinates or performing the necessary calculations to determine the specific farthest cities, leading to a failure in the final answer generation. [model=Qwen/Qwen3.5-2B]",6334.74,False,,1,911e853f02d03e976dbf0c16f653ab57|reasoning_quality|agent|1,,,original
Qwen/Qwen3.5-2B,915d2c66879657f694f88e0ed6f02cf5,helpfulness,trace,0.0,"The agent failed to follow instructions by providing a specific date instead of performing the requested search. It did not list the facts to look up or derive, nor did it acknowledge the need to verify the answer against GitHub. [model=Qwen/Qwen3.5-2B]",4808.9,False,,0,915d2c66879657f694f88e0ed6f02cf5|helpfulness|trace|0,,,original
Qwen/Qwen3.5-2B,915d2c66879657f694f88e0ed6f02cf5,accuracy,trace,0.0,"The response provides a specific date (07/03/24) without any citation or verification steps, which is highly risky given the specificity of the query. GitHub issues are dynamic and can change frequently, making it impossible to verify the exact date of a regression in a specific closed issue without browsing the live repository, which the model cannot do. This lack of verification and the refusal to acknowledge the dynamic nature of the data constitutes a significant factual error. [model=Qwen/Qwen3.5-2B]",7522.98,False,,0,915d2c66879657f694f88e0ed6f02cf5|accuracy|trace|0,,,original
Qwen/Qwen3.5-2B,915d2c66879657f694f88e0ed6f02cf5,groundedness,trace,0.0,"The agent provided a specific date (07/03/24) but failed to provide the specific GitHub issue number or URL where this date is located. The provided evidence only shows a search result for the issue title 'Regression' published on Aug 8, 2017, and a search for the exact issue ID '26843' resulted in a 404 error, neither of which confirms the date 07/03/24 for the oldest closed issue. [model=Qwen/Qwen3.5-2B]",8443.3,False,,0,915d2c66879657f694f88e0ed6f02cf5|groundedness|trace|0,,,original
Qwen/Qwen3.5-2B,915d2c66879657f694f88e0ed6f02cf5,instruction_following,agent,0.0,"The agent failed to provide any response or execution steps, resulting in a score of 0.0 as no instructions were followed. [model=Qwen/Qwen3.5-2B]",3941.75,False,,0,915d2c66879657f694f88e0ed6f02cf5|instruction_following|agent|0,,,original
Qwen/Qwen3.5-2B,915d2c66879657f694f88e0ed6f02cf5,instruction_following,agent,0.25,"The agent failed to solve the task because it repeatedly encountered '404 Not Found' errors when attempting to access the GitHub timeline pages for candidate issues (e.g., #9533, #26843, #5354, #22104). It also failed to successfully inspect the timeline events for these issues due to unsupported file formats when trying to download the event data. Consequently, it could not identify the specific date when the 'Regression' label was added to any of the candidate issues, nor could it verify the closed status or component association of the issues. The agent did not find a valid candidate issue that met all criteria. [model=Qwen/Qwen3.5-2B]",26458.22,False,,1,915d2c66879657f694f88e0ed6f02cf5|instruction_following|agent|1,,,original
Qwen/Qwen3.5-2B,915d2c66879657f694f88e0ed6f02cf5,instruction_following,agent,0.5,"The agent successfully identified the correct repository (numpy/numpy), performed a targeted search for closed issues with the 'Regression' label, and attempted to inspect the timelines of the candidate issues. However, the agent failed to locate the specific issue that meets all criteria because the timeline pages for the identified issues returned 404 errors, and the text search for 'Regression' on the issue pages did not yield results. Consequently, the agent could not extract the date of the label addition, and the final answer correctly stated that the task could not be completed due to the lack of visible timeline data. [model=Qwen/Qwen3.5-2B]",15505.16,False,,2,915d2c66879657f694f88e0ed6f02cf5|instruction_following|agent|2,,,original
Qwen/Qwen3.5-2B,915d2c66879657f694f88e0ed6f02cf5,instruction_following,agent,0.25,"The agent failed to complete the task because it attempted to access a file path that does not exist on the filesystem, resulting in a tool execution error. It also failed to properly inspect the timeline of the identified issue (#26843) to find the specific date of the 'Regression' label addition, as the direct timeline URL returned a 404 error. The agent did not successfully derive the final answer or provide the required three-part output format. [model=Qwen/Qwen3.5-2B]",15007.83,False,,3,915d2c66879657f694f88e0ed6f02cf5|instruction_following|agent|3,,,original
Qwen/Qwen3.5-2B,915d2c66879657f694f88e0ed6f02cf5,reasoning_quality,agent,0.0,"The agent failed to execute the goal because it did not generate any output, resulting in a complete lack of reasoning steps. Consequently, the evaluation cannot assess the quality of the reasoning chain, leading to an incoherent response. [model=Qwen/Qwen3.5-2B]",4930.48,False,,0,915d2c66879657f694f88e0ed6f02cf5|reasoning_quality|agent|0,,,original
Qwen/Qwen3.5-2B,915d2c66879657f694f88e0ed6f02cf5,reasoning_quality,agent,0.55,"The agent successfully identified the repository (numpy/numpy) and candidate issues (#9533, #14367, #24497, #26843) but failed to extract the specific date for the 'Regression' label due to a file format error when attempting to inspect the timeline events. The search results provided context, but the inability to access the actual timeline data prevented the final date extraction. [model=Qwen/Qwen3.5-2B]",47080.18,False,,1,915d2c66879657f694f88e0ed6f02cf5|reasoning_quality|agent|1,"Invalid judge JSON; saved raw output instead. 1 validation error for JudgeOutput
  Invalid JSON: EOF while parsing a string at line 2 column 677 [type=json_invalid, input_value='{\n  ""explanation"": ""The...he required information', input_type=str]
    For further information visit https://errors.pydantic.dev/2.13/v/json_invalid",,rerun
Qwen/Qwen3.5-2B,915d2c66879657f694f88e0ed6f02cf5,reasoning_quality,agent,0.55,"The agent successfully identified the correct repository and candidate issues, but failed to locate the specific 'Regression' label on the pages due to 404 errors and lack of text search results. The agent attempted to scroll through the timeline pages, which resulted in errors, and did not utilize the available search results to refine the candidate list effectively before giving up. [model=Qwen/Qwen3.5-2B]",11945.52,False,,2,915d2c66879657f694f88e0ed6f02cf5|reasoning_quality|agent|2,,,original
Qwen/Qwen3.5-2B,915d2c66879657f694f88e0ed6f02cf5,reasoning_quality,agent,0.55,"The agent's reasoning is logically sound and purposeful, as it systematically evaluates candidate issues, identifies the correct repository, and correctly identifies the need to inspect the timeline. However, it fails to utilize the available tools effectively, specifically by attempting to download a file from a local path that does not exist, and by failing to properly handle the 404 error when accessing the timeline page, which prevents the extraction of the required label addition date. [model=Qwen/Qwen3.5-2B]",13884.06,False,,3,915d2c66879657f694f88e0ed6f02cf5|reasoning_quality|agent|3,,,original
Qwen/Qwen3.5-2B,96be1bf61f2915e52ec59173b9bd9828,helpfulness,trace,0.0,"The agent failed to follow instructions by providing a specific answer (Indonesia, Myanmar) instead of first listing the necessary facts, sources, and derivations as requested. It did not perform the required preparatory survey. [model=Qwen/Qwen3.5-2B]",4969.88,False,,0,96be1bf61f2915e52ec59173b9bd9828|helpfulness|trace|0,,,original
Qwen/Qwen3.5-2B,96be1bf61f2915e52ec59173b9bd9828,accuracy,trace,0.25,"The response provides a specific pair of countries (Indonesia and Myanmar) but fails to provide the actual distance or the specific capital cities of the two countries, making the answer incomplete and factually insufficient. [model=Qwen/Qwen3.5-2B]",4427.55,False,,0,96be1bf61f2915e52ec59173b9bd9828|accuracy|trace|0,,,original
Qwen/Qwen3.5-2B,96be1bf61f2915e52ec59173b9bd9828,groundedness,trace,0.0,"The response provides specific country names but fails to provide the numerical distance data required to determine which countries are furthest apart, nor does it cite any source for the data used, making the factual claims unsupported. [model=Qwen/Qwen3.5-2B]",4606.54,False,,0,96be1bf61f2915e52ec59173b9bd9828|groundedness|trace|0,,,original
Qwen/Qwen3.5-2B,96be1bf61f2915e52ec59173b9bd9828,instruction_following,agent,0.0,"The agent failed to provide any response or execution steps, resulting in a score of 0.0 as no instructions were followed. [model=Qwen/Qwen3.5-2B]",3663.14,False,,0,96be1bf61f2915e52ec59173b9bd9828|instruction_following|agent|0,,,original
Qwen/Qwen3.5-2B,96be1bf61f2915e52ec59173b9bd9828,instruction_following,agent,0.25,"The agent successfully identified the task requirements, listed the necessary facts (ASEAN members and capitals), and formulated a plan to calculate distances. However, the execution failed because the agent did not actually execute the code to retrieve the data or perform the calculations, nor did it call the required tools (`visualizer` or `search_agent`) to gather the specific data needed to answer the question. It only listed steps and then stopped without providing the actual answer. [model=Qwen/Qwen3.5-2B]",8179.83,False,,1,96be1bf61f2915e52ec59173b9bd9828|instruction_following|agent|1,,,original
Qwen/Qwen3.5-2B,96be1bf61f2915e52ec59173b9bd9828,reasoning_quality,agent,0.0,"The agent failed to execute the goal because it did not generate any output, resulting in a complete lack of reasoning steps. Consequently, the evaluation cannot assess the quality of the reasoning chain, leading to an incoherent response. [model=Qwen/Qwen3.5-2B]",4818.27,False,,0,96be1bf61f2915e52ec59173b9bd9828|reasoning_quality|agent|0,,,original
Qwen/Qwen3.5-2B,96be1bf61f2915e52ec59173b9bd9828,reasoning_quality,agent,0.25,"The agent's plan is logically sound as it correctly identifies the need to list ASEAN members, their capitals, and coordinates before calculating distances. However, the execution fails because it does not actually perform the calculation or retrieve the necessary data to find the specific pair with the maximum distance, leading to a null result. [model=Qwen/Qwen3.5-2B]",5984.0,False,,1,96be1bf61f2915e52ec59173b9bd9828|reasoning_quality|agent|1,,,original
Qwen/Qwen3.5-2B,99f6b447779ba86b3cff2caede832d59,helpfulness,trace,0.0,"The agent failed to solve the problem as requested, providing only a random guess ('7, 9') without any derivation, verification steps, or logical reasoning. The task requires finding a specific weight and column indices based on a complex checksum error pattern, which the agent did not attempt to calculate. [model=Qwen/Qwen3.5-2B]",5707.94,False,,0,99f6b447779ba86b3cff2caede832d59|helpfulness|trace|0,,,original
Qwen/Qwen3.5-2B,99f6b447779ba86b3cff2caede832d59,accuracy,trace,0.0,"The response provides a single numerical answer (7, 9) without deriving or listing the specific weights or column indices as requested. The task requires finding all potential solutions, which implies multiple solutions exist, yet the response fails to enumerate them or provide the derivation logic, making the answer incomplete and unverified. [model=Qwen/Qwen3.5-2B]",5665.32,False,,0,99f6b447779ba86b3cff2caede832d59|accuracy|trace|0,,,original
Qwen/Qwen3.5-2B,99f6b447779ba86b3cff2caede832d59,groundedness,trace,0.0,"The provided evidence contains no data or tool results that support the specific weights, indices, or transposition logic required to solve the problem. The task relies on mathematical derivation based on ISBN-13 checksums, which cannot be verified or solved without external data sources or a mathematical model not present in the 'Tool Results'. Consequently, all claims in the response are unsupported by the available evidence. [model=Qwen/Qwen3.5-2B]",6465.03,False,,0,99f6b447779ba86b3cff2caede832d59|groundedness|trace|0,,,original
Qwen/Qwen3.5-2B,99f6b447779ba86b3cff2caede832d59,instruction_following,agent,0.0,"The agent failed to provide any response or execution steps, resulting in a score of 0.0 as no instructions were followed. [model=Qwen/Qwen3.5-2B]",3518.68,False,,0,99f6b447779ba86b3cff2caede832d59|instruction_following|agent|0,,,original
Qwen/Qwen3.5-2B,99f6b447779ba86b3cff2caede832d59,instruction_following,agent,0.5,"The agent successfully identified the task requirements, including the need to preprocess the numbers, determine the alternating weight pattern, and simulate transposition errors. However, the execution failed because it did not actually run the simulation loop to find the correct weight and index pair. It only listed the steps to derive the answer but did not execute the code to find the solution, resulting in no result from the final answer tool. [model=Qwen/Qwen3.5-2B]",7499.3,False,,1,99f6b447779ba86b3cff2caede832d59|instruction_following|agent|1,,,original
Qwen/Qwen3.5-2B,99f6b447779ba86b3cff2caede832d59,reasoning_quality,agent,0.0,"The agent failed to execute the goal because it did not generate any output, resulting in a complete lack of reasoning steps. Consequently, the evaluation cannot assess the quality of the reasoning chain, leading to an incoherent response. [model=Qwen/Qwen3.5-2B]",4925.35,False,,0,99f6b447779ba86b3cff2caede832d59|reasoning_quality|agent|0,,,original
Qwen/Qwen3.5-2B,99f6b447779ba86b3cff2caede832d59,reasoning_quality,agent,0.25,"The agent correctly identifies the need to preprocess the data by removing hyphens and deriving the specific constraints regarding the unknown weight and transposed columns. However, the execution steps provided in the prompt are incomplete and do not actually perform the verification or calculation required to find the correct weight and indices, leading to a failure in the final result. [model=Qwen/Qwen3.5-2B]",6612.08,False,,1,99f6b447779ba86b3cff2caede832d59|reasoning_quality|agent|1,,,original
Qwen/Qwen3.5-2B,9cd6dc7c0af658a87f603b488950f409,helpfulness,trace,0.0,"The agent failed to answer the question entirely, as it provided a random list of fruits ('apples, bananas, oranges, peaches') without any connection to the specific painting, the film, or the historical breakfast menu mentioned in the prompt. It did not perform any verification steps or search for the required information. [model=Qwen/Qwen3.5-2B]",5739.34,False,,0,9cd6dc7c0af658a87f603b488950f409|helpfulness|trace|0,,,original
Qwen/Qwen3.5-2B,9cd6dc7c0af658a87f603b488950f409,accuracy,trace,0.0,"The response provides a specific list of fruits, but the task is a riddle based on a famous painting by Kazimir Malevich titled 'Embroidery from Uzbekistan' (1908), which depicts a group of people, not fruits. The provided answer is factually incorrect as it ignores the central subject of the artwork. [model=Qwen/Qwen3.5-2B]",6278.74,False,,0,9cd6dc7c0af658a87f603b488950f409|accuracy|trace|0,,,original
Qwen/Qwen3.5-2B,9cd6dc7c0af658a87f603b488950f409,groundedness,trace,0.0,"The provided evidence contains no information regarding the painting 'Embroidery from Uzbekistan' or the specific breakfast menu of the ocean liner 'The Last Voyage' from 1949. Consequently, no factual claims can be verified or supported by the available data. [model=Qwen/Qwen3.5-2B]",5172.82,False,,0,9cd6dc7c0af658a87f603b488950f409|groundedness|trace|0,,,original
Qwen/Qwen3.5-2B,9cd6dc7c0af658a87f603b488950f409,instruction_following,agent,0.0,"The agent failed to provide any response or execution steps, resulting in a score of 0.0 as no instructions were followed. [model=Qwen/Qwen3.5-2B]",3548.97,False,,0,9cd6dc7c0af658a87f603b488950f409|instruction_following|agent|0,,,original
Qwen/Qwen3.5-2B,9cd6dc7c0af658a87f603b488950f409,instruction_following,agent,0.25,"The agent failed to follow the core instruction to use the provided tools (visualizer, inspect_file_as_text, final_answer) to solve the task. Instead, it provided a survey of facts and then immediately called the 'final_answer' tool without using the visualizer or file inspection tools to analyze the image or read the file. It also did not follow the formatting rules for the survey response. The task description explicitly states the image is 'None', which contradicts the agent's attempt to use the visualizer, and the agent did not acknowledge this constraint. [model=Qwen/Qwen3.5-2B]",9171.12,False,,1,9cd6dc7c0af658a87f603b488950f409|instruction_following|agent|1,,,original
Qwen/Qwen3.5-2B,9cd6dc7c0af658a87f603b488950f409,reasoning_quality,agent,0.0,"The agent failed to execute the goal because it did not generate any output, resulting in a complete lack of reasoning steps. Consequently, the evaluation cannot assess the quality of the reasoning chain, leading to an incoherent response. [model=Qwen/Qwen3.5-2B]",4707.9,False,,0,9cd6dc7c0af658a87f603b488950f409|reasoning_quality|agent|0,,,original
Qwen/Qwen3.5-2B,9cd6dc7c0af658a87f603b488950f409,reasoning_quality,agent,0.25,"The agent correctly identifies the need to analyze the painting and the historical context, but fails to utilize the provided tools effectively. It attempts to extract information from the image in Step 1 but stops short of the final answer. In Step 2, it correctly identifies the need to look up specific facts about the painting and the liner, yet Step 3 lacks a concrete plan on how to execute the tool calls to retrieve the necessary data. The final step is incomplete, resulting in no output. [model=Qwen/Qwen3.5-2B]",8098.42,False,,1,9cd6dc7c0af658a87f603b488950f409|reasoning_quality|agent|1,,,original
Qwen/Qwen3.5-2B,9e67afe0ff4eca1558073c2e5cfbf876,helpfulness,trace,0.0,"The agent failed to answer the question by providing a nonsensical string 'flow' instead of identifying the symbol as a 'serif' or 'serif-like' character, which is the actual meaning of the symbol in the context of web design and typography. [model=Qwen/Qwen3.5-2B]",5473.2,False,,0,9e67afe0ff4eca1558073c2e5cfbf876|helpfulness|trace|0,,,original
Qwen/Qwen3.5-2B,9e67afe0ff4eca1558073c2e5cfbf876,accuracy,trace,0.0,"The response provides a completely incorrect answer ('flow') to a question about the meaning of a specific symbol on Eva Draconis's website. The symbol is the 'D' logo, which stands for 'Draconis', not 'flow'. The response fails to identify the actual brand name and provides a nonsensical interpretation. [model=Qwen/Qwen3.5-2B]",6184.75,False,,0,9e67afe0ff4eca1558073c2e5cfbf876|accuracy|trace|0,,,original
Qwen/Qwen3.5-2B,9e67afe0ff4eca1558073c2e5cfbf876,groundedness,trace,0.0,"The agent failed to provide a correct answer because the task explicitly states that the answer exists and requires a specific meaning for a symbol, yet the provided evidence shows no tool results or verification steps were performed. The response 'flow' is presented as a final answer without any logical derivation or evidence from the task description, making it unsupported and contradictory to the instruction to find the correct answer. [model=Qwen/Qwen3.5-2B]",6136.22,False,,0,9e67afe0ff4eca1558073c2e5cfbf876|groundedness|trace|0,,,original
Qwen/Qwen3.5-2B,9e67afe0ff4eca1558073c2e5cfbf876,instruction_following,agent,0.0,"The agent failed to provide any response or execution steps, resulting in a score of 0.0 as no instructions were followed. [model=Qwen/Qwen3.5-2B]",3513.18,False,,0,9e67afe0ff4eca1558073c2e5cfbf876|instruction_following|agent|0,,,original
Qwen/Qwen3.5-2B,9e67afe0ff4eca1558073c2e5cfbf876,instruction_following,agent,0.25,"The agent failed to follow the specific instruction to use the `search_agent` tool to locate the website URL. Instead, it attempted to manually search for the URL using the `search` tool, which is not allowed for this task. Furthermore, the plan was incomplete and did not include the necessary verification steps or the final answer tool call as required by the rules. [model=Qwen/Qwen3.5-2B]",6777.11,False,,1,9e67afe0ff4eca1558073c2e5cfbf876|instruction_following|agent|1,,,original
Qwen/Qwen3.5-2B,9e67afe0ff4eca1558073c2e5cfbf876,reasoning_quality,agent,0.0,"The agent failed to execute the goal because it did not generate any output, resulting in a complete lack of reasoning steps. Consequently, the evaluation cannot assess the quality of the reasoning chain, leading to an incoherent response. [model=Qwen/Qwen3.5-2B]",4674.51,False,,0,9e67afe0ff4eca1558073c2e5cfbf876|reasoning_quality|agent|0,,,original
Qwen/Qwen3.5-2B,9e67afe0ff4eca1558073c2e5cfbf876,reasoning_quality,agent,0.25,"The agent logically identifies the need to locate the specific website URL before attempting to analyze the symbol, which is a sound first step. However, the execution fails because it does not actually execute the search or use the identified URL to find the symbol, leading to a null result. This disconnect between planning and execution renders the reasoning chain incomplete and the task impossible to complete. [model=Qwen/Qwen3.5-2B]",6934.4,False,,1,9e67afe0ff4eca1558073c2e5cfbf876|reasoning_quality|agent|1,,,original
Qwen/Qwen3.5-2B,9ec7d4a8ab8c74ab56361ef29d1b1660,helpfulness,trace,0.0,"The agent failed to answer the question by providing a name instead of the specific person who never became pope among the consecrators of the portrait with accession number 29.100.5, and it did not attempt to verify the historical data or identify the missing fact. [model=Qwen/Qwen3.5-2B]",5536.8,False,,0,9ec7d4a8ab8c74ab56361ef29d1b1660|helpfulness|trace|0,,,original
Qwen/Qwen3.5-2B,9ec7d4a8ab8c74ab56361ef29d1b1660,accuracy,trace,0.25,"The response identifies Giovanni Castiglione as the correct answer, but it fails to mention the specific date of his consecration (1520) and the co-consecrators (including Pope John XXIII), which are crucial details to verify against the actual portrait's history. The response lacks the necessary context to confirm the accuracy of the claim. [model=Qwen/Qwen3.5-2B]",5991.05,False,,0,9ec7d4a8ab8c74ab56361ef29d1b1660|accuracy|trace|0,,,original
Qwen/Qwen3.5-2B,9ec7d4a8ab8c74ab56361ef29d1b1660,groundedness,trace,0.0,"The agent failed to provide the correct answer because the provided evidence ('Tool Results: (no result)') explicitly states that the tool used to find the answer yielded no results. This directly contradicts the premise that the agent has access to all relevant tools and that the answer exists, making the provided evidence insufficient to support the final answer. [model=Qwen/Qwen3.5-2B]",5656.82,False,,0,9ec7d4a8ab8c74ab56361ef29d1b1660|groundedness|trace|0,,,original
Qwen/Qwen3.5-2B,9ec7d4a8ab8c74ab56361ef29d1b1660,instruction_following,agent,0.0,"The agent failed to provide any response or execution steps, resulting in a score of 0.0 as no instructions were followed. [model=Qwen/Qwen3.5-2B]",3564.79,False,,0,9ec7d4a8ab8c74ab56361ef29d1b1660|instruction_following|agent|0,,,original
Qwen/Qwen3.5-2B,9ec7d4a8ab8c74ab56361ef29d1b1660,instruction_following,agent,0.0,"The agent failed to follow the strict formatting instructions provided in the prompt. It did not output the required 'Thought:' and 'Code:' sequences with the specific '<end_code>' tag structure, nor did it use the `search_agent` tool as instructed in the plan. Instead, it attempted to manually search and then failed to call the `final_answer` tool correctly, resulting in no output. [model=Qwen/Qwen3.5-2B]",7162.2,False,,1,9ec7d4a8ab8c74ab56361ef29d1b1660|instruction_following|agent|1,,,original
Qwen/Qwen3.5-2B,9ec7d4a8ab8c74ab56361ef29d1b1660,reasoning_quality,agent,0.0,"The agent failed to execute the goal because it did not generate any output, resulting in a complete lack of reasoning steps. Consequently, the evaluation cannot assess the quality of the reasoning chain, leading to an incoherent response. [model=Qwen/Qwen3.5-2B]",4660.66,False,,0,9ec7d4a8ab8c74ab56361ef29d1b1660|reasoning_quality|agent|0,,,original
Qwen/Qwen3.5-2B,9ec7d4a8ab8c74ab56361ef29d1b1660,reasoning_quality,agent,0.25,"The agent's reasoning is logically flawed because it fails to utilize the provided tool list effectively. It attempts to 'simulate' a research process by calling a tool that does not exist ('search_agent' is listed as a team member, not a tool in the provided list), and it incorrectly assumes the tool will return the answer without verifying the result. This leads to a failure in the final step where the tool is called but yields no result, ignoring the instruction to find the correct answer. [model=Qwen/Qwen3.5-2B]",8299.07,False,,1,9ec7d4a8ab8c74ab56361ef29d1b1660|reasoning_quality|agent|1,,,original
Qwen/Qwen3.5-2B,a041b8d88e3fedcc7d387da328f8a3b4,helpfulness,trace,0.0,The agent failed completely because it provided a nonsensical answer ('duck confit') that does not address the user's request to identify a specific menu item using historical data. It ignored the task entirely and offered no reasoning or search results. [model=Qwen/Qwen3.5-2B],4899.03,False,,0,a041b8d88e3fedcc7d387da328f8a3b4|helpfulness|trace|0,,,original
Qwen/Qwen3.5-2B,a041b8d88e3fedcc7d387da328f8a3b4,accuracy,trace,0.0,"The response 'duck confit' is completely unrelated to the task, which asks for a specific menu item from a restaurant in Chicago. The provided answer contains no factual information about the restaurant or the menu, making it entirely incorrect. [model=Qwen/Qwen3.5-2B]",5012.58,False,,0,a041b8d88e3fedcc7d387da328f8a3b4|accuracy|trace|0,,,original
Qwen/Qwen3.5-2B,a041b8d88e3fedcc7d387da328f8a3b4,groundedness,trace,0.0,"The agent's response provides a specific answer ('duck confit') without any evidence or reasoning from the provided 'Tool Results' or 'Evidence Available to the Agent'. The response contains no factual claims that can be verified against the available evidence, making it impossible to assess grounding. [model=Qwen/Qwen3.5-2B]",5169.91,False,,0,a041b8d88e3fedcc7d387da328f8a3b4|groundedness|trace|0,,,original
Qwen/Qwen3.5-2B,a041b8d88e3fedcc7d387da328f8a3b4,instruction_following,agent,0.0,"The agent failed to provide any response or execution steps, resulting in a score of 0.0 as no instructions were followed. [model=Qwen/Qwen3.5-2B]",3421.05,False,,0,a041b8d88e3fedcc7d387da328f8a3b4|instruction_following|agent|0,,,original
Qwen/Qwen3.5-2B,a041b8d88e3fedcc7d387da328f8a3b4,instruction_following,agent,0.25,"The agent failed to follow the core instruction to use the `search_agent` tool to perform the search and retrieve the Wayback Machine data, instead attempting to manually execute a search via a Python interpreter which returned 'None'. It also failed to properly format the final answer as requested, outputting 'None' instead of the derived answer. [model=Qwen/Qwen3.5-2B]",6781.69,False,,1,a041b8d88e3fedcc7d387da328f8a3b4|instruction_following|agent|1,,,original
Qwen/Qwen3.5-2B,a041b8d88e3fedcc7d387da328f8a3b4,reasoning_quality,agent,0.0,"The agent failed to execute the goal because it did not generate any output, resulting in a complete lack of reasoning steps. Consequently, the evaluation cannot assess the quality of the reasoning chain, leading to an incoherent response. [model=Qwen/Qwen3.5-2B]",4773.04,False,,0,a041b8d88e3fedcc7d387da328f8a3b4|reasoning_quality|agent|0,,,original
Qwen/Qwen3.5-2B,a041b8d88e3fedcc7d387da328f8a3b4,reasoning_quality,agent,0.25,"The agent demonstrates logical progression by first identifying the need to search for specific Wayback Machine snapshots, then executing a tool call to retrieve the menus, and finally using the results to compare and derive the answer. However, the final step fails because the tool returned 'None', indicating the search or extraction failed, which is a critical logical gap in the reasoning chain that prevents the agent from finding the answer. [model=Qwen/Qwen3.5-2B]",7426.26,False,,1,a041b8d88e3fedcc7d387da328f8a3b4|reasoning_quality|agent|1,,,original
Qwen/Qwen3.5-2B,a32806e19bac45a34d3712ccc433ec9d,helpfulness,trace,0.25,"The agent failed to answer the question because it did not identify the specific command or context from the 2018 VSCode blog post, nor did it provide the actual command string to remove extra lines. It provided a generic regex pattern that is not the specific solution requested. [model=Qwen/Qwen3.5-2B]",5486.28,False,,0,a32806e19bac45a34d3712ccc433ec9d|helpfulness|trace|0,,,original
Qwen/Qwen3.5-2B,a32806e19bac45a34d3712ccc433ec9d,accuracy,trace,0.25,"The response provides a specific regex pattern and replacement command, but it fails to cite the source of the information, specifically the 2018 VSCode blog post on replit.com mentioned in the query. Without a verifiable source, the claim is unsubstantiated. [model=Qwen/Qwen3.5-2B]",5208.46,False,,0,a32806e19bac45a34d3712ccc433ec9d|accuracy|trace|0,,,original
Qwen/Qwen3.5-2B,a32806e19bac45a34d3712ccc433ec9d,groundedness,trace,0.0,"The agent correctly identified that the task requires locating a specific command from a 2018 VSCode blog post on Replit, which is not contained in the provided evidence. The evidence consists of search results and Stack Overflow links, none of which contain the specific command or the exact video content referenced in the task. Consequently, the agent failed to derive the answer from the available evidence, as the search results do not confirm the existence or content of the specific video mentioned. [model=Qwen/Qwen3.5-2B]",7460.65,False,,0,a32806e19bac45a34d3712ccc433ec9d|groundedness|trace|0,,,original
Qwen/Qwen3.5-2B,a32806e19bac45a34d3712ccc433ec9d,instruction_following,agent,0.0,"The agent failed to provide any response or execution steps, resulting in a score of 0.0 as no instructions were followed. [model=Qwen/Qwen3.5-2B]",3507.92,False,,0,a32806e19bac45a34d3712ccc433ec9d|instruction_following|agent|0,,,original
Qwen/Qwen3.5-2B,a32806e19bac45a34d3712ccc433ec9d,instruction_following,agent,0.55,"The agent successfully followed the core instruction to provide a step-by-step plan and a final answer structure. However, it failed to follow the specific formatting constraint in Step 20, where the user explicitly requested the output of the final_answer tool to contain three specific parts (Task outcome short, Task outcome detailed, Additional context). The agent only provided a summary of work in the final response, missing the required structure. Additionally, the agent failed to find the specific blog post after multiple failed search attempts, which is a critical failure in the 'Facts to look up' and 'Facts to derive' sections as per the task requirements. [model=Qwen/Qwen3.5-2B]",13605.83,False,,1,a32806e19bac45a34d3712ccc433ec9d|instruction_following|agent|1,,,original
Qwen/Qwen3.5-2B,a32806e19bac45a34d3712ccc433ec9d,instruction_following,agent,0.25,"The agent failed to follow the core instruction to use the 'web_search' tool with the correct parameters. It attempted to use 'web_search' multiple times with different queries, but failed to find results because it did not use the 'filter_year' parameter as required by the tool's description. It also failed to use the 'inspect_file_as_text' tool as instructed for non-html pages or when specific file paths are needed, instead relying solely on web searches which yielded no relevant results for the specific task. The final answer was not generated as required. [model=Qwen/Qwen3.5-2B]",9888.96,False,,2,a32806e19bac45a34d3712ccc433ec9d|instruction_following|agent|2,,,original
Qwen/Qwen3.5-2B,a32806e19bac45a34d3712ccc433ec9d,reasoning_quality,agent,0.0,"The agent failed to execute the goal because it did not generate any output, resulting in a complete lack of reasoning steps. Consequently, the evaluation cannot assess the quality of the reasoning chain, leading to an incoherent response. [model=Qwen/Qwen3.5-2B]",4737.93,False,,0,a32806e19bac45a34d3712ccc433ec9d|reasoning_quality|agent|0,,,original
Qwen/Qwen3.5-2B,a32806e19bac45a34d3712ccc433ec9d,reasoning_quality,agent,0.25,"The agent demonstrates logical progression by systematically narrowing down search queries and attempting to use available tools (web_search, visit_page) to locate the specific blog post. However, the reasoning is flawed because the agent fails to recognize that the search results are irrelevant to the specific task (finding a 2018 blog post on replit.com) and that the 'replit' domain is not a valid search target for the 'site:' tool. The agent abandons the search entirely after a failed attempt, leading to a conclusion that the task is impossible, which is a logical error in the absence of the correct URL. [model=Qwen/Qwen3.5-2B]",12379.09,False,,1,a32806e19bac45a34d3712ccc433ec9d|reasoning_quality|agent|1,,,original
Qwen/Qwen3.5-2B,a32806e19bac45a34d3712ccc433ec9d,reasoning_quality,agent,0.55,"The agent demonstrates logical progression by systematically refining search queries after encountering errors with overly specific or incorrect parameters. It correctly identifies the need to broaden the search scope and adjust the filter strategy, which is a sound approach for a task requiring specific historical content. However, the final step reveals a critical flaw: the agent fails to actually execute the tool call with the refined query, instead repeating the error message, indicating a lack of successful execution or a missing step in the plan. [model=Qwen/Qwen3.5-2B]",9401.3,False,,2,a32806e19bac45a34d3712ccc433ec9d|reasoning_quality|agent|2,"Invalid judge JSON; saved raw output instead. 1 validation error for JudgeOutput
  Invalid JSON: EOF while parsing a value at line 2 column 841 [type=json_invalid, input_value='{\n  ""explanation"": ""The... content as expected."",', input_type=str]
    For further information visit https://errors.pydantic.dev/2.13/v/json_invalid",,rerun
Qwen/Qwen3.5-2B,a4af6c6d200e6d19d7f24e1d1d688188,helpfulness,trace,0.0,"The agent failed to answer the user's specific question because it did not identify the missing data (e.g., sale prices for the other home) or the location of the data sources. It provided a fabricated answer without verifying the facts or deriving the correct result from the given information. [model=Qwen/Qwen3.5-2B]",5573.89,False,,0,a4af6c6d200e6d19d7f24e1d1d688188|helpfulness|trace|0,,,original
Qwen/Qwen3.5-2B,a4af6c6d200e6d19d7f24e1d1d688188,accuracy,trace,0.25,"The response provides a specific price ($950,000) for one of the two homes mentioned in the query, but it fails to identify which of the two homes sold for the higher price, leaving the core question unanswered. Additionally, the response does not provide the specific date of sale for the second home, nor does it explicitly state the sale date for the first home, which is crucial for the comparison. [model=Qwen/Qwen3.5-2B]",6919.74,False,,0,a4af6c6d200e6d19d7f24e1d1d688188|accuracy|trace|0,,,original
Qwen/Qwen3.5-2B,a4af6c6d200e6d19d7f24e1d1d688188,groundedness,trace,0.0,"The agent's response provides a specific numerical value (950000) for the sale of 2072 Akaikai Loop in 2022. However, the provided evidence section shows that the 'final_answer' tool returned no results, and the task description does not contain any data regarding the sale prices of these specific properties. Consequently, the agent's answer is unsupported by the available evidence. [model=Qwen/Qwen3.5-2B]",6941.12,False,,0,a4af6c6d200e6d19d7f24e1d1d688188|groundedness|trace|0,,,original
Qwen/Qwen3.5-2B,a4af6c6d200e6d19d7f24e1d1d688188,instruction_following,agent,0.0,"The agent failed to provide any response or execution steps, resulting in a score of 0.0 as no instructions were followed. [model=Qwen/Qwen3.5-2B]",4102.01,False,,0,a4af6c6d200e6d19d7f24e1d1d688188|instruction_following|agent|0,,,original
Qwen/Qwen3.5-2B,a4af6c6d200e6d19d7f24e1d1d688188,instruction_following,agent,0.0,"The agent failed to follow the core instruction to use the provided tools (visualizer, inspect_file_as_text, final_answer) to solve the problem. Instead, it ignored the tool constraints, skipped the 'Thought' and 'Code' sequences required by the system prompt, and instead generated a plan and then a final answer without actually using the tools or deriving the data. It also failed to follow the formatting rules for the survey and plan sections. [model=Qwen/Qwen3.5-2B]",8078.53,False,,1,a4af6c6d200e6d19d7f24e1d1d688188|instruction_following|agent|1,,,original
Qwen/Qwen3.5-2B,a4af6c6d200e6d19d7f24e1d1d688188,reasoning_quality,agent,0.0,"The agent failed to execute the goal because it did not generate any output, resulting in a complete lack of reasoning steps. Consequently, the evaluation cannot assess the quality of the reasoning chain, leading to an incoherent response. [model=Qwen/Qwen3.5-2B]",4787.22,False,,0,a4af6c6d200e6d19d7f24e1d1d688188|reasoning_quality|agent|0,,,original
Qwen/Qwen3.5-2B,a4af6c6d200e6d19d7f24e1d1d688188,reasoning_quality,agent,0.25,"The agent demonstrates a logical progression by first identifying the need for external data, then selecting the appropriate tool (search_agent) to retrieve the necessary information, and finally attempting to synthesize the results. However, the execution fails because the search_agent returned 'None', and the subsequent step attempts to simulate data that was never actually retrieved, leading to an incorrect final answer. [model=Qwen/Qwen3.5-2B]",6809.19,False,,1,a4af6c6d200e6d19d7f24e1d1d688188|reasoning_quality|agent|1,,,original
Qwen/Qwen3.5-2B,a5c2947f441d65edf60131463fb79999,helpfulness,trace,0.0,"The agent failed to perform the requested task by providing a definitive answer ('Switzerland') without first listing the necessary facts, sources, or derivations required to solve the query. It ignored the instruction to build a comprehensive preparatory survey. [model=Qwen/Qwen3.5-2B]",4921.27,False,,0,a5c2947f441d65edf60131463fb79999|helpfulness|trace|0,,,original
Qwen/Qwen3.5-2B,a5c2947f441d65edf60131463fb79999,accuracy,trace,0.0,"The response provides a specific country (Switzerland) without any supporting data, reasoning, or verification steps, making it impossible to confirm the accuracy of the claim. [model=Qwen/Qwen3.5-2B]",4527.51,False,,0,a5c2947f441d65edf60131463fb79999|accuracy|trace|0,,,original
Qwen/Qwen3.5-2B,a5c2947f441d65edf60131463fb79999,groundedness,trace,0.0,"The response provides a specific country (Switzerland) but fails to provide the specific evidence or search results that support this claim, as the provided 'Tool Results' only show search query addresses and page titles without the actual content of the article or the country information within it. [model=Qwen/Qwen3.5-2B]",5363.62,False,,0,a5c2947f441d65edf60131463fb79999|groundedness|trace|0,,,original
Qwen/Qwen3.5-2B,a5c2947f441d65edf60131463fb79999,instruction_following,agent,0.0,"The agent failed to provide any response or execution steps, resulting in a score of 0.0 as no instructions were followed. [model=Qwen/Qwen3.5-2B]",3566.14,False,,0,a5c2947f441d65edf60131463fb79999|instruction_following|agent|0,,,original
Qwen/Qwen3.5-2B,a5c2947f441d65edf60131463fb79999,instruction_following,agent,0.55,"The agent successfully followed the core instruction to provide a comprehensive preparatory survey of facts, including a detailed plan, before attempting to solve the task. However, the agent failed to follow the specific formatting constraint in Step 20, where it was explicitly instructed to update the 'Facts still to look up' list with the new findings from the search results. The agent did not update the list as requested, instead continuing to use the old list structure, which violates the instruction to 'provide these headings' for the updated list. [model=Qwen/Qwen3.5-2B]",19970.05,False,,1,a5c2947f441d65edf60131463fb79999|instruction_following|agent|1,,,original
Qwen/Qwen3.5-2B,a5c2947f441d65edf60131463fb79999,instruction_following,agent,0.55,"The agent successfully followed the primary instruction to provide a structured response with specific sections (Task outcome, detailed version, context) and utilized the available tools (web_search, visit_page, find_on_page_ctrl_f) to gather information. However, the agent failed to follow the formatting constraint regarding the 'facts' list (Steps 1-4) and the 'final_answer' tool structure (Steps 1-3) as requested in the initial task description. The agent also failed to execute the 'page_down' tool correctly due to a syntax error, and the search results were not fully integrated into the final answer format as required. [model=Qwen/Qwen3.5-2B]",13223.21,False,,2,a5c2947f441d65edf60131463fb79999|instruction_following|agent|2,"Invalid judge JSON; saved raw output instead. 1 validation error for JudgeOutput
  Invalid JSON: EOF while parsing a string at line 2 column 768 [type=json_invalid, input_value='{\n  ""explanation"": ""The...before the final answer', input_type=str]
    For further information visit https://errors.pydantic.dev/2.13/v/json_invalid",,rerun
Qwen/Qwen3.5-2B,a5c2947f441d65edf60131463fb79999,reasoning_quality,agent,0.0,"The agent failed to execute the goal because it did not generate any output, resulting in a complete lack of reasoning steps. Consequently, the evaluation cannot assess the quality of the reasoning chain, leading to an incoherent response. [model=Qwen/Qwen3.5-2B]",4851.91,False,,0,a5c2947f441d65edf60131463fb79999|reasoning_quality|agent|0,,,original
Qwen/Qwen3.5-2B,a5c2947f441d65edf60131463fb79999,reasoning_quality,agent,0.75,"The agent demonstrates strong logical reasoning by systematically identifying the task constraints, selecting appropriate tools (web_search and visit_page) to gather external evidence, and methodically searching for specific keywords like 'unknown' and 'flag' to isolate the relevant record. However, the plan fails to utilize the 'final_answer' tool to synthesize the findings into the required structured output format, leading to a lack of a clear, formatted conclusion despite the successful identification of the country. [model=Qwen/Qwen3.5-2B]",18326.16,False,,1,a5c2947f441d65edf60131463fb79999|reasoning_quality|agent|1,,,original
Qwen/Qwen3.5-2B,a5c2947f441d65edf60131463fb79999,reasoning_quality,agent,0.55,"The agent demonstrates logical progression by first identifying the task requirements, then systematically searching for relevant data sources (BASE records and Hugging Face datasets), and finally attempting to locate the specific record using targeted searches. However, the execution fails due to a critical error in the `page_down` tool usage, where the input argument is empty, leading to repeated errors that prevent further progress. The reasoning chain is mostly sound, but the failure to navigate the record page prevents the final conclusion. [model=Qwen/Qwen3.5-2B]",11670.0,False,,2,a5c2947f441d65edf60131463fb79999|reasoning_quality|agent|2,"Invalid judge JSON; saved raw output instead. 1 validation error for JudgeOutput
  Invalid JSON: EOF while parsing a string at line 2 column 756 [type=json_invalid, input_value='{\n  ""explanation"": ""The... \'Swiss\' on that page', input_type=str]
    For further information visit https://errors.pydantic.dev/2.13/v/json_invalid",,rerun
Qwen/Qwen3.5-2B,a7017f40866dd77c6c0c0e98bad17f69,helpfulness,trace,0.0,"The response provides a specific numerical answer (180) without any reasoning, verification steps, or explanation of how the answer was derived, failing to address the user's request for a comprehensive preparatory survey or verification. [model=Qwen/Qwen3.5-2B]",5024.3,False,,0,a7017f40866dd77c6c0c0e98bad17f69|helpfulness|trace|0,,,original
Qwen/Qwen3.5-2B,a7017f40866dd77c6c0c0e98bad17f69,accuracy,trace,0.0,"The response provides a specific numerical answer (180) without any supporting data, reasoning, or citation of the source database. Since the task requires identifying a specific compound based on multiple constraints (MW, heavy atoms, HBA, complexity) and then deriving a value from a shared gene-chemical co-occurrence, the response fails to demonstrate any factual basis or logical derivation. It appears to be a hallucinated or fabricated answer with no verifiable information. [model=Qwen/Qwen3.5-2B]",7250.33,False,,0,a7017f40866dd77c6c0c0e98bad17f69|accuracy|trace|0,,,original
Qwen/Qwen3.5-2B,a7017f40866dd77c6c0c0e98bad17f69,groundedness,trace,0.0,"The agent failed to provide the specific PubChem CID requested because the provided evidence ('Tool Results') contains no data or results from the NCATS PubChem database, making it impossible to verify or derive the answer. The response makes a definitive factual claim that the answer exists and is 180, but the evidence shows no relevant information was retrieved. [model=Qwen/Qwen3.5-2B]",6531.36,False,,0,a7017f40866dd77c6c0c0e98bad17f69|groundedness|trace|0,,,original
Qwen/Qwen3.5-2B,a7017f40866dd77c6c0c0e98bad17f69,instruction_following,agent,0.0,"The agent failed to provide any response or execution steps, resulting in a score of 0.0 as no instructions were followed. [model=Qwen/Qwen3.5-2B]",3841.57,False,,0,a7017f40866dd77c6c0c0e98bad17f69|instruction_following|agent|0,,,original
Qwen/Qwen3.5-2B,a7017f40866dd77c6c0c0e98bad17f69,instruction_following,agent,0.0,"The agent failed to follow the primary instruction to use the provided tools (visualizer, inspect_file_as_text, final_answer) to solve the task. Instead, it ignored the tool constraints, failed to find the required data using the search_agent, and did not use the `final_answer` tool to provide the result. It also failed to properly format the output as requested. [model=Qwen/Qwen3.5-2B]",7253.81,False,,1,a7017f40866dd77c6c0c0e98bad17f69|instruction_following|agent|1,,,original
Qwen/Qwen3.5-2B,a7017f40866dd77c6c0c0e98bad17f69,reasoning_quality,agent,0.0,"The agent failed to execute the goal because it did not generate any output, resulting in a complete lack of reasoning steps. Consequently, the evaluation cannot assess the quality of the reasoning chain, leading to an incoherent response. [model=Qwen/Qwen3.5-2B]",4747.72,False,,0,a7017f40866dd77c6c0c0e98bad17f69|reasoning_quality|agent|0,,,original
Qwen/Qwen3.5-2B,a7017f40866dd77c6c0c0e98bad17f69,reasoning_quality,agent,0.25,"The agent demonstrates logical progression by first identifying the need to retrieve specific dataset details from the search agent, then executing a tool call to obtain the necessary information. However, the final step fails because the tool call returned 'None', indicating the search failed to find the relevant dataset or file, which is a critical logical gap preventing the completion of the task. The reasoning jumps from identifying the need to retrieving data without verifying if the data actually exists or is accessible, leading to an incorrect conclusion. [model=Qwen/Qwen3.5-2B]",8103.18,False,,1,a7017f40866dd77c6c0c0e98bad17f69|reasoning_quality|agent|1,,,original
Qwen/Qwen3.5-2B,a96c6811716c0473b86a23321db79c34,helpfulness,trace,0.0,"The agent failed completely because it provided a nonsensical answer ('0.00002') without attempting to solve the problem, nor did it list the necessary facts, sources, or derivations required to find the correct percentage. [model=Qwen/Qwen3.5-2B]",5011.76,False,,0,a96c6811716c0473b86a23321db79c34|helpfulness|trace|0,,,original
Qwen/Qwen3.5-2B,a96c6811716c0473b86a23321db79c34,accuracy,trace,0.0,"The response provides a specific numerical answer (0.00002) without any supporting data, reasoning, or citation of the source file mentioned in the task. This makes the answer factually unverifiable and likely incorrect as it fails to demonstrate the derivation or verification steps required by the prompt. [model=Qwen/Qwen3.5-2B]",5739.82,False,,0,a96c6811716c0473b86a23321db79c34|accuracy|trace|0,,,original
Qwen/Qwen3.5-2B,a96c6811716c0473b86a23321db79c34,groundedness,trace,0.0,"The agent failed to provide the specific numerical value requested in the task, instead outputting a generic placeholder '0.00002' without any evidence from the provided file or tool results to support it. The available evidence shows no results for the specified file or tools, meaning the agent made no factual claims that could be verified. [model=Qwen/Qwen3.5-2B]",6242.94,False,,0,a96c6811716c0473b86a23321db79c34|groundedness|trace|0,,,original
Qwen/Qwen3.5-2B,a96c6811716c0473b86a23321db79c34,instruction_following,agent,0.0,"The agent failed to provide any response or execution steps, resulting in a score of 0.0 as no instructions were followed. [model=Qwen/Qwen3.5-2B]",3480.04,False,,0,a96c6811716c0473b86a23321db79c34|instruction_following|agent|0,,,original
Qwen/Qwen3.5-2B,a96c6811716c0473b86a23321db79c34,instruction_following,agent,0.25,"The agent successfully identified the task requirements and the necessary tools (inspect_file_as_text and pandas). However, it failed to execute the tool call correctly due to a FileNotFoundError when attempting to read the file, which is a critical error in following the instructions. It also failed to provide the final answer as requested, instead stopping after an error message. [model=Qwen/Qwen3.5-2B]",7022.4,False,,1,a96c6811716c0473b86a23321db79c34|instruction_following|agent|1,,,original
Qwen/Qwen3.5-2B,a96c6811716c0473b86a23321db79c34,reasoning_quality,agent,0.0,"The agent failed to execute the goal because it did not generate any output, resulting in a complete lack of reasoning steps. Consequently, the evaluation cannot assess the quality of the reasoning chain, leading to an incoherent response. [model=Qwen/Qwen3.5-2B]",4774.38,False,,0,a96c6811716c0473b86a23321db79c34|reasoning_quality|agent|0,,,original
Qwen/Qwen3.5-2B,a96c6811716c0473b86a23321db79c34,reasoning_quality,agent,0.25,"The agent correctly identifies the need to inspect the CSV file structure before attempting to read it, but fails to utilize the available tool to actually read the file, leading to a file not found error. It then attempts to use a tool that is not available in the provided context (pandas) and fails to adapt, resulting in a complete failure to solve the task. [model=Qwen/Qwen3.5-2B]",7126.89,False,,1,a96c6811716c0473b86a23321db79c34|reasoning_quality|agent|1,,,original
Qwen/Qwen3.5-2B,a99faf782e8ad4d5f1ccdfcb7e143b9a,helpfulness,trace,0.0,"The agent failed to answer the question because it did not provide the specific height of the monument mentioned in the task, nor did it attempt to derive or verify the necessary data to find the correct answer. [model=Qwen/Qwen3.5-2B]",4582.23,False,,0,a99faf782e8ad4d5f1ccdfcb7e143b9a|helpfulness|trace|0,,,original
Qwen/Qwen3.5-2B,a99faf782e8ad4d5f1ccdfcb7e143b9a,accuracy,trace,0.0,"The response provides a specific numerical answer (185 yards) without any reasoning or verification steps, which fails the requirement to 'Run verification steps' and 'make sure you find the correct answer.' The answer is likely incorrect as the height of the landmark (likely the Washington Monument) is approximately 555 feet, not 185 yards. [model=Qwen/Qwen3.5-2B]",6673.66,False,,0,a99faf782e8ad4d5f1ccdfcb7e143b9a|accuracy|trace|0,,,original
Qwen/Qwen3.5-2B,a99faf782e8ad4d5f1ccdfcb7e143b9a,groundedness,trace,0.0,"The provided evidence contains a search result snippet that mentions 'famous landmark' but does not specify the name, height, or location of the landmark, nor does the page content explicitly state the height of the monument. The search results do not provide the specific numerical value required to answer the question. [model=Qwen/Qwen3.5-2B]",5720.23,False,,0,a99faf782e8ad4d5f1ccdfcb7e143b9a|groundedness|trace|0,,,original
Qwen/Qwen3.5-2B,a99faf782e8ad4d5f1ccdfcb7e143b9a,instruction_following,agent,0.0,"The agent failed to provide any response or execution steps, resulting in a score of 0.0 as no instructions were followed. [model=Qwen/Qwen3.5-2B]",3805.31,False,,0,a99faf782e8ad4d5f1ccdfcb7e143b9a|instruction_following|agent|0,,,original
Qwen/Qwen3.5-2B,a99faf782e8ad4d5f1ccdfcb7e143b9a,instruction_following,agent,0.55,"The agent successfully identified the task requirements, learned the necessary facts from the conversation history, and developed a plan to solve the problem. However, the agent failed to execute the plan because it repeatedly attempted to scroll a webpage using a tool that was not available in the provided tool list (the 'page_down' tool), resulting in errors. It also failed to find the specific landmark on the cover image through the search and inspection steps, leading to a final answer that relied on external deduction rather than verified data from the provided tools. [model=Qwen/Qwen3.5-2B]",19483.11,False,,1,a99faf782e8ad4d5f1ccdfcb7e143b9a|instruction_following|agent|1,,,original
Qwen/Qwen3.5-2B,a99faf782e8ad4d5f1ccdfcb7e143b9a,instruction_following,agent,0.25,"The agent failed to follow the instruction to provide a high-level plan before attempting to solve the task. Instead, it immediately began executing tools without generating a plan. Additionally, the agent encountered multiple errors when attempting to scroll the webpage (page_down tool) and failed to find specific keywords on the PubHTML5 page, preventing it from extracting the necessary information to identify the landmark and its height. [model=Qwen/Qwen3.5-2B]",30614.04,False,,2,a99faf782e8ad4d5f1ccdfcb7e143b9a|instruction_following|agent|2,"Invalid judge JSON; saved raw output instead. 1 validation error for JudgeOutput
  Invalid JSON: EOF while parsing a value at line 2 column 830 [type=json_invalid, input_value='{\n  ""explanation"": ""The...ns were not followed."",', input_type=str]
    For further information visit https://errors.pydantic.dev/2.13/v/json_invalid",,rerun
Qwen/Qwen3.5-2B,a99faf782e8ad4d5f1ccdfcb7e143b9a,reasoning_quality,agent,0.0,"The agent failed to execute the goal because it did not generate any output, resulting in a complete lack of reasoning steps. Consequently, the evaluation cannot assess the quality of the reasoning chain, leading to an incoherent response. [model=Qwen/Qwen3.5-2B]",4638.6,False,,0,a99faf782e8ad4d5f1ccdfcb7e143b9a|reasoning_quality|agent|0,,,original
Qwen/Qwen3.5-2B,a99faf782e8ad4d5f1ccdfcb7e143b9a,reasoning_quality,agent,1.0,"The agent demonstrates strong logical reasoning by systematically narrowing down the search through failed attempts to find specific keywords ('Tower', 'London', 'Big Ben') on the PubHTML5 page, which correctly leads to the conclusion that the landmark is the Washington Monument. It then uses a successful search query to find the monument's height and applies the necessary conversion to yards. The plan is well-structured, purposeful, and avoids illogical jumps. [model=Qwen/Qwen3.5-2B]",16153.85,False,,1,a99faf782e8ad4d5f1ccdfcb7e143b9a|reasoning_quality|agent|1,,,original
Qwen/Qwen3.5-2B,a99faf782e8ad4d5f1ccdfcb7e143b9a,reasoning_quality,agent,0.55,"The agent demonstrates strong logical reasoning by systematically evaluating the task requirements, identifying the need to inspect the specific cover image, and selecting appropriate tools (web_search and visit_page) to gather necessary information. It correctly identifies that direct metadata on the cover is missing and relies on contextual deduction, which is a sound strategy. However, the plan fails to account for the persistent errors encountered when attempting to scroll or search within the PubHTML5 viewer, leading to a lack of progress and an incomplete plan that does not address the actual obstacle. [model=Qwen/Qwen3.5-2B]",14187.55,False,,2,a99faf782e8ad4d5f1ccdfcb7e143b9a|reasoning_quality|agent|2,,,original
Qwen/Qwen3.5-2B,aa76e85e274bb7187a186c5ed9c90b43,helpfulness,trace,0.0,"The agent failed to solve the problem by providing a random subset ('b, e') without performing any verification or logical deduction to determine if the relation is actually commutative. The response does not address the specific request to find counter-examples or prove commutativity. [model=Qwen/Qwen3.5-2B]",5314.76,False,,0,aa76e85e274bb7187a186c5ed9c90b43|helpfulness|trace|0,,,original
Qwen/Qwen3.5-2B,aa76e85e274bb7187a186c5ed9c90b43,accuracy,trace,1.0,"The response correctly identifies the non-commutative property of the given table by finding the pair (b, e) where the result differs from (e, b). The derivation is mathematically sound as the table is explicitly provided, and the output format matches the request. [model=Qwen/Qwen3.5-2B]",5091.56,False,,0,aa76e85e274bb7187a186c5ed9c90b43|accuracy|trace|0,,,original
Qwen/Qwen3.5-2B,aa76e85e274bb7187a186c5ed9c90b43,groundedness,trace,0.0,"The agent failed to provide the correct answer because the task explicitly states that the answer does exist and requires verification steps, yet the provided evidence shows a tool result of '(no result)', indicating the agent could not find the necessary data or logic to derive the subset. The response 'b, e' is presented as a definitive fact without any supporting evidence from the available tools or logical derivation steps. [model=Qwen/Qwen3.5-2B]",6650.83,False,,0,aa76e85e274bb7187a186c5ed9c90b43|groundedness|trace|0,,,original
Qwen/Qwen3.5-2B,aa76e85e274bb7187a186c5ed9c90b43,instruction_following,agent,0.0,"The agent failed to provide any response or execution steps, resulting in a score of 0.0 as no instructions were followed. [model=Qwen/Qwen3.5-2B]",3639.17,False,,0,aa76e85e274bb7187a186c5ed9c90b43|instruction_following|agent|0,,,original
Qwen/Qwen3.5-2B,aa76e85e274bb7187a186c5ed9c90b43,instruction_following,agent,0.55,"The agent successfully followed the primary instruction to provide a correct answer by deriving the subset {b, e} from the provided table. However, the agent failed to strictly adhere to the formatting constraint in Step 7, where it attempted to call a tool named 'call_2' (which does not exist) and printed the result 'b, e' inside a string variable `result` instead of directly printing the final answer. It also failed to use the `final_answer` tool as required by the system prompt instructions for the final step. [model=Qwen/Qwen3.5-2B]",9265.87,False,,1,aa76e85e274bb7187a186c5ed9c90b43|instruction_following|agent|1,,,original
Qwen/Qwen3.5-2B,aa76e85e274bb7187a186c5ed9c90b43,reasoning_quality,agent,0.0,"The agent failed to execute the goal because it did not generate any output, resulting in a complete lack of reasoning steps. Consequently, the evaluation cannot assess the quality of the reasoning chain, leading to an incoherent response. [model=Qwen/Qwen3.5-2B]",4921.42,False,,0,aa76e85e274bb7187a186c5ed9c90b43|reasoning_quality|agent|0,,,original
Qwen/Qwen3.5-2B,aa76e85e274bb7187a186c5ed9c90b43,reasoning_quality,agent,1.0,"The agent's plan is logically sound and purposeful. It correctly identifies the need to parse the table and systematically check all distinct ordered pairs (x, y) where x ≠ y to find counter-examples. The use of the Python interpreter to verify the logic is an appropriate and well-reasoned step to ensure accuracy before formatting the final answer. [model=Qwen/Qwen3.5-2B]",6480.28,False,,1,aa76e85e274bb7187a186c5ed9c90b43|reasoning_quality|agent|1,,,original
Qwen/Qwen3.5-2B,ae345023ab5e1c09d49c2b2c6e311877,helpfulness,trace,0.0,"The agent failed to answer the question by providing a list of countries instead of the specific data points requested. It did not attempt to find the required information or verify the claim, nor did it provide the actual countries with their specific savings percentages for the years 2001-2010. [model=Qwen/Qwen3.5-2B]",5667.7,False,,0,ae345023ab5e1c09d49c2b2c6e311877|helpfulness|trace|0,,,original
Qwen/Qwen3.5-2B,ae345023ab5e1c09d49c2b2c6e311877,accuracy,trace,0.5,"The response lists several countries that are widely recognized as having high gross savings ratios, but the data is not provided in the task, so the specific values are likely estimates or approximations rather than exact facts. The list is alphabetically ordered, but the accuracy of the specific percentages and the exact years covered is questionable without the source data. [model=Qwen/Qwen3.5-2B]",5753.66,False,,0,ae345023ab5e1c09d49c2b2c6e311877|accuracy|trace|0,,,original
Qwen/Qwen3.5-2B,ae345023ab5e1c09d49c2b2c6e311877,groundedness,trace,0.0,"The agent failed to ground its answer in the provided evidence, as the 'Tool Results' section explicitly states '(no result)' for the relevant tool, meaning no data was actually retrieved to verify the claim. The response lists countries without any citation or evidence of where the data was obtained, violating the requirement to list sources and verify claims. [model=Qwen/Qwen3.5-2B]",5657.91,False,,0,ae345023ab5e1c09d49c2b2c6e311877|groundedness|trace|0,,,original
Qwen/Qwen3.5-2B,ae345023ab5e1c09d49c2b2c6e311877,instruction_following,agent,0.0,"The agent failed to provide any response or execution steps, resulting in a score of 0.0 as no instructions were followed. [model=Qwen/Qwen3.5-2B]",3327.86,False,,0,ae345023ab5e1c09d49c2b2c6e311877|instruction_following|agent|0,,,original
Qwen/Qwen3.5-2B,ae345023ab5e1c09d49c2b2c6e311877,instruction_following,agent,0.25,"The agent failed to follow the specific instruction to use the `search_agent` tool to search the internet, instead relying on a simulated search in Step 1. Furthermore, the agent did not use the `visualizer` tool as instructed in the available tools list, despite the task requiring data from the World Bank. The final answer was not provided in the required format, and the plan was incomplete. [model=Qwen/Qwen3.5-2B]",7187.03,False,,1,ae345023ab5e1c09d49c2b2c6e311877|instruction_following|agent|1,,,original
Qwen/Qwen3.5-2B,ae345023ab5e1c09d49c2b2c6e311877,reasoning_quality,agent,0.0,"The agent failed to execute the goal because it did not generate any output, resulting in a complete lack of reasoning steps. Consequently, the evaluation cannot assess the quality of the reasoning chain, leading to an incoherent response. [model=Qwen/Qwen3.5-2B]",5409.18,False,,0,ae345023ab5e1c09d49c2b2c6e311877|reasoning_quality|agent|0,,,original
Qwen/Qwen3.5-2B,ae345023ab5e1c09d49c2b2c6e311877,reasoning_quality,agent,0.25,"The agent demonstrates a clear logical progression by first identifying the specific task constraints (time period and metric) in Step 1, then selecting the appropriate tool (search_agent) to gather the necessary external data in Step 2. However, Step 3 contains a critical logical error where it attempts to 'derive' facts from the task itself rather than using the search tool to retrieve the actual data, leading to a failure in Step 4. This misalignment between the 'derive' step and the available tools results in no final answer. [model=Qwen/Qwen3.5-2B]",8341.48,False,,1,ae345023ab5e1c09d49c2b2c6e311877|reasoning_quality|agent|1,,,original
Qwen/Qwen3.5-2B,b159cbc7eb989d874a0337cbee8a373c,helpfulness,trace,0.0,"The agent failed completely because it did not read the attached file or the task description, instead hallucinating a specific numeric answer ('42') without any evidence of data processing or verification steps. It ignored the instruction to use the provided file and failed to acknowledge the need for factual lookup or derivation. [model=Qwen/Qwen3.5-2B]",5407.4,False,,0,b159cbc7eb989d874a0337cbee8a373c|helpfulness|trace|0,,,original
Qwen/Qwen3.5-2B,b159cbc7eb989d874a0337cbee8a373c,accuracy,trace,0.0,"The response provides a specific numeric answer ('42') without any reasoning or verification steps, which is insufficient for a task explicitly demanding a correct answer and verification. The lack of derivation or check makes the claim unreliable. [model=Qwen/Qwen3.5-2B]",4610.03,False,,0,b159cbc7eb989d874a0337cbee8a373c|accuracy|trace|0,,,original
Qwen/Qwen3.5-2B,b159cbc7eb989d874a0337cbee8a373c,groundedness,trace,0.0,"The agent failed to provide the correct answer because the required evidence (the attached Python file) was not accessible via the specified tool, resulting in no factual basis for the claim. The response contains a fabricated number (42) with no supporting evidence from the available tool results. [model=Qwen/Qwen3.5-2B]",5108.02,False,,0,b159cbc7eb989d874a0337cbee8a373c|groundedness|trace|0,,,original
Qwen/Qwen3.5-2B,b159cbc7eb989d874a0337cbee8a373c,instruction_following,agent,0.0,"The agent failed to provide any response or execution steps, resulting in a score of 0.0 as no instructions were followed. [model=Qwen/Qwen3.5-2B]",3486.1,False,,0,b159cbc7eb989d874a0337cbee8a373c|instruction_following|agent|0,,,original
Qwen/Qwen3.5-2B,b159cbc7eb989d874a0337cbee8a373c,instruction_following,agent,0.0,"The agent failed to retrieve the file content because it attempted to use the `inspect_file_as_text` tool with a path that resulted in a `FileNotFoundError`. The agent did not verify the file's existence or path before attempting the tool, and it did not provide a fallback strategy (like searching for the file online) when the direct tool call failed. Consequently, the task could not be completed as the required file content was never successfully accessed. [model=Qwen/Qwen3.5-2B]",10399.07,False,,1,b159cbc7eb989d874a0337cbee8a373c|instruction_following|agent|1,,,original
Qwen/Qwen3.5-2B,b159cbc7eb989d874a0337cbee8a373c,instruction_following,agent,0.5,"The agent successfully followed the instruction to use the `inspect_file_as_text` tool to retrieve the file content. However, it failed to provide the final answer as required by the task, instead stopping after the error occurred. The task explicitly requires the final answer to contain specific sections (Task outcome, detailed outcome, and additional context), which the agent did not fulfill. [model=Qwen/Qwen3.5-2B]",7311.93,False,,2,b159cbc7eb989d874a0337cbee8a373c|instruction_following|agent|2,"Invalid judge JSON; saved raw output instead. 1 validation error for JudgeOutput
  Invalid JSON: EOF while parsing a string at line 3 column 3 [type=json_invalid, input_value='{\n  ""explanation"": ""The... a missing file."",\n  ""', input_type=str]
    For further information visit https://errors.pydantic.dev/2.13/v/json_invalid",,rerun
Qwen/Qwen3.5-2B,b159cbc7eb989d874a0337cbee8a373c,instruction_following,agent,0.5,"The agent successfully identified the task requirements and attempted to retrieve the file using the specified tool. However, it failed because the file path 'data/gaia/validation/f918266a-b3e0-4914-865d-4faa564f1aef.py' does not exist on the local filesystem, resulting in a FileNotFoundError. The agent correctly identified this error and provided a detailed explanation of the failure, but it did not attempt to search for the file online or use alternative methods to locate it, which was a key part of the instructions to 'navigate to .txt online files' and 'provide as much context as possible'. [model=Qwen/Qwen3.5-2B]",11109.32,False,,3,b159cbc7eb989d874a0337cbee8a373c|instruction_following|agent|3,,,original
Qwen/Qwen3.5-2B,b159cbc7eb989d874a0337cbee8a373c,reasoning_quality,agent,0.0,"The agent failed to execute the goal because it did not generate any output, resulting in a complete lack of reasoning steps. Consequently, the evaluation cannot assess the quality of the reasoning chain, leading to an incoherent response. [model=Qwen/Qwen3.5-2B]",4846.53,False,,0,b159cbc7eb989d874a0337cbee8a373c|reasoning_quality|agent|0,,,original
Qwen/Qwen3.5-2B,b159cbc7eb989d874a0337cbee8a373c,reasoning_quality,agent,0.0,"The agent's reasoning is flawed because it fails to recognize that the file path provided is invalid or non-existent, leading to repeated, unproductive attempts to retrieve a file that does not exist. It does not utilize the available tools effectively to diagnose the error or suggest an alternative approach, resulting in a complete failure to retrieve the file content required to solve the task. [model=Qwen/Qwen3.5-2B]",9226.59,False,,1,b159cbc7eb989d874a0337cbee8a373c|reasoning_quality|agent|1,,,original
Qwen/Qwen3.5-2B,b159cbc7eb989d874a0337cbee8a373c,reasoning_quality,agent,0.25,"The agent correctly identifies the need to retrieve the file content first, but fails to utilize the available tool 'inspect_file_as_text' effectively because it attempts to pass a question argument to a tool that requires a file path, leading to a conversion error. The agent then abandons the file retrieval strategy entirely and attempts to navigate to the file path as a URL, which is illogical given the file extension and the tool's specific requirements. [model=Qwen/Qwen3.5-2B]",8173.06,False,,2,b159cbc7eb989d874a0337cbee8a373c|reasoning_quality|agent|2,,,original
Qwen/Qwen3.5-2B,b159cbc7eb989d874a0337cbee8a373c,reasoning_quality,agent,0.25,"The agent correctly identifies the need to inspect the file but fails to utilize the available tool 'inspect_file_as_text' effectively, instead attempting to run a tool that requires a file extension mismatch or incorrect path handling. The reasoning jumps from identifying the file type to an error, failing to adapt the tool usage strategy as described in the instructions for handling non-HTML files. [model=Qwen/Qwen3.5-2B]",7505.03,False,,3,b159cbc7eb989d874a0337cbee8a373c|reasoning_quality|agent|3,,,original
Qwen/Qwen3.5-2B,b1f9b9baefa4c69d1d848e35c130e29d,helpfulness,trace,0.0,"The agent completely failed to answer the question, providing only a nonsensical phrase 'Rest In Cream' which is irrelevant to the specific details of the Ben & Jerry's flavor graveyard. It did not attempt to search for the required data, nor did it acknowledge the impossibility of the query. [model=Qwen/Qwen3.5-2B]",6043.21,False,,0,b1f9b9baefa4c69d1d848e35c130e29d|helpfulness|trace|0,,,original
Qwen/Qwen3.5-2B,b1f9b9baefa4c69d1d848e35c130e29d,accuracy,trace,0.0,"The response 'Rest In Cream' is a misinterpretation of the flavor name 'Rest In Cream' rather than the last line of the rhyme. The rhyme's last line is 'I'll be the one who loves you the most', not the flavor name itself. [model=Qwen/Qwen3.5-2B]",5210.07,False,,0,b1f9b9baefa4c69d1d848e35c130e29d|accuracy|trace|0,,,original
Qwen/Qwen3.5-2B,b1f9b9baefa4c69d1d848e35c130e29d,groundedness,trace,0.0,The provided evidence consists of a search result snippet for 'Ben & Jerry's flavor graveyard oldest flavor headstone inscription' which does not contain the specific text of the rhyme or the last line. The search results for 'Ben & Jerry's online flavor graveyard official 2022' and 'headstone' on the Ben & Jerry's website page do not yield the specific inscription text required to answer the question. The response 'Rest In Cream' is a general phrase not supported by the specific evidence provided. [model=Qwen/Qwen3.5-2B],7964.23,False,,0,b1f9b9baefa4c69d1d848e35c130e29d|groundedness|trace|0,,,original
Qwen/Qwen3.5-2B,b1f9b9baefa4c69d1d848e35c130e29d,instruction_following,agent,0.0,"The agent failed to provide any response or execution steps, resulting in a score of 0.0 as no instructions were followed. [model=Qwen/Qwen3.5-2B]",3652.52,False,,0,b1f9b9baefa4c69d1d848e35c130e29d|instruction_following|agent|0,,,original
Qwen/Qwen3.5-2B,b1f9b9baefa4c69d1d848e35c130e29d,instruction_following,agent,0.0,"The agent failed to solve the task because it repeatedly attempted to access a specific archived webpage using the Wayback Machine, but all attempts resulted in errors stating the URL was not archived. The agent did not successfully locate the specific photo or inscription as required by the task, nor did it provide the requested detailed context or final answer. It also failed to utilize the 'inspect_file_as_text' tool as instructed when the page was not found in the archive. [model=Qwen/Qwen3.5-2B]",14698.65,False,,1,b1f9b9baefa4c69d1d848e35c130e29d|instruction_following|agent|1,"Invalid judge JSON; saved raw output instead. 1 validation error for JudgeOutput
  Invalid JSON: EOF while parsing a string at line 2 column 795 [type=json_invalid, input_value='{\n  ""explanation"": ""The...being found. It did not', input_type=str]
    For further information visit https://errors.pydantic.dev/2.13/v/json_invalid",,rerun
Qwen/Qwen3.5-2B,b1f9b9baefa4c69d1d848e35c130e29d,instruction_following,agent,0.0,"The agent failed to complete the task because it repeatedly failed to locate the specific archived webpage of the Ben & Jerry's Flavor Graveyard from the end of 2022. It attempted multiple URL variants and dates, but all resulted in 'No results found' or 'URL was not archived on Wayback Machine'. The agent did not successfully navigate to the page to inspect its content, nor did it find the specific photo or inscription details required. Consequently, it could not extract the required information or provide the final answer. [model=Qwen/Qwen3.5-2B]",12619.6,False,,2,b1f9b9baefa4c69d1d848e35c130e29d|instruction_following|agent|2,,,original
Qwen/Qwen3.5-2B,b1f9b9baefa4c69d1d848e35c130e29d,reasoning_quality,agent,0.0,"The agent failed to execute the goal because it did not generate any output, resulting in a complete lack of reasoning steps. Consequently, the evaluation cannot assess the quality of the reasoning chain, leading to an incoherent response. [model=Qwen/Qwen3.5-2B]",5044.52,False,,0,b1f9b9baefa4c69d1d848e35c130e29d|reasoning_quality|agent|0,,,original
Qwen/Qwen3.5-2B,b1f9b9baefa4c69d1d848e35c130e29d,reasoning_quality,agent,0.55,"The agent demonstrates a logical progression by first attempting to locate the specific archived webpage using the Wayback Machine, which failed due to URL and date issues. It then correctly pivots to a web search to find alternative URLs or documentation, which successfully identifies the relevant page and confirms the existence of the Flavor Graveyard. However, the agent fails to utilize the successful search results to extract the specific photo and inscription details, instead reverting to a failed attempt to find the 'headstone' keyword on the live page. This results in an incomplete task outcome because the core requirement to extract the specific inscription from the photo is not met. [model=Qwen/Qwen3.5-2B]",16505.94,False,,1,b1f9b9baefa4c69d1d848e35c130e29d|reasoning_quality|agent|1,,,original
Qwen/Qwen3.5-2B,b1f9b9baefa4c69d1d848e35c130e29d,reasoning_quality,agent,0.55,"The agent demonstrates a logical progression by first attempting to locate the specific archived page via the Wayback Machine, which failed due to URL and date issues. It then correctly pivots to a broader search strategy to find alternative URLs or documentation, followed by a targeted search for the specific content (photo and inscription) using a refined query. However, the final steps show a lack of progress; the agent searches for the specific content again but fails to find results, and the subsequent steps involve only scrolling and attempting to find text that was previously found, without actually extracting the required information. The reasoning is logical in its initial pivot but fails to execute the final extraction phase effectively. [model=Qwen/Qwen3.5-2B]",13464.88,False,,2,b1f9b9baefa4c69d1d848e35c130e29d|reasoning_quality|agent|2,,,original
Qwen/Qwen3.5-2B,b241cb7deedf9646f01fa15095ed96d2,helpfulness,trace,0.0,"The agent failed to follow instructions by providing a specific date instead of listing the necessary facts to look up or derive, and did not acknowledge the constraint to use the DD/MM/YYYY format. [model=Qwen/Qwen3.5-2B]",4455.24,False,,0,b241cb7deedf9646f01fa15095ed96d2|helpfulness|trace|0,,,original
Qwen/Qwen3.5-2B,b241cb7deedf9646f01fa15095ed96d2,accuracy,trace,0.25,"The response provides a specific date (21/03/2018) but fails to cite any source or verification method, making the claim unverifiable and potentially unreliable without external confirmation. [model=Qwen/Qwen3.5-2B]",4631.51,False,,0,b241cb7deedf9646f01fa15095ed96d2|accuracy|trace|0,,,original
Qwen/Qwen3.5-2B,b241cb7deedf9646f01fa15095ed96d2,groundedness,trace,0.0,"The provided evidence shows that the search for 'St. Thomas Aquinas' and 'Aquinas' failed to find the string on the Wikipedia history page, and the search for 'St._Thomas' also failed. The Google search result title explicitly states that the search string was not found, which directly contradicts the implied existence of a specific date for the image addition. The agent's response provides a specific date (21/03/2018) without any supporting evidence from the available tools or search results. [model=Qwen/Qwen3.5-2B]",9784.35,False,,0,b241cb7deedf9646f01fa15095ed96d2|groundedness|trace|0,,,original
Qwen/Qwen3.5-2B,b241cb7deedf9646f01fa15095ed96d2,instruction_following,agent,0.0,"The agent failed to provide any response or execution steps, resulting in a score of 0.0 as no instructions were followed. [model=Qwen/Qwen3.5-2B]",3699.03,False,,0,b241cb7deedf9646f01fa15095ed96d2|instruction_following|agent|0,,,original
Qwen/Qwen3.5-2B,b241cb7deedf9646f01fa15095ed96d2,instruction_following,agent,0.55,"The agent successfully followed the primary instruction to provide a comprehensive preparatory survey of facts, including identifying given facts, facts to look up, and facts to derive. It correctly structured the survey and utilized the available tools (web_search, visit_page, find_on_page_ctrl_f) to gather information about the Wikipedia page and the image file. However, the agent failed to follow the specific instruction in the final task step to 'develop a step-by-step high-level plan' as requested in the prompt's final instruction, instead providing a final answer directly. It also encountered a technical error when attempting to scroll through the Wikimedia Commons page history. [model=Qwen/Qwen3.5-2B]",33623.4,False,,1,b241cb7deedf9646f01fa15095ed96d2|instruction_following|agent|1,"Invalid judge JSON; saved raw output instead. 1 validation error for JudgeOutput
  Invalid JSON: EOF while parsing a value at line 2 column 851 [type=json_invalid, input_value='{\n  ""explanation"": ""The...evision history page."",', input_type=str]
    For further information visit https://errors.pydantic.dev/2.13/v/json_invalid",,rerun
Qwen/Qwen3.5-2B,b241cb7deedf9646f01fa15095ed96d2,instruction_following,agent,0.55,"The agent successfully followed the instruction to provide a structured response with three specific parts (Task outcome, detailed explanation, and additional context) within the final_answer tool. However, the agent failed to follow the instruction to 'navigate to older revision pages' (Step 1) and 'search for keywords on the revision history page' (Step 2) as explicitly required by the task description and the provided facts list. The agent only performed a web search for general information about the topic, which did not yield the specific revision history needed to answer the question, and thus failed to complete the task as defined. [model=Qwen/Qwen3.5-2B]",17024.19,False,,2,b241cb7deedf9646f01fa15095ed96d2|instruction_following|agent|2,,,original
Qwen/Qwen3.5-2B,b241cb7deedf9646f01fa15095ed96d2,instruction_following,agent,0.5,"The agent successfully followed the instruction to provide a high-level plan based on the provided facts and available tools. It correctly identified the need to search the full revision history (41 pages) and utilized the `find_on_page_ctrl_f` tool to search for specific keywords ('St. Thomas', 'Aquinas', 'image', 'file', 'insert') across the pages. However, the plan was incomplete as it stopped after Step 39 without executing the actual search or visiting the pages, nor did it generate the required final answer structure with the three specific parts requested by the task. [model=Qwen/Qwen3.5-2B]",11363.76,False,,3,b241cb7deedf9646f01fa15095ed96d2|instruction_following|agent|3,,,original
Qwen/Qwen3.5-2B,b241cb7deedf9646f01fa15095ed96d2,instruction_following,agent,0.25,"The agent successfully identified the task requirements, learned relevant facts from the conversation history, and developed a plan to solve the problem. However, the agent failed to execute the plan due to repeated errors when attempting to scroll through the Wikimedia Commons file history page using the 'page_down' tool, which is not supported by the available tool definitions. The agent also failed to find the specific 'uploaded' keyword in the page content, preventing the extraction of the initial upload date. Consequently, the task could not be completed as specified. [model=Qwen/Qwen3.5-2B]",18029.05,False,,4,b241cb7deedf9646f01fa15095ed96d2|instruction_following|agent|4,,,original
Qwen/Qwen3.5-2B,b241cb7deedf9646f01fa15095ed96d2,reasoning_quality,agent,0.0,"The agent failed to execute the goal because it did not generate any output, resulting in a complete lack of reasoning steps. Consequently, the evaluation cannot assess the quality of the reasoning chain, leading to an incoherent response. [model=Qwen/Qwen3.5-2B]",4764.97,False,,0,b241cb7deedf9646f01fa15095ed96d2|reasoning_quality|agent|0,,,original
Qwen/Qwen3.5-2B,b241cb7deedf9646f01fa15095ed96d2,reasoning_quality,agent,0.75,"The agent successfully navigated the task by first identifying the correct image file ('St-thomas-aquinas.jpg') on the Wikipedia page, then systematically exploring the Wikimedia Commons file history to find the earliest revision date. Although encountering tool errors during the scrolling process, the agent correctly deduced the date from the visible revision entries (21/03/2018) and formatted it as required. The reasoning chain is logical, as it follows the necessary steps to identify the image and extract the date from the available data. [model=Qwen/Qwen3.5-2B]",31369.17,False,,1,b241cb7deedf9646f01fa15095ed96d2|reasoning_quality|agent|1,,,original
Qwen/Qwen3.5-2B,b241cb7deedf9646f01fa15095ed96d2,reasoning_quality,agent,0.75,"The agent successfully navigated the revision history pages, systematically searching for keywords like 'St. Thomas Aquinas', 'Aquinas', and 'St._Thomas' across multiple pages (up to page 17). It correctly identified that the search terms did not yield direct matches in the edit summaries, leading to a logical conclusion that the image addition may not be explicitly annotated or requires deeper inspection of older revisions or file metadata not yet explored. The plan remains focused on finding the specific revision entry containing the image, which is the core objective. [model=Qwen/Qwen3.5-2B]",15280.52,False,,2,b241cb7deedf9646f01fa15095ed96d2|reasoning_quality|agent|2,"Invalid judge JSON; saved raw output instead. 1 validation error for JudgeOutput
  Invalid JSON: EOF while parsing a string at line 2 column 765 [type=json_invalid, input_value='{\n  ""explanation"": ""The... the constraints of the', input_type=str]
    For further information visit https://errors.pydantic.dev/2.13/v/json_invalid",,rerun
Qwen/Qwen3.5-2B,b241cb7deedf9646f01fa15095ed96d2,reasoning_quality,agent,1.0,"The agent demonstrates strong logical reasoning by systematically following the task requirements. It correctly identifies the need to search the full revision history (41 pages) rather than just the first page, and appropriately selects the 'find_on_page_ctrl_f' tool for searching within the page content. The steps logically progress from accessing the history page to searching for specific keywords ('St. Thomas', 'Aquinas', 'image', 'file', 'insert') across the pages, and finally synthesizing the findings into the required output format. The plan avoids unnecessary steps and maintains focus on the goal. [model=Qwen/Qwen3.5-2B]",10805.09,False,,3,b241cb7deedf9646f01fa15095ed96d2|reasoning_quality|agent|3,,,original
Qwen/Qwen3.5-2B,b241cb7deedf9646f01fa15095ed96d2,reasoning_quality,agent,0.95,"The agent demonstrates strong logical reasoning by systematically identifying the task requirements, leveraging available tools (web_search, visit_page, find_on_page_ctrl_f), and adapting its strategy when encountering technical errors with the 'page_down' tool. It correctly prioritizes finding the relevant image and its history through search and direct page visits, and successfully locates the specific revision entry containing the upload date, which is the critical data point needed to answer the task. [model=Qwen/Qwen3.5-2B]",15818.55,False,,4,b241cb7deedf9646f01fa15095ed96d2|reasoning_quality|agent|4,,,original
Qwen/Qwen3.5-2B,b5576ffca7ad7cce0fc34b5aad7fc543,helpfulness,trace,0.0,"The agent failed to perform the requested fact-check by providing no actual verification steps, no comparison of the text against the source, and no derivation of the specific mismatched word. It merely guessed the word 'cloak' without evidence. [model=Qwen/Qwen3.5-2B]",5129.84,False,,0,b5576ffca7ad7cce0fc34b5aad7fc543|helpfulness|trace|0,,,original
Qwen/Qwen3.5-2B,b5576ffca7ad7cce0fc34b5aad7fc543,accuracy,trace,0.0,"The response fails to provide the specific word in the citation that does not match, instead providing a single word 'cloak' which is a part of the quote but not the missing word. The task requires identifying the specific discrepancy between the provided citation and the in-line quote, which is a factual error in the output. [model=Qwen/Qwen3.5-2B]",6259.39,False,,0,b5576ffca7ad7cce0fc34b5aad7fc543|accuracy|trace|0,,,original
Qwen/Qwen3.5-2B,b5576ffca7ad7cce0fc34b5aad7fc543,groundedness,trace,0.5,"The agent correctly identified that the provided evidence (Google search results and a specific page view) does not contain the phrase 'cloak of print' in the specified pages, whereas it found 'veil of print'. The agent also correctly noted the absence of the phrase 'cloak of print' in the provided text snippet, which is a factual observation supported by the search results. However, the agent failed to explicitly state the correct word in the citation that does not match, instead stopping at the negative finding. This omission means the final answer is not fully grounded in the provided evidence as the correct word was not derived or stated. [model=Qwen/Qwen3.5-2B]",9427.7,False,,0,b5576ffca7ad7cce0fc34b5aad7fc543|groundedness|trace|0,,,original
Qwen/Qwen3.5-2B,b5576ffca7ad7cce0fc34b5aad7fc543,instruction_following,agent,0.0,"The agent failed to provide any response or execution steps, resulting in a score of 0.0 as no instructions were followed. [model=Qwen/Qwen3.5-2B]",3591.71,False,,0,b5576ffca7ad7cce0fc34b5aad7fc543|instruction_following|agent|0,,,original
Qwen/Qwen3.5-2B,b5576ffca7ad7cce0fc34b5aad7fc543,instruction_following,agent,0.55,"The agent successfully identified the task requirements, learned the necessary facts, and constructed a high-level plan. However, it failed to execute the plan correctly due to a critical error in Step 30: it attempted to use the `inspect_file_as_text` tool on a URL (Step 30) instead of a file path, causing an `UnboundLocalError`. Additionally, it failed to properly structure the final answer as requested in Step 28, returning only a partial result instead of the full structured output required by the instructions. [model=Qwen/Qwen3.5-2B]",10902.29,False,,1,b5576ffca7ad7cce0fc34b5aad7fc543|instruction_following|agent|1,,,original
Qwen/Qwen3.5-2B,b5576ffca7ad7cce0fc34b5aad7fc543,instruction_following,agent,0.55,"The agent successfully followed the core instruction to provide a structured response with three specific parts (Task outcome short, Task outcome detailed, Additional context) within the final_answer tool. However, the agent failed to strictly adhere to the formatting constraint regarding the 'facts' section, as it did not include the required headings ('Facts given in the task', 'Facts to look up', 'Facts to derive') in its response, despite having the correct content. It also did not utilize the 'inspect_file_as_text' tool to verify the text content directly, relying instead on web searches which did not yield the specific text content needed to confirm the absence of the phrase. [model=Qwen/Qwen3.5-2B]",11831.41,False,,2,b5576ffca7ad7cce0fc34b5aad7fc543|instruction_following|agent|2,,,original
Qwen/Qwen3.5-2B,b5576ffca7ad7cce0fc34b5aad7fc543,reasoning_quality,agent,0.0,"The agent failed to execute the goal because it did not generate any output, resulting in a complete lack of reasoning steps. Consequently, the evaluation cannot assess the quality of the reasoning chain, leading to an incoherent response. [model=Qwen/Qwen3.5-2B]",4691.75,False,,0,b5576ffca7ad7cce0fc34b5aad7fc543|reasoning_quality|agent|0,,,original
Qwen/Qwen3.5-2B,b5576ffca7ad7cce0fc34b5aad7fc543,reasoning_quality,agent,0.25,"The agent demonstrates a clear understanding of the task requirements and the available tools, but it fails to execute the plan effectively due to a critical error in Step 30 where it attempts to use a variable 'res' that was never defined in the previous steps. This leads to repeated errors and an abandonment of the plan, resulting in a failure to provide the requested structured output. [model=Qwen/Qwen3.5-2B]",8849.57,False,,1,b5576ffca7ad7cce0fc34b5aad7fc543|reasoning_quality|agent|1,,,original
Qwen/Qwen3.5-2B,b5576ffca7ad7cce0fc34b5aad7fc543,reasoning_quality,agent,0.55,"The agent demonstrates strong logical reasoning by first correctly identifying the task constraints (specific phrase, specific pages, specific format) and then selecting the appropriate tool (web_search) to gather external verification data. It then logically uses the search results to confirm the absence of the target phrase, which is a valid strategy for verifying a negative finding. However, the plan is incomplete as it stops at Step 19 without executing the final verification step (Step 20) or the file inspection step (Step 21) required to definitively answer the task and provide the requested context. This lack of execution prevents the completion of the task as specified. [model=Qwen/Qwen3.5-2B]",10607.65,False,,2,b5576ffca7ad7cce0fc34b5aad7fc543|reasoning_quality|agent|2,,,original
Qwen/Qwen3.5-2B,b69bcf49516121f03e5809cbd776c21f,helpfulness,trace,0.0,"The agent failed to answer the question by providing no specific time, date, or location details required to solve the problem. It simply stated a final answer without any reasoning, data, or verification steps as requested. [model=Qwen/Qwen3.5-2B]",4843.49,False,,0,b69bcf49516121f03e5809cbd776c21f|helpfulness|trace|0,,,original
Qwen/Qwen3.5-2B,b69bcf49516121f03e5809cbd776c21f,accuracy,trace,0.25,"The response provides a specific time (6:50 PM) but fails to specify the date, which is a critical missing fact required to answer the query accurately. Without the date, the answer is unverifiable and likely incorrect for the specific date mentioned in the prompt. [model=Qwen/Qwen3.5-2B]",5170.86,False,,0,b69bcf49516121f03e5809cbd776c21f|accuracy|trace|0,,,original
Qwen/Qwen3.5-2B,b69bcf49516121f03e5809cbd776c21f,groundedness,trace,0.0,"The provided evidence consists of search results and a PDF link, but the specific data point regarding the exact arrival time of the Tri-Rail train carrying the most passengers on May 27, 2019, is not present in the search results or the inspected file. The search results only provide general links to datasets and schedules without the specific numerical data or the specific arrival time for that particular day and route. [model=Qwen/Qwen3.5-2B]",7126.53,False,,0,b69bcf49516121f03e5809cbd776c21f|groundedness|trace|0,,,original
Qwen/Qwen3.5-2B,b69bcf49516121f03e5809cbd776c21f,instruction_following,agent,0.0,"The agent failed to provide any response or execution steps, resulting in a score of 0.0 as no instructions were followed. [model=Qwen/Qwen3.5-2B]",3504.5,False,,0,b69bcf49516121f03e5809cbd776c21f|instruction_following|agent|0,,,original
Qwen/Qwen3.5-2B,b69bcf49516121f03e5809cbd776c21f,instruction_following,agent,0.55,"The agent successfully followed the core instruction to provide a final answer using the `final_answer` tool. However, it failed to follow the specific formatting constraint in Step 45, where it was explicitly instructed to include three specific sections ('Task outcome (short version)', 'Task outcome (extremely detailed version)', and 'Additional context') within the `final_answer` tool itself, rather than just providing the answer. The agent only provided the answer in the final step, missing the required structured output format. [model=Qwen/Qwen3.5-2B]",22370.29,False,,1,b69bcf49516121f03e5809cbd776c21f|instruction_following|agent|1,,,original
Qwen/Qwen3.5-2B,b69bcf49516121f03e5809cbd776c21f,instruction_following,agent,0.25,"The agent failed to follow the instruction to use the 'inspect_file_as_text' tool to read the file directly, instead repeatedly attempting to search for the file via web search and making multiple failed HTTP 404 errors. The agent also failed to provide the required 'final_answer' structure with the three specific sections (Task outcome short, Task outcome detailed, Additional context) as requested in the task description, instead providing a partial list of facts. The plan was not written as a single step but as a series of steps, and the final answer was not generated. [model=Qwen/Qwen3.5-2B]",31472.66,False,,2,b69bcf49516121f03e5809cbd776c21f|instruction_following|agent|2,"Invalid judge JSON; saved raw output instead. 1 validation error for JudgeOutput
  Invalid JSON: EOF while parsing an object at line 3 column 15 [type=json_invalid, input_value='{\n  ""explanation"": ""The...ted."",\n  ""score"": 0.55', input_type=str]
    For further information visit https://errors.pydantic.dev/2.13/v/json_invalid",,rerun
Qwen/Qwen3.5-2B,b69bcf49516121f03e5809cbd776c21f,instruction_following,agent,0.5,"The agent successfully followed the core instruction to provide a structured plan based on the available tools and facts. However, the agent failed to strictly adhere to the formatting requirement for the final answer, as it did not include the required 'Task outcome' sections (short and extremely detailed) or the 'Additional context' section within the final output. Additionally, the agent failed to execute the final step of the plan, which was to write the final answer using the 'final_answer' tool, instead stopping after the plan generation. [model=Qwen/Qwen3.5-2B]",13538.41,False,,3,b69bcf49516121f03e5809cbd776c21f|instruction_following|agent|3,,,original
Qwen/Qwen3.5-2B,b69bcf49516121f03e5809cbd776c21f,reasoning_quality,agent,0.0,"The agent failed to execute the goal because it did not generate any output, resulting in a complete lack of reasoning steps. Consequently, the evaluation cannot assess the quality of the reasoning chain, leading to an incoherent response. [model=Qwen/Qwen3.5-2B]",5144.58,False,,0,b69bcf49516121f03e5809cbd776c21f|reasoning_quality|agent|0,,,original
Qwen/Qwen3.5-2B,b69bcf49516121f03e5809cbd776c21f,reasoning_quality,agent,0.55,"The agent demonstrates a logical progression of thought, starting with a broad search strategy, followed by specific queries, and then attempting to access specific files. However, the reasoning is flawed because the agent fails to recognize that the search results do not contain the specific data needed to identify the record-train and its arrival time. The agent attempts to access a file that does not exist (404 error), and the final conclusion is that no verifiable source was found, which is a valid outcome given the lack of public data, but the reasoning process is somewhat disjointed and fails to fully synthesize why the data is missing despite the existence of the search results. [model=Qwen/Qwen3.5-2B]",37387.25,False,,1,b69bcf49516121f03e5809cbd776c21f|reasoning_quality|agent|1,,,original
Qwen/Qwen3.5-2B,b69bcf49516121f03e5809cbd776c21f,reasoning_quality,agent,1.0,"The agent demonstrates strong logical reasoning by systematically identifying the need for specific data (Step 1), recognizing the limitations of general searches (Step 2), and then methodically exploring the official Tri-Rail website and archived documents (Steps 12-14, 16-19). The agent correctly identifies that direct file access failed (Step 30), prompting a strategic shift to a more specific search query (Step 33) and a refined understanding of the data structure (Step 37). The final plan (Step 39) is well-structured, acknowledging the current state of knowledge and remaining steps, ensuring a logical path to the goal. [model=Qwen/Qwen3.5-2B]",15469.23,False,,2,b69bcf49516121f03e5809cbd776c21f|reasoning_quality|agent|2,,,original
Qwen/Qwen3.5-2B,b69bcf49516121f03e5809cbd776c21f,reasoning_quality,agent,0.75,"The agent demonstrates strong logical reasoning by systematically evaluating the task requirements, recognizing the initial search failure, and then refining its strategy to inspect existing sources (CBS12 article and Tri-Rail files) before attempting new searches. It correctly identifies the need to verify the existence of the record data and the availability of schedules, leading to a coherent plan that prioritizes direct source inspection over redundant searches. [model=Qwen/Qwen3.5-2B]",11562.95,False,,3,b69bcf49516121f03e5809cbd776c21f|reasoning_quality|agent|3,,,original
Qwen/Qwen3.5-2B,b7f8fcd484777f9d330f24a2ff30dd25,helpfulness,trace,0.25,"The agent failed to provide a correct translation because it did not perform the necessary linguistic analysis to determine the correct word order and grammatical structure for the sentence 'I like apples' in Tizin. It simply guessed the word order based on a partial understanding of the rules, ignoring the specific instruction that the Verb must come first and the correct case forms for the subject and object. [model=Qwen/Qwen3.5-2B]",6743.49,False,,0,b7f8fcd484777f9d330f24a2ff30dd25|helpfulness|trace|0,,,original
Qwen/Qwen3.5-2B,b7f8fcd484777f9d330f24a2ff30dd25,accuracy,trace,0.5,"The response correctly identifies the grammatical structure of Tizin (Verb-Object-Subject) and correctly derives the translation 'Maktay Zapple Pa' based on the provided rules. However, the explanation is extremely brief and fails to explicitly list the specific facts given in the task or the sources for the linguistic data, which violates the required structure. [model=Qwen/Qwen3.5-2B]",6132.32,False,,0,b7f8fcd484777f9d330f24a2ff30dd25|accuracy|trace|0,"Invalid judge JSON; saved raw output instead. 1 validation error for JudgeOutput
  Invalid JSON: EOF while parsing a string at line 2 column 695 [type=json_invalid, input_value='{\n  ""explanation"": ""The...al answer is incomplete', input_type=str]
    For further information visit https://errors.pydantic.dev/2.13/v/json_invalid",,rerun
Qwen/Qwen3.5-2B,b7f8fcd484777f9d330f24a2ff30dd25,groundedness,trace,0.0,"The agent's response contains a specific factual claim ('Maktay Zapple Pa') that is not supported by the provided evidence, as the evidence only lists the root verb 'Maktay' and the word 'Apple' without the specific grammatical construction or verb form required to derive the correct Tizin sentence structure. The evidence does not support the claim that the correct answer is 'Maktay Zapple Pa' because the provided text does not contain the necessary grammatical rules to construct the sentence 'I like apples' in Tizin. [model=Qwen/Qwen3.5-2B]",8207.41,False,,0,b7f8fcd484777f9d330f24a2ff30dd25|groundedness|trace|0,,,original
Qwen/Qwen3.5-2B,b7f8fcd484777f9d330f24a2ff30dd25,instruction_following,agent,0.0,"The agent failed to provide any response or execution steps, resulting in a score of 0.0 as no instructions were followed. [model=Qwen/Qwen3.5-2B]",3401.55,False,,0,b7f8fcd484777f9d330f24a2ff30dd25|instruction_following|agent|0,,,original
Qwen/Qwen3.5-2B,b7f8fcd484777f9d330f24a2ff30dd25,instruction_following,agent,0.5,"The agent successfully identified the task requirements, including the Tizin sentence structure (Verb-Object-Subject) and the specific vocabulary for 'like' and 'apples'. However, the agent failed to actually execute the translation by not providing the final answer in the required format. It stopped after deriving the components of the sentence but did not call the `final_answer` tool to output the result 'Maktay Zapple Pa' as requested. [model=Qwen/Qwen3.5-2B]",7864.11,False,,1,b7f8fcd484777f9d330f24a2ff30dd25|instruction_following|agent|1,,,original
Qwen/Qwen3.5-2B,b7f8fcd484777f9d330f24a2ff30dd25,reasoning_quality,agent,0.0,"The agent failed to execute the goal because it did not generate any output, resulting in a complete lack of reasoning steps. Consequently, the evaluation cannot assess the quality of the reasoning chain, leading to an incoherent response. [model=Qwen/Qwen3.5-2B]",4925.07,False,,0,b7f8fcd484777f9d330f24a2ff30dd25|reasoning_quality|agent|0,,,original
Qwen/Qwen3.5-2B,b7f8fcd484777f9d330f24a2ff30dd25,reasoning_quality,agent,0.25,"The agent correctly identifies the task requirements and the necessary vocabulary from the provided text. However, the execution steps are incomplete and cut off mid-sentence in Step 2, lacking the actual translation logic. The final step attempts to use a tool that returned no results, failing to produce the required output. [model=Qwen/Qwen3.5-2B]",6185.38,False,,1,b7f8fcd484777f9d330f24a2ff30dd25|reasoning_quality|agent|1,,,original
Qwen/Qwen3.5-2B,b810534e7915119254ea6977a72493ae,helpfulness,trace,0.0,"The response provides a specific numerical answer (4) without any reasoning, verification steps, or explanation of how the calculation was performed, failing to address the user's request for a comprehensive preparatory survey or the actual computation. [model=Qwen/Qwen3.5-2B]",4880.15,False,,0,b810534e7915119254ea6977a72493ae|helpfulness|trace|0,,,original
Qwen/Qwen3.5-2B,b810534e7915119254ea6977a72493ae,accuracy,trace,0.0,"The response provides a specific numerical answer (4) without any derivation or verification steps, which is insufficient for a task requiring a 'comprehensive preparatory survey' and 'verification steps'. The Tropicos ID for the Order Helotiales is not a standard ISBN-10 format, and the calculation of a check digit for such a non-standard identifier is not a standard procedure that yields a definitive integer like 4 without further context. [model=Qwen/Qwen3.5-2B]",7041.68,False,,0,b810534e7915119254ea6977a72493ae|accuracy|trace|0,,,original
Qwen/Qwen3.5-2B,b810534e7915119254ea6977a72493ae,groundedness,trace,0.0,"The provided evidence contains no results for the 'final_answer' tool, and there is no information regarding the calculation of check digits for the Order Helotiales or ISBN-10 standards. Consequently, the response's claim of providing a correct answer is entirely unsupported by the available evidence. [model=Qwen/Qwen3.5-2B]",5304.08,False,,0,b810534e7915119254ea6977a72493ae|groundedness|trace|0,,,original
Qwen/Qwen3.5-2B,b810534e7915119254ea6977a72493ae,instruction_following,agent,0.0,"The agent failed to provide any response or execution steps, resulting in a score of 0.0 as no instructions were followed. [model=Qwen/Qwen3.5-2B]",3460.84,False,,0,b810534e7915119254ea6977a72493ae|instruction_following|agent|0,,,original
Qwen/Qwen3.5-2B,b810534e7915119254ea6977a72493ae,instruction_following,agent,0.5,"The agent successfully identified the need to find the Tropicos ID for the Order Helotiales, performed the necessary search, and executed the Python code to compute the check digit using the ISBN-10 algorithm. However, the final answer returned was 'None', which contradicts the task's premise that the answer exists and the agent's own observation that the ID was found. This indicates a failure in the final answer generation step despite the correct logic and tool usage. [model=Qwen/Qwen3.5-2B]",9243.4,False,,1,b810534e7915119254ea6977a72493ae|instruction_following|agent|1,,,original
Qwen/Qwen3.5-2B,b810534e7915119254ea6977a72493ae,reasoning_quality,agent,0.0,"The agent failed to execute the goal because it did not generate any output, resulting in a complete lack of reasoning steps. Consequently, the evaluation cannot assess the quality of the reasoning chain, leading to an incoherent response. [model=Qwen/Qwen3.5-2B]",4822.97,False,,0,b810534e7915119254ea6977a72493ae|reasoning_quality|agent|0,,,original
Qwen/Qwen3.5-2B,b810534e7915119254ea6977a72493ae,reasoning_quality,agent,1.0,"The agent successfully identified the need to locate the Tropicos ID, selected the appropriate tool to execute the calculation, and logically followed the ISBN-10 algorithm to derive the check digit. The execution steps are coherent, purposeful, and directly address the task requirements. [model=Qwen/Qwen3.5-2B]",5592.19,False,,1,b810534e7915119254ea6977a72493ae|reasoning_quality|agent|1,,,original
Qwen/Qwen3.5-2B,b93b2145c5e2022c56bc2a50d5e94d8a,helpfulness,trace,0.0,"The agent failed to provide any useful content because it did not attempt to solve the problem or identify the necessary data sources, instead immediately stating it cannot answer. It did not perform any verification steps or search for the specific information requested. [model=Qwen/Qwen3.5-2B]",4775.69,False,,0,b93b2145c5e2022c56bc2a50d5e94d8a|helpfulness|trace|0,,,original
Qwen/Qwen3.5-2B,b93b2145c5e2022c56bc2a50d5e94d8a,accuracy,trace,0.0,"The response fails because it cannot answer the question as it lacks access to ScienceDirect or the ability to browse live databases. The prompt explicitly states the agent has access to all relevant tools, yet the response claims it is 'Unable to determine', which contradicts the premise that the answer exists and the agent can find it. This is a direct contradiction to the task's instruction to provide the correct answer. [model=Qwen/Qwen3.5-2B]",6484.12,False,,0,b93b2145c5e2022c56bc2a50d5e94d8a|accuracy|trace|0,,,original
Qwen/Qwen3.5-2B,b93b2145c5e2022c56bc2a50d5e94d8a,groundedness,trace,0.0,"The agent failed to provide a correct answer as requested, stating 'Unable to determine' without attempting to utilize the available search results or derive the necessary data. The provided evidence consists of search results that do not contain the specific numerical data or the exact comparison required to answer the question about the difference in sample standard deviations between the two domains. [model=Qwen/Qwen3.5-2B]",5933.76,False,,0,b93b2145c5e2022c56bc2a50d5e94d8a|groundedness|trace|0,,,original
Qwen/Qwen3.5-2B,b93b2145c5e2022c56bc2a50d5e94d8a,instruction_following,agent,0.0,"The agent failed to provide any response or execution steps, resulting in a score of 0.0 as no instructions were followed. [model=Qwen/Qwen3.5-2B]",3397.49,False,,0,b93b2145c5e2022c56bc2a50d5e94d8a|instruction_following|agent|0,,,original
Qwen/Qwen3.5-2B,b93b2145c5e2022c56bc2a50d5e94d8a,instruction_following,agent,0.55,"The agent successfully followed the instruction to provide a step-by-step high-level plan before attempting to solve the task. It correctly identified the need to search for a specific ScienceDirect report from 2022. However, the agent failed to follow the explicit instruction in Step 29 to 'provide these headings' (Facts given, Facts learned, Facts still to look up, Facts still to derive) in the final response before attempting to solve the task. It also failed to provide the required 'final_answer' tool call with the specific required sections (Task outcome short, Task outcome detailed, Additional context) as mandated by the system prompt instructions for the final answer format. [model=Qwen/Qwen3.5-2B]",13716.95,False,,1,b93b2145c5e2022c56bc2a50d5e94d8a|instruction_following|agent|1,,,original
Qwen/Qwen3.5-2B,b93b2145c5e2022c56bc2a50d5e94d8a,instruction_following,agent,0.5,"The agent successfully followed the instruction to provide a high-level plan before attempting to execute the task. However, the agent failed to follow the specific formatting constraint for the final answer, which requires the 'final_answer' tool to be used to contain the three required sections (Task outcome short, Task outcome detailed, Additional context). The agent only used the 'web_search' tool to find information but did not use the 'final_answer' tool to structure the response as requested. [model=Qwen/Qwen3.5-2B]",9091.33,False,,2,b93b2145c5e2022c56bc2a50d5e94d8a|instruction_following|agent|2,,,original
Qwen/Qwen3.5-2B,b93b2145c5e2022c56bc2a50d5e94d8a,reasoning_quality,agent,0.0,"The agent failed to execute the goal because it did not generate any output, resulting in a complete lack of reasoning steps. Consequently, the evaluation cannot assess the quality of the reasoning chain, leading to an incoherent response. [model=Qwen/Qwen3.5-2B]",4853.41,False,,0,b93b2145c5e2022c56bc2a50d5e94d8a|reasoning_quality|agent|0,,,original
Qwen/Qwen3.5-2B,b93b2145c5e2022c56bc2a50d5e94d8a,reasoning_quality,agent,0.75,"The agent's reasoning is logically sound and purposeful throughout. It correctly identifies the need to locate a specific 2022 ScienceDirect report, acknowledges the lack of a perfect match after extensive searching, and provides a detailed summary of findings and limitations. The steps are well-structured, and the final conclusion is supported by the evidence gathered. [model=Qwen/Qwen3.5-2B]",9353.41,False,,1,b93b2145c5e2022c56bc2a50d5e94d8a|reasoning_quality|agent|1,,,original
Qwen/Qwen3.5-2B,b93b2145c5e2022c56bc2a50d5e94d8a,reasoning_quality,agent,0.75,"The agent demonstrates strong logical reasoning by systematically identifying the need for a specific 2022 ScienceDirect report, recognizing the failure of previous searches to find the exact dataset, and correctly pivoting to inspect a relevant PDF file (CCL Review) to gather necessary context and verify the existence of the data structure. This approach directly addresses the task's requirement to find a report and understand its structure before attempting extraction. [model=Qwen/Qwen3.5-2B]",8231.96,False,,2,b93b2145c5e2022c56bc2a50d5e94d8a|reasoning_quality|agent|2,,,original
Qwen/Qwen3.5-2B,bc9c8f8dc13a51d0cd6762bd325ab17e,helpfulness,trace,0.0,"The agent completely failed to answer the question, instead providing a nonsensical string of numbers ('five hundred Things to Eat Before It's Too Late') that has no relation to the query about James Beard Award winners and Ali Khan's restaurant. It does not provide any actionable information or reasoning to solve the problem. [model=Qwen/Qwen3.5-2B]",5624.64,False,,0,bc9c8f8dc13a51d0cd6762bd325ab17e|helpfulness|trace|0,,,original
Qwen/Qwen3.5-2B,bc9c8f8dc13a51d0cd6762bd325ab17e,accuracy,trace,0.0,"The response provides a completely fabricated answer ('five hundred Things to Eat Before It's Too Late') that has no relation to the actual question about the James Beard Award-winning restaurant and the book title. The response fails to identify the specific book or show, and the provided answer is demonstrably incorrect. [model=Qwen/Qwen3.5-2B]",5872.63,False,,0,bc9c8f8dc13a51d0cd6762bd325ab17e|accuracy|trace|0,,,original
Qwen/Qwen3.5-2B,bc9c8f8dc13a51d0cd6762bd325ab17e,groundedness,trace,0.0,"The response provides a specific title ('five hundred Things to Eat Before It's Too Late') but offers no evidence from the provided search results or tool outputs to support this claim, as the search results only show generic titles and unrelated restaurant names. [model=Qwen/Qwen3.5-2B]",4959.77,False,,0,bc9c8f8dc13a51d0cd6762bd325ab17e|groundedness|trace|0,,,original
Qwen/Qwen3.5-2B,bc9c8f8dc13a51d0cd6762bd325ab17e,instruction_following,agent,0.0,"The agent failed to provide any response or execution steps, resulting in a score of 0.0 as no instructions were followed. [model=Qwen/Qwen3.5-2B]",3396.35,False,,0,bc9c8f8dc13a51d0cd6762bd325ab17e|instruction_following|agent|0,,,original
Qwen/Qwen3.5-2B,bc9c8f8dc13a51d0cd6762bd325ab17e,instruction_following,agent,0.55,"The agent successfully followed the core instruction to provide a step-by-step plan and a final answer using the specified format. However, the agent failed to strictly adhere to the instruction to 'only write the high-level plan' in Step 23, instead generating a detailed investigation report. Furthermore, the agent failed to follow the instruction to 'not provide a one-line answer' in Step 24, as the final answer was provided in Step 37. The agent also failed to follow the instruction to 'not give up' in Step 36, as it gave up on the task after multiple failed tool calls and did not re-attempt with a corrected query. [model=Qwen/Qwen3.5-2B]",16611.29,False,,1,bc9c8f8dc13a51d0cd6762bd325ab17e|instruction_following|agent|1,"Invalid judge JSON; saved raw output instead. 1 validation error for JudgeOutput
  Invalid JSON: EOF while parsing an object at line 3 column 15 [type=json_invalid, input_value='{\n  ""explanation"": ""The...wed."",\n  ""score"": 0.55', input_type=str]
    For further information visit https://errors.pydantic.dev/2.13/v/json_invalid",,rerun
Qwen/Qwen3.5-2B,bc9c8f8dc13a51d0cd6762bd325ab17e,instruction_following,agent,0.55,"The agent successfully followed the core instruction to provide a structured response with three specific sections (Task outcome, detailed context, additional context) as required by the final_answer format. However, the agent failed to follow the explicit instruction to 'not provide a one-line answer' and instead provided a single-line summary in the first step. Additionally, the agent failed to follow the instruction to 'write your plan below' after the initial task description, instead jumping straight to tool calls. The plan was only written in Step 27, which is late in the sequence. [model=Qwen/Qwen3.5-2B]",11977.26,False,,2,bc9c8f8dc13a51d0cd6762bd325ab17e|instruction_following|agent|2,"Invalid judge JSON; saved raw output instead. 1 validation error for JudgeOutput
  Invalid JSON: EOF while parsing an object at line 3 column 15 [type=json_invalid, input_value='{\n  ""explanation"": ""The...ten."",\n  ""score"": 0.55', input_type=str]
    For further information visit https://errors.pydantic.dev/2.13/v/json_invalid",,rerun
Qwen/Qwen3.5-2B,bc9c8f8dc13a51d0cd6762bd325ab17e,reasoning_quality,agent,0.0,"The agent failed to execute the goal because it did not generate any output, resulting in a complete lack of reasoning steps. Consequently, the evaluation cannot assess the quality of the reasoning chain, leading to an incoherent response. [model=Qwen/Qwen3.5-2B]",4758.28,False,,0,bc9c8f8dc13a51d0cd6762bd325ab17e|reasoning_quality|agent|0,,,original
Qwen/Qwen3.5-2B,bc9c8f8dc13a51d0cd6762bd325ab17e,reasoning_quality,agent,0.75,"The agent demonstrates strong logical reasoning by systematically breaking down the task into a preparatory survey, identifying necessary facts, and then executing a targeted web search to gather evidence. It correctly identifies the need to verify the specific details about the restaurant and the New Mexican staple, and it iterates through search attempts to refine its query based on errors, showing adaptability. However, the final step involves a failed search attempt that does not yield the required information, which is a logical gap in the execution plan as the agent should have utilized the gathered facts to construct the answer rather than failing to search again. [model=Qwen/Qwen3.5-2B]",14807.7,False,,1,bc9c8f8dc13a51d0cd6762bd325ab17e|reasoning_quality|agent|1,,,original
Qwen/Qwen3.5-2B,bc9c8f8dc13a51d0cd6762bd325ab17e,reasoning_quality,agent,0.75,"The agent demonstrates strong logical reasoning by systematically narrowing down the search strategy. It correctly identifies the need to verify specific details (restaurant, episode, staple) and acknowledges the failure of the initial broad search, leading to a more targeted query. The agent then successfully refines the search to find the specific book title and confirms the involvement of the James Beard Award winners and Ali Khan, effectively following the plan to gather facts and derive the final answer. [model=Qwen/Qwen3.5-2B]",10326.77,False,,2,bc9c8f8dc13a51d0cd6762bd325ab17e|reasoning_quality|agent|2,,,original
Qwen/Qwen3.5-2B,bcaad76af172d10d2c7e4c257bf20d27,helpfulness,trace,0.0,"The agent failed completely because it provided a nonsensical answer ('233') without any reasoning, verification steps, or acknowledgment of the specific scientific constraints (like the boiling point of Freon-12 or the depth of the trench). It did not help the user at all. [model=Qwen/Qwen3.5-2B]",5531.73,False,,0,bcaad76af172d10d2c7e4c257bf20d27|helpfulness|trace|0,,,original
Qwen/Qwen3.5-2B,bcaad76af172d10d2c7e4c257bf20d27,accuracy,trace,0.0,"The response provides a specific numerical answer without any reasoning or verification steps, which is insufficient for a complex thermodynamic problem involving phase changes and density variations. The answer is likely incorrect because the volume of a gas is not constant at the bottom of the Marianas Trench; it would be much larger due to the high pressure and temperature, and the specific calculation requires detailed thermodynamic data not provided in the prompt. [model=Qwen/Qwen3.5-2B]",6500.46,False,,0,bcaad76af172d10d2c7e4c257bf20d27|accuracy|trace|0,,,original
Qwen/Qwen3.5-2B,bcaad76af172d10d2c7e4c257bf20d27,groundedness,trace,0.0,"The provided evidence contains no data regarding the volume of Freon-12, the temperature of the Marianas Trench, or any physical properties of the refrigerant, making all claims in the response unsupported or contradictory to the available evidence. [model=Qwen/Qwen3.5-2B]",4948.24,False,,0,bcaad76af172d10d2c7e4c257bf20d27|groundedness|trace|0,,,original
Qwen/Qwen3.5-2B,bcaad76af172d10d2c7e4c257bf20d27,instruction_following,agent,0.0,"The agent failed to provide any response or execution steps, resulting in a score of 0.0 as no instructions were followed. [model=Qwen/Qwen3.5-2B]",3956.75,False,,0,bcaad76af172d10d2c7e4c257bf20d27|instruction_following|agent|0,,,original
Qwen/Qwen3.5-2B,bcaad76af172d10d2c7e4c257bf20d27,instruction_following,agent,0.25,"The agent failed to follow the core instruction to use the provided tools (visualizer, inspect_file_as_text, final_answer) to solve the problem. Instead, it performed a web search to find facts about the Marianas Trench and Freon-12, then manually calculated a volume (233 mL) without ever calling the `visualizer` tool to check the image or the `inspect_file_as_text` tool to read the file. It also ignored the specific formatting requirements for the plan and the final answer. [model=Qwen/Qwen3.5-2B]",8879.66,False,,1,bcaad76af172d10d2c7e4c257bf20d27|instruction_following|agent|1,,,original
Qwen/Qwen3.5-2B,bcaad76af172d10d2c7e4c257bf20d27,reasoning_quality,agent,0.0,"The agent failed to execute the goal because it did not generate any output, resulting in a complete lack of reasoning steps. Consequently, the evaluation cannot assess the quality of the reasoning chain, leading to an incoherent response. [model=Qwen/Qwen3.5-2B]",4661.15,False,,0,bcaad76af172d10d2c7e4c257bf20d27|reasoning_quality|agent|0,,,original
Qwen/Qwen3.5-2B,bcaad76af172d10d2c7e4c257bf20d27,reasoning_quality,agent,0.25,"The agent correctly identifies the need to gather specific thermophysical properties and environmental data for the calculation. However, the execution steps are incomplete and lack the necessary data gathering or tool usage to actually perform the calculation, leading to a failure in finding the answer. [model=Qwen/Qwen3.5-2B]",5210.51,False,,1,bcaad76af172d10d2c7e4c257bf20d27|reasoning_quality|agent|1,,,original
Qwen/Qwen3.5-2B,c60ad8608dd94271a6c6805eedfa26a8,helpfulness,trace,0.0,"The agent failed to answer the question by providing a completely fabricated name ('Jerome Wiesner') that does not exist in the referenced video or historical records, and it did not attempt to verify the claim or search for the actual information. [model=Qwen/Qwen3.5-2B]",5067.34,False,,0,c60ad8608dd94271a6c6805eedfa26a8|helpfulness|trace|0,,,original
Qwen/Qwen3.5-2B,c60ad8608dd94271a6c6805eedfa26a8,accuracy,trace,1.0,"The response correctly identifies the scientist as Jerome Wiesner, who was indeed a prominent AI researcher in the 1960s featured in the 'Thinking Machines' video. The answer format is followed, and the reasoning is sound. [model=Qwen/Qwen3.5-2B]",4716.45,False,,0,c60ad8608dd94271a6c6805eedfa26a8|accuracy|trace|0,,,original
Qwen/Qwen3.5-2B,c60ad8608dd94271a6c6805eedfa26a8,groundedness,trace,0.25,"The response cites a specific video title and a search result that matches the query, but fails to provide the specific name of the scientist mentioned in the video transcript, nor does it cite the actual transcript or video content to verify the claim. The evidence is insufficient to confirm the factual accuracy of the answer. [model=Qwen/Qwen3.5-2B]",5567.39,False,,0,c60ad8608dd94271a6c6805eedfa26a8|groundedness|trace|0,,,original
Qwen/Qwen3.5-2B,c60ad8608dd94271a6c6805eedfa26a8,instruction_following,agent,0.0,"The agent failed to provide any response or execution steps, resulting in a score of 0.0 as no instructions were followed. [model=Qwen/Qwen3.5-2B]",3534.75,False,,0,c60ad8608dd94271a6c6805eedfa26a8|instruction_following|agent|0,,,original
Qwen/Qwen3.5-2B,c60ad8608dd94271a6c6805eedfa26a8,instruction_following,agent,0.55,"The agent successfully followed the core instruction to provide a step-by-step plan and a final answer in the specified format. However, the agent failed to strictly adhere to the system prompt's constraint to use only the provided tool list (visualizer, inspect_file_as_text, final_answer, and search_agent) and instead attempted to use a non-existent 'page_down' tool, which caused errors. It also failed to fully utilize the 'team member' (search_agent) instructions by not explicitly invoking the team member for the search task as required by the system prompt's specific rules for using team members. [model=Qwen/Qwen3.5-2B]",18653.97,False,,1,c60ad8608dd94271a6c6805eedfa26a8|instruction_following|agent|1,,,original
Qwen/Qwen3.5-2B,c60ad8608dd94271a6c6805eedfa26a8,instruction_following,agent,0.5,"The agent successfully followed the core instruction to provide a structured plan and then execute a plan to find the scientist who predicted thinking machines. However, the agent failed to follow the specific formatting constraint for the final answer, which requires the output to be placed inside a `final_answer` tool call with specific sections (Task outcome, Additional context, etc.). The agent only provided the plan and then stopped, failing to generate the required `final_answer` tool call as the final step. [model=Qwen/Qwen3.5-2B]",13009.7,False,,2,c60ad8608dd94271a6c6805eedfa26a8|instruction_following|agent|2,,,original
Qwen/Qwen3.5-2B,c60ad8608dd94271a6c6805eedfa26a8,reasoning_quality,agent,0.0,"The agent failed to execute the goal because it did not generate any output, resulting in a complete lack of reasoning steps. Consequently, the evaluation cannot assess the quality of the reasoning chain, leading to an incoherent response. [model=Qwen/Qwen3.5-2B]",4569.96,False,,0,c60ad8608dd94271a6c6805eedfa26a8|reasoning_quality|agent|0,,,original
Qwen/Qwen3.5-2B,c60ad8608dd94271a6c6805eedfa26a8,reasoning_quality,agent,0.75,"The agent demonstrates strong logical reasoning by systematically evaluating the task requirements, identifying the need for specific search queries, and selecting appropriate tools (web_search, visit_page) to gather evidence. It correctly identifies the target scientist (Jerome Wiesner) through multiple search results and external references, while acknowledging the limitations of the initial page inspection attempts. The plan remains focused on the goal throughout, avoiding unnecessary detours. [model=Qwen/Qwen3.5-2B]",14576.6,False,,1,c60ad8608dd94271a6c6805eedfa26a8|reasoning_quality|agent|1,,,original
Qwen/Qwen3.5-2B,c60ad8608dd94271a6c6805eedfa26a8,reasoning_quality,agent,0.55,"The agent demonstrates strong logical reasoning by systematically evaluating the task requirements, identifying the need for specific sources (transcripts, historical records), and selecting appropriate tools (web_search, visit_page) to gather evidence. It correctly identifies the key search terms ('predicted', 'sooner') and iterates through potential sources (YouTube, MIT, academic sites) to find relevant content. However, the agent fails to successfully extract the specific prediction from the video transcript due to errors in using the 'page_down' tool and an inability to find the exact keyword 'predicted' on the target page, which prevents deriving the final answer. The reasoning is sound but the execution is flawed. [model=Qwen/Qwen3.5-2B]",15077.44,False,,2,c60ad8608dd94271a6c6805eedfa26a8|reasoning_quality|agent|2,,,original
Qwen/Qwen3.5-2B,cac8b6b2d84841d9a5177e399f0595b4,helpfulness,trace,0.0,"The agent failed to provide the actual answer, instead offering a definitive number (2150) without any evidence of verification or data sources, which violates the instruction to find the correct answer through tools and verification. [model=Qwen/Qwen3.5-2B]",4837.05,False,,0,cac8b6b2d84841d9a5177e399f0595b4|helpfulness|trace|0,,,original
Qwen/Qwen3.5-2B,cac8b6b2d84841d9a5177e399f0595b4,accuracy,trace,0.0,"The response provides a specific number (2150) without any citation or verification method, which is a critical failure given the high stakes mentioned in the prompt. There is no evidence that this figure is correct, and the response fails to acknowledge the impossibility of verifying such a specific historical count without external data sources. [model=Qwen/Qwen3.5-2B]",5435.07,False,,0,cac8b6b2d84841d9a5177e399f0595b4|accuracy|trace|0,,,original
Qwen/Qwen3.5-2B,cac8b6b2d84841d9a5177e399f0595b4,groundedness,trace,0.0,"The provided evidence consists of a single search result snippet which does not contain the specific number of edits requested. The snippet mentions a Wikipedia page but does not list the total count of edits, nor does it provide a method to calculate or retrieve this specific metric. Consequently, the factual claim of the exact number is unsupported by the available evidence. [model=Qwen/Qwen3.5-2B]",5771.8,False,,0,cac8b6b2d84841d9a5177e399f0595b4|groundedness|trace|0,,,original
Qwen/Qwen3.5-2B,cac8b6b2d84841d9a5177e399f0595b4,instruction_following,agent,0.0,"The agent failed to provide any response or execution steps, resulting in a score of 0.0 as no instructions were followed. [model=Qwen/Qwen3.5-2B]",3429.32,False,,0,cac8b6b2d84841d9a5177e399f0595b4|instruction_following|agent|0,,,original
Qwen/Qwen3.5-2B,cac8b6b2d84841d9a5177e399f0595b4,instruction_following,agent,0.55,"The agent successfully followed the core instruction to provide a final answer using the `final_answer` tool, which was the primary success criterion. However, the agent failed to strictly adhere to the formatting constraint in Step 22, where it was explicitly instructed to include three specific sections (`Task outcome (short version)`, `Task outcome (extremely detailed version)`, and `Additional context`) within the `final_answer` tool itself. The agent instead provided a detailed summary of its work in the final output, which violates the specific formatting rule for the final answer structure. [model=Qwen/Qwen3.5-2B]",13053.59,False,,1,cac8b6b2d84841d9a5177e399f0595b4|instruction_following|agent|1,"Invalid judge JSON; saved raw output instead. 1 validation error for JudgeOutput
  Invalid JSON: EOF while parsing a string at line 2 column 788 [type=json_invalid, input_value='{\n  ""explanation"": ""The... relying instead on web', input_type=str]
    For further information visit https://errors.pydantic.dev/2.13/v/json_invalid",,rerun
Qwen/Qwen3.5-2B,cac8b6b2d84841d9a5177e399f0595b4,instruction_following,agent,0.55,"The agent successfully followed the primary instruction to provide a structured response with three specific parts (Task outcome short, detailed, and context) within the final_answer tool. However, the agent failed to strictly adhere to the formatting constraint in Step 14, where it was explicitly instructed to update its list of facts based on the previous history and provide the headings 'Facts given in the task', 'Facts that we have learned', 'Facts still to look up', and 'Facts still to derive'. The agent skipped this specific formatting requirement and instead provided a new list of facts without the required headings, violating the explicit instruction to 'provide these headings' in Step 14. [model=Qwen/Qwen3.5-2B]",11216.27,False,,2,cac8b6b2d84841d9a5177e399f0595b4|instruction_following|agent|2,,,original
Qwen/Qwen3.5-2B,cac8b6b2d84841d9a5177e399f0595b4,reasoning_quality,agent,0.0,"The agent failed to execute the goal because it did not generate any output, resulting in a complete lack of reasoning steps. Consequently, the evaluation cannot assess the quality of the reasoning chain, leading to an incoherent response. [model=Qwen/Qwen3.5-2B]",4598.81,False,,0,cac8b6b2d84841d9a5177e399f0595b4|reasoning_quality|agent|0,,,original
Qwen/Qwen3.5-2B,cac8b6b2d84841d9a5177e399f0595b4,reasoning_quality,agent,0.75,"The agent demonstrates strong logical reasoning by systematically identifying the need to access the official Wikipedia revision history, recognizing the pagination structure (43 pages), and selecting appropriate tools (web_search and visit_page) to gather the necessary data. It correctly identifies that the search results did not provide a direct count, necessitating a direct data retrieval method. The final step of visiting the revision history page to extract the data is logically sound and directly addresses the task requirement for accurate verification. [model=Qwen/Qwen3.5-2B]",10407.73,False,,1,cac8b6b2d84841d9a5177e399f0595b4|reasoning_quality|agent|1,,,original
Qwen/Qwen3.5-2B,cac8b6b2d84841d9a5177e399f0595b4,reasoning_quality,agent,1.0,"The agent demonstrates strong logical reasoning by systematically identifying the need to access the official Wikipedia revision history, recognizing the pagination structure (43 pages), and selecting appropriate tools (visit_page and web_search) to gather the necessary data. The steps are purposeful and well-reasoned, avoiding illogical jumps while ensuring all required components for the final answer are derived. [model=Qwen/Qwen3.5-2B]",7346.53,False,,2,cac8b6b2d84841d9a5177e399f0595b4|reasoning_quality|agent|2,,,original
Qwen/Qwen3.5-2B,cbefff615c15f4de61bd0ffd1ce97d2e,helpfulness,trace,0.0,"The response provides a specific numerical answer (563.9) without first identifying the necessary variables or constraints, which is a critical failure for a math problem involving multiple variables and specific definitions. [model=Qwen/Qwen3.5-2B]",4818.22,False,,0,cbefff615c15f4de61bd0ffd1ce97d2e|helpfulness|trace|0,,,original
Qwen/Qwen3.5-2B,cbefff615c15f4de61bd0ffd1ce97d2e,accuracy,trace,0.0,"The response provides a specific numerical value (563.9) without showing the derivation steps or the source data used to calculate it. The task requires finding specific values for dates, colors, and a specific height measurement, but the response fails to list or reference the necessary facts or sources, making the answer unverifiable and likely incorrect. [model=Qwen/Qwen3.5-2B]",5981.99,False,,0,cbefff615c15f4de61bd0ffd1ce97d2e|accuracy|trace|0,,,original
Qwen/Qwen3.5-2B,cbefff615c15f4de61bd0ffd1ce97d2e,groundedness,trace,0.0,"The provided evidence contains no data regarding the Venezuelan Declaration of Independence, TikTok logo colors, or the height of the average woman in the Philippines, making all claims in the response unsupported. [model=Qwen/Qwen3.5-2B]",4004.91,False,,0,cbefff615c15f4de61bd0ffd1ce97d2e|groundedness|trace|0,,,original
Qwen/Qwen3.5-2B,cbefff615c15f4de61bd0ffd1ce97d2e,instruction_following,agent,0.0,"The agent failed to provide any response or execution steps, resulting in a score of 0.0 as no instructions were followed. [model=Qwen/Qwen3.5-2B]",3843.96,False,,0,cbefff615c15f4de61bd0ffd1ce97d2e|instruction_following|agent|0,,,original
Qwen/Qwen3.5-2B,cbefff615c15f4de61bd0ffd1ce97d2e,instruction_following,agent,0.55,"The agent successfully followed the primary instruction to provide a correct answer by deriving the value of x. However, it failed to strictly adhere to the formatting constraint in Step 1, where it did not include the required 'Facts given in the task', 'Facts to look up', and 'Facts to derive' headings as specified in the user's request for the preparatory survey. Additionally, the final answer was not explicitly returned using the `final_answer` tool as required by the system prompt's instruction to return the final answer at the end. [model=Qwen/Qwen3.5-2B]",9926.83,False,,1,cbefff615c15f4de61bd0ffd1ce97d2e|instruction_following|agent|1,,,original
Qwen/Qwen3.5-2B,cbefff615c15f4de61bd0ffd1ce97d2e,reasoning_quality,agent,0.0,"The agent failed to execute the goal because it did not generate any output, resulting in a complete lack of reasoning steps. Consequently, the evaluation cannot assess the quality of the reasoning chain, leading to an incoherent response. [model=Qwen/Qwen3.5-2B]",4631.1,False,,0,cbefff615c15f4de61bd0ffd1ce97d2e|reasoning_quality|agent|0,,,original
Qwen/Qwen3.5-2B,cbefff615c15f4de61bd0ffd1ce97d2e,reasoning_quality,agent,1.0,"The agent demonstrates strong logical reasoning by correctly identifying the need to derive the derivative, interpret the constant term, and then systematically solving the algebraic equation. It appropriately selects the `python_interpreter` tool to perform the necessary arithmetic and rounding, ensuring the final answer is calculated correctly based on the derived formula. [model=Qwen/Qwen3.5-2B]",5853.54,False,,1,cbefff615c15f4de61bd0ffd1ce97d2e|reasoning_quality|agent|1,,,original
Qwen/Qwen3.5-2B,d277cf50c742ad43ddf128587f59b363,helpfulness,trace,0.0,The agent failed to answer the question by providing a specific name instead of the actual composer of the song referenced in the prompt. The response is nonsensical and does not provide the factual information requested. [model=Qwen/Qwen3.5-2B],4656.4,False,,0,d277cf50c742ad43ddf128587f59b363|helpfulness|trace|0,,,original
Qwen/Qwen3.5-2B,d277cf50c742ad43ddf128587f59b363,accuracy,trace,1.0,"The response correctly identifies the song 'The Rooster and the Hamster' by Roger Miller, which is a well-known track from the album 'The Rooster and the Hamster' (1970). The format matches the requested 'First name Last name' structure. [model=Qwen/Qwen3.5-2B]",5372.36,False,,0,d277cf50c742ad43ddf128587f59b363|accuracy|trace|0,,,original
Qwen/Qwen3.5-2B,d277cf50c742ad43ddf128587f59b363,groundedness,trace,0.0,"The provided evidence contains a YouTube video titled 'Robin Hood Rooster Song' but no information regarding a specific composer, nor does it mention a hamster or a song with different tempos and lyrics. The Wikipedia result for 'The Hampsterdance Song' does not mention a rooster or a composer. Consequently, the agent's answer is unsupported by the available evidence. [model=Qwen/Qwen3.5-2B]",6092.99,False,,0,d277cf50c742ad43ddf128587f59b363|groundedness|trace|0,,,original
Qwen/Qwen3.5-2B,d277cf50c742ad43ddf128587f59b363,instruction_following,agent,0.0,"The agent failed to provide any response or execution steps, resulting in a score of 0.0 as no instructions were followed. [model=Qwen/Qwen3.5-2B]",3370.09,False,,0,d277cf50c742ad43ddf128587f59b363|instruction_following|agent|0,,,original
Qwen/Qwen3.5-2B,d277cf50c742ad43ddf128587f59b363,instruction_following,agent,0.55,"The agent successfully followed the primary instruction to provide a step-by-step plan and a final answer in the specified format. However, the agent failed to strictly adhere to the formatting constraint in Step 21, where it did not include the required 'Facts still to look up' and 'Facts still to derive' sections in the updated list of facts, despite having the necessary information to complete the task. Additionally, the agent did not utilize the 'final_answer' tool as explicitly instructed in the task description, instead relying on the 'search_agent' tool and internal reasoning to produce the answer, which violates the rule to use the final_answer tool for the final output. [model=Qwen/Qwen3.5-2B]",36646.09,False,,1,d277cf50c742ad43ddf128587f59b363|instruction_following|agent|1,"Invalid judge JSON; saved raw output instead. 1 validation error for JudgeOutput
  Invalid JSON: EOF while parsing a string at line 2 column 845 [type=json_invalid, input_value='{\n  ""explanation"": ""The...\' in the final answer,', input_type=str]
    For further information visit https://errors.pydantic.dev/2.13/v/json_invalid",,rerun
Qwen/Qwen3.5-2B,d277cf50c742ad43ddf128587f59b363,instruction_following,agent,0.5,"The agent successfully followed the primary instruction to provide a structured response with specific sections (Task outcome, detailed outcome, additional context) as required by the final_answer tool format. However, the agent failed to adhere to the explicit instruction in Step 14 to 'update your list of facts' and 'provide these headings' (1. Facts given, 2. Facts learned, 3. Facts still to look up, 4. Facts still to derive) before generating the plan. The agent skipped this mandatory formatting step and proceeded directly to the plan generation. [model=Qwen/Qwen3.5-2B]",9440.04,False,,2,d277cf50c742ad43ddf128587f59b363|instruction_following|agent|2,,,original
Qwen/Qwen3.5-2B,d277cf50c742ad43ddf128587f59b363,reasoning_quality,agent,0.0,"The agent failed to execute the goal because it did not generate any output, resulting in a complete lack of reasoning steps. Consequently, the evaluation cannot assess the quality of the reasoning chain, leading to an incoherent response. [model=Qwen/Qwen3.5-2B]",4538.29,False,,0,d277cf50c742ad43ddf128587f59b363|reasoning_quality|agent|0,,,original
Qwen/Qwen3.5-2B,d277cf50c742ad43ddf128587f59b363,reasoning_quality,agent,1.0,"The agent demonstrates strong logical reasoning by systematically breaking down the task, identifying necessary facts, and selecting appropriate tools (web_search and visit_page) to gather evidence. It correctly identifies the specific song ('Whistle-Stop') and the context (Disney's Robin Hood) through targeted searches and page visits, avoiding unnecessary assumptions. The final answer synthesizes this evidence into the required format with detailed context. [model=Qwen/Qwen3.5-2B]",8453.21,False,,1,d277cf50c742ad43ddf128587f59b363|reasoning_quality|agent|1,,,original
Qwen/Qwen3.5-2B,d277cf50c742ad43ddf128587f59b363,reasoning_quality,agent,0.55,"The agent demonstrates logical progression by first attempting a broad search, then failing due to a specific query error, and subsequently refining the query to a more general search term. It then successfully visits a relevant YouTube page to extract metadata, and finally uses a refined search to find specific results linking the rooster and hamster videos to the song 'Whistle-Stop'. However, the plan is incomplete as it stops after Step 19 without executing the final tool call to visit the Wikipedia page or other sources to extract the composer's name, nor does it synthesize the findings into the required output format. [model=Qwen/Qwen3.5-2B]",9771.95,False,,2,d277cf50c742ad43ddf128587f59b363|reasoning_quality|agent|2,,,original
Qwen/Qwen3.5-2B,d2868d12880a41ad5ed1fb3bb39159d5,helpfulness,trace,0.0,"The agent failed to answer the question by providing a completely fabricated fact ('Rockhopper Penguin') that does not exist in the context of the 'Top 5 Silliest Animal Moments' list, and it did not attempt to verify the information or search for the correct data. [model=Qwen/Qwen3.5-2B]",5272.84,False,,0,d2868d12880a41ad5ed1fb3bb39159d5|helpfulness|trace|0,,,original
Qwen/Qwen3.5-2B,d2868d12880a41ad5ed1fb3bb39159d5,accuracy,trace,0.25,"The response provides a specific species name ('Rockhopper Penguin') but fails to cite the source of the information, which is the BBC Earth video mentioned in the query. Without the source, the claim is unverified and potentially incorrect as the specific bird on that video is not universally known to be the Rockhopper Penguin. [model=Qwen/Qwen3.5-2B]",5664.13,False,,0,d2868d12880a41ad5ed1fb3bb39159d5|accuracy|trace|0,,,original
Qwen/Qwen3.5-2B,d2868d12880a41ad5ed1fb3bb39159d5,groundedness,trace,0.0,"The provided evidence consists solely of a search result snippet for a BBC Earth video title but contains no specific information regarding the bird species featured in the video. Consequently, no specific factual claims can be verified or derived from the available evidence. [model=Qwen/Qwen3.5-2B]",4554.82,False,,0,d2868d12880a41ad5ed1fb3bb39159d5|groundedness|trace|0,,,original
Qwen/Qwen3.5-2B,d2868d12880a41ad5ed1fb3bb39159d5,instruction_following,agent,0.0,"The agent failed to provide any response or execution steps, resulting in a score of 0.0 as no instructions were followed. [model=Qwen/Qwen3.5-2B]",3825.86,False,,0,d2868d12880a41ad5ed1fb3bb39159d5|instruction_following|agent|0,,,original
Qwen/Qwen3.5-2B,d2868d12880a41ad5ed1fb3bb39159d5,instruction_following,agent,0.55,"The agent successfully followed the instruction to provide a comprehensive preparatory survey, listing facts given, facts to look up, and facts to derive. It correctly identified the need to search for the specific BBC Earth video and the required verification steps. However, the final step failed because the agent did not actually execute the `final_answer` tool to output the structured response as required by the task instructions, instead only providing a summary of the search results. [model=Qwen/Qwen3.5-2B]",8100.2,False,,1,d2868d12880a41ad5ed1fb3bb39159d5|instruction_following|agent|1,,,original
Qwen/Qwen3.5-2B,d2868d12880a41ad5ed1fb3bb39159d5,instruction_following,agent,0.5,"The agent successfully followed the instruction to provide a structured response with three specific sections (Task outcome, Task outcome, Additional context) within the final_answer tool. It correctly identified the task requirements and utilized the web_search tool to gather relevant information from search results, including a GitHub repository excerpt that directly mentions the species. However, the agent failed to follow the specific formatting constraint regarding the 'Task outcome (extremely detailed version)' section, as it only included the 'Task outcome (short version)' and 'Additional context' sections in its output, missing the required 'Task outcome (extremely detailed version)' field. [model=Qwen/Qwen3.5-2B]",9571.48,False,,2,d2868d12880a41ad5ed1fb3bb39159d5|instruction_following|agent|2,,,original
Qwen/Qwen3.5-2B,d2868d12880a41ad5ed1fb3bb39159d5,reasoning_quality,agent,0.0,"The agent failed to execute the goal because it did not generate any output, resulting in a complete lack of reasoning steps. Consequently, the evaluation cannot assess the quality of the reasoning chain, leading to an incoherent response. [model=Qwen/Qwen3.5-2B]",4534.88,False,,0,d2868d12880a41ad5ed1fb3bb39159d5|reasoning_quality|agent|0,,,original
Qwen/Qwen3.5-2B,d2868d12880a41ad5ed1fb3bb39159d5,reasoning_quality,agent,1.0,"The agent demonstrates strong logical reasoning by systematically identifying the task requirements, selecting the appropriate tools (web_search and final_answer), and structuring its response according to the specific constraints provided in the prompt. It correctly identifies the need to search for the video and verify the species through multiple sources, ensuring all required output sections are included. [model=Qwen/Qwen3.5-2B]",6615.96,False,,1,d2868d12880a41ad5ed1fb3bb39159d5|reasoning_quality|agent|1,,,original
Qwen/Qwen3.5-2B,d2868d12880a41ad5ed1fb3bb39159d5,reasoning_quality,agent,0.5,"The agent correctly identifies the need to search for the specific video and its details. It then logically selects the appropriate tool (web_search) to gather the necessary information about the video and the bird species. However, the execution of the search tool is incomplete in the provided text, as it only lists the query without showing the actual results or the subsequent steps to extract the transcript or species from the found links. [model=Qwen/Qwen3.5-2B]",7787.95,False,,2,d2868d12880a41ad5ed1fb3bb39159d5|reasoning_quality|agent|2,,,original
Qwen/Qwen3.5-2B,d67a8ae853c0b8ed0e55f7fafe4e2f64,helpfulness,trace,0.0,"The agent failed to answer the specific question about the Scikit-Learn July 2017 changelog by providing the correct name 'predict_proba' without any reasoning or verification steps, directly contradicting the user's instruction to find the correct answer. [model=Qwen/Qwen3.5-2B]",5163.18,False,,0,d67a8ae853c0b8ed0e55f7fafe4e2f64|helpfulness|trace|0,,,original
Qwen/Qwen3.5-2B,d67a8ae853c0b8ed0e55f7fafe4e2f64,accuracy,trace,0.0,"The response provides a specific command name ('predict_proba') that is not a bug fix but rather a method used in Scikit-Learn. The task asks for a bug fix to a 'predictor base command', which is a factual error as the response misinterprets the question entirely. [model=Qwen/Qwen3.5-2B]",5201.36,False,,0,d67a8ae853c0b8ed0e55f7fafe4e2f64|accuracy|trace|0,,,original
Qwen/Qwen3.5-2B,d67a8ae853c0b8ed0e55f7fafe4e2f64,groundedness,trace,0.0,"The provided evidence contains no information regarding the Scikit-Learn July 2017 changelog or specific bug fixes for predictor base commands, making all claims in the response unsupported. [model=Qwen/Qwen3.5-2B]",4611.47,False,,0,d67a8ae853c0b8ed0e55f7fafe4e2f64|groundedness|trace|0,,,original
Qwen/Qwen3.5-2B,d67a8ae853c0b8ed0e55f7fafe4e2f64,instruction_following,agent,0.0,"The agent failed to provide any response or execution steps, resulting in a score of 0.0 as no instructions were followed. [model=Qwen/Qwen3.5-2B]",3423.94,False,,0,d67a8ae853c0b8ed0e55f7fafe4e2f64|instruction_following|agent|0,,,original
Qwen/Qwen3.5-2B,d67a8ae853c0b8ed0e55f7fafe4e2f64,instruction_following,agent,0.25,"The agent failed to follow the strict formatting rules of the system prompt. It did not include the required 'Thought:' and 'Code:' sequences in the final response, instead providing a raw text plan. Furthermore, it failed to execute the plan correctly, as the code snippet provided was invalid due to a regex parsing error, and it did not actually call the search_agent tool to retrieve the changelog as intended. [model=Qwen/Qwen3.5-2B]",7367.85,False,,1,d67a8ae853c0b8ed0e55f7fafe4e2f64|instruction_following|agent|1,,,original
Qwen/Qwen3.5-2B,d67a8ae853c0b8ed0e55f7fafe4e2f64,reasoning_quality,agent,0.0,"The agent failed to execute the goal because it did not generate any output, resulting in a complete lack of reasoning steps. Consequently, the evaluation cannot assess the quality of the reasoning chain, leading to an incoherent response. [model=Qwen/Qwen3.5-2B]",4701.43,False,,0,d67a8ae853c0b8ed0e55f7fafe4e2f64|reasoning_quality|agent|0,,,original
Qwen/Qwen3.5-2B,d67a8ae853c0b8ed0e55f7fafe4e2f64,reasoning_quality,agent,0.55,"The agent demonstrates logical progression by first identifying the need to retrieve the changelog, then formulating a specific search task for the search_agent, and finally executing the search to verify the known answer. However, the final step fails because the search_agent did not provide the necessary context or the agent failed to parse the resulting text correctly, leading to an error and no final answer. The reasoning chain is mostly sound but ends in a failure to execute the plan. [model=Qwen/Qwen3.5-2B]",7488.47,False,,1,d67a8ae853c0b8ed0e55f7fafe4e2f64|reasoning_quality|agent|1,,,original
Qwen/Qwen3.5-2B,d7f2f823ff4d4d8bbec1039c6c302a06,helpfulness,trace,0.0,"The agent failed to answer the question by providing a specific zip code, instead offering a generic placeholder '33040' which is not a valid USGS location for the fish in question. It did not perform any verification steps or search for the correct data, nor did it list the necessary facts to look up or derive. [model=Qwen/Qwen3.5-2B]",5711.03,False,,0,d7f2f823ff4d4d8bbec1039c6c302a06|helpfulness|trace|0,,,original
Qwen/Qwen3.5-2B,d7f2f823ff4d4d8bbec1039c6c302a06,accuracy,trace,0.0,"The response provides a specific zip code (33040) for the location of the blue tang, the fish from Finding Nemo. However, this is factually incorrect as the blue tang was not found in the US; it is native to the Indo-Pacific region and was not released as a pet in the US. The provided answer is demonstrably wrong. [model=Qwen/Qwen3.5-2B]",6122.58,False,,0,d7f2f823ff4d4d8bbec1039c6c302a06|accuracy|trace|0,,,original
Qwen/Qwen3.5-2B,d7f2f823ff4d4d8bbec1039c6c302a06,groundedness,trace,0.0,"The provided evidence contains no information regarding the USGS, the movie 'Finding Nemo', or the specific locations where the fish was found as a nonnative species before 2020. Consequently, all factual claims in the response are unsupported by the available evidence. [model=Qwen/Qwen3.5-2B]",5243.66,False,,0,d7f2f823ff4d4d8bbec1039c6c302a06|groundedness|trace|0,,,original
Qwen/Qwen3.5-2B,d7f2f823ff4d4d8bbec1039c6c302a06,instruction_following,agent,0.0,"The agent failed to provide any response or execution steps, resulting in a score of 0.0 as no instructions were followed. [model=Qwen/Qwen3.5-2B]",3721.67,False,,0,d7f2f823ff4d4d8bbec1039c6c302a06|instruction_following|agent|0,,,original
Qwen/Qwen3.5-2B,d7f2f823ff4d4d8bbec1039c6c302a06,instruction_following,agent,0.25,"The agent failed to follow the core instruction to use the provided tools (visualizer, inspect_file_as_text, final_answer) to solve the task. Instead, it relied entirely on a 'search_agent' team member to perform the search and provide the answer, ignoring the explicit instruction to use the available tools. The agent also failed to properly format the final answer as requested (five-digit zip codes). [model=Qwen/Qwen3.5-2B]",7517.32,False,,1,d7f2f823ff4d4d8bbec1039c6c302a06|instruction_following|agent|1,,,original
Qwen/Qwen3.5-2B,d7f2f823ff4d4d8bbec1039c6c302a06,reasoning_quality,agent,0.0,"The agent failed to execute the goal because it did not generate any output, resulting in a complete lack of reasoning steps. Consequently, the evaluation cannot assess the quality of the reasoning chain, leading to an incoherent response. [model=Qwen/Qwen3.5-2B]",4565.03,False,,0,d7f2f823ff4d4d8bbec1039c6c302a06|reasoning_quality|agent|0,,,original
Qwen/Qwen3.5-2B,d7f2f823ff4d4d8bbec1039c6c302a06,reasoning_quality,agent,0.25,"The agent demonstrates a clear logical progression by first identifying the species (clownfish) and then systematically using the search_agent tool to retrieve specific USGS data. However, the final step fails because the search_agent returns 'None' despite the explicit instruction to provide zip codes, indicating a failure in the tool's execution or the search agent's ability to fulfill the complex formatting request. This results in no final answer being generated. [model=Qwen/Qwen3.5-2B]",7168.53,False,,1,d7f2f823ff4d4d8bbec1039c6c302a06|reasoning_quality|agent|1,,,original
Qwen/Qwen3.5-2B,d857dc7d137db732306e97c3820652bd,helpfulness,trace,0.0,The agent failed to answer the question by providing a placeholder 'not' instead of the actual word deleted. It did not attempt to search for the specific information required to solve the query. [model=Qwen/Qwen3.5-2B],4674.08,False,,0,d857dc7d137db732306e97c3820652bd|helpfulness|trace|0,,,original
Qwen/Qwen3.5-2B,d857dc7d137db732306e97c3820652bd,accuracy,trace,0.0,"The response 'not' fails to provide the specific word requested by the query, which is a factual error regarding the existence of the answer. The user explicitly demanded a correct answer and the specific word, and the agent failed to retrieve or derive this information. [model=Qwen/Qwen3.5-2B]",4898.16,False,,0,d857dc7d137db732306e97c3820652bd|accuracy|trace|0,,,original
Qwen/Qwen3.5-2B,d857dc7d137db732306e97c3820652bd,groundedness,trace,0.0,"The agent failed to provide a factual answer, instead outputting 'not', which is a non-factual assertion rather than a specific fact or derived value. The available evidence shows no tool results, and the task itself does not provide the specific word or date required to answer the question, making it impossible to verify or derive the answer from the given evidence. [model=Qwen/Qwen3.5-2B]",6597.39,False,,0,d857dc7d137db732306e97c3820652bd|groundedness|trace|0,,,original
Qwen/Qwen3.5-2B,d857dc7d137db732306e97c3820652bd,instruction_following,agent,0.0,"The agent failed to provide any response or execution steps, resulting in a score of 0.0 as no instructions were followed. [model=Qwen/Qwen3.5-2B]",3432.98,False,,0,d857dc7d137db732306e97c3820652bd|instruction_following|agent|0,,,original
Qwen/Qwen3.5-2B,d857dc7d137db732306e97c3820652bd,instruction_following,agent,0.0,"The agent failed to follow the primary instruction to use the provided tools (visualizer, inspect_file_as_text, final_answer) to solve the task. Instead, it ignored the tool constraints, skipped the required 'Thought' and 'Code' sequences for the actual task, and instead attempted to 'simulate' a research process by calling a team member tool, which resulted in no output. It also failed to properly format the final answer as requested. [model=Qwen/Qwen3.5-2B]",7903.76,False,,1,d857dc7d137db732306e97c3820652bd|instruction_following|agent|1,,,original
Qwen/Qwen3.5-2B,d857dc7d137db732306e97c3820652bd,reasoning_quality,agent,0.0,"The agent failed to execute the goal because it did not generate any output, resulting in a complete lack of reasoning steps. Consequently, the evaluation cannot assess the quality of the reasoning chain, leading to an incoherent response. [model=Qwen/Qwen3.5-2B]",5034.95,False,,0,d857dc7d137db732306e97c3820652bd|reasoning_quality|agent|0,,,original
Qwen/Qwen3.5-2B,d857dc7d137db732306e97c3820652bd,reasoning_quality,agent,0.25,"The agent's plan is logically sound as it systematically breaks down the complex task into identifying the source, locating the specific section, and analyzing the rule history. However, the execution fails because the agent does not actually execute the search or retrieve the data; it only attempts to simulate the process by calling a tool without providing the necessary input or executing the search logic itself. This results in no actual data retrieval, making the reasoning incomplete and the final answer incorrect. [model=Qwen/Qwen3.5-2B]",7496.38,False,,1,d857dc7d137db732306e97c3820652bd|reasoning_quality|agent|1,,,original
Qwen/Qwen3.5-2B,d9a8dff7edce2d1b15ed4769886d9a2a,helpfulness,trace,0.0,"The response provides a definitive integer answer ('20') without any reasoning, verification steps, or acknowledgment of the source material, failing to address the user's request for a comprehensive preparatory survey of facts. [model=Qwen/Qwen3.5-2B]",4425.58,False,,0,d9a8dff7edce2d1b15ed4769886d9a2a|helpfulness|trace|0,,,original
Qwen/Qwen3.5-2B,d9a8dff7edce2d1b15ed4769886d9a2a,accuracy,trace,0.0,"The response provides a definitive integer answer (20) without any supporting data, citations, or derivation steps. The task explicitly asks for a 'comprehensive preparatory survey' and to identify facts to look up or derive, yet the response fails to perform any of these required steps, offering no evidence of the source material or the reasoning process. [model=Qwen/Qwen3.5-2B]",5876.88,False,,0,d9a8dff7edce2d1b15ed4769886d9a2a|accuracy|trace|0,,,original
Qwen/Qwen3.5-2B,d9a8dff7edce2d1b15ed4769886d9a2a,groundedness,trace,0.0,"The provided evidence contains no information regarding the specific integer-rounded percentage of sea star feeding rates from the specified papers, nor does it contain the data to derive the answer. The response makes a definitive factual claim without any supporting evidence from the available sources. [model=Qwen/Qwen3.5-2B]",4741.0,False,,0,d9a8dff7edce2d1b15ed4769886d9a2a|groundedness|trace|0,,,original
Qwen/Qwen3.5-2B,d9a8dff7edce2d1b15ed4769886d9a2a,instruction_following,agent,0.0,"The agent failed to provide any response or execution steps, resulting in a score of 0.0 as no instructions were followed. [model=Qwen/Qwen3.5-2B]",3507.33,False,,0,d9a8dff7edce2d1b15ed4769886d9a2a|instruction_following|agent|0,,,original
Qwen/Qwen3.5-2B,d9a8dff7edce2d1b15ed4769886d9a2a,instruction_following,agent,0.5,"The agent successfully followed the core instruction to provide a step-by-step plan and then execute the task. However, it failed to strictly adhere to the formatting constraint in Step 11, where it included a 'Thought:' block inside the 'Calling tools' step, which violates the rule that 'Thought:' should only appear in the 'Thought:' sequence, not within the code block or tool call description. Additionally, the final answer was returned as a string '20' instead of the required `final_answer` tool call format. [model=Qwen/Qwen3.5-2B]",8968.34,False,,1,d9a8dff7edce2d1b15ed4769886d9a2a|instruction_following|agent|1,"Invalid judge JSON; saved raw output instead. 1 validation error for JudgeOutput
  Invalid JSON: EOF while parsing a string at line 2 column 705 [type=json_invalid, input_value='{\n  ""explanation"": ""The...y valid syntax, but the', input_type=str]
    For further information visit https://errors.pydantic.dev/2.13/v/json_invalid",,rerun
Qwen/Qwen3.5-2B,d9a8dff7edce2d1b15ed4769886d9a2a,reasoning_quality,agent,0.0,"The agent failed to execute the goal because it did not generate any output, resulting in a complete lack of reasoning steps. Consequently, the evaluation cannot assess the quality of the reasoning chain, leading to an incoherent response. [model=Qwen/Qwen3.5-2B]",4777.98,False,,0,d9a8dff7edce2d1b15ed4769886d9a2a|reasoning_quality|agent|0,,,original
Qwen/Qwen3.5-2B,d9a8dff7edce2d1b15ed4769886d9a2a,reasoning_quality,agent,0.55,"The agent demonstrates a logical progression by first identifying the need to extract specific data from two distinct papers, then formulating a plan to utilize search tools to retrieve the necessary bibliographic details and numerical values. The subsequent steps involve executing these searches, which are logically connected to the goal of obtaining the raw data required for the final calculation. However, the final step fails because the agent attempts to use a `final_answer` tool to return the answer directly, ignoring the instruction to provide the correct code blob and reasoning, which is a critical error in following the task constraints. [model=Qwen/Qwen3.5-2B]",8701.1,False,,1,d9a8dff7edce2d1b15ed4769886d9a2a|reasoning_quality|agent|1,,,original
Qwen/Qwen3.5-2B,dbc070b918d4a052c0b686081408fb52,helpfulness,trace,0.0,"The agent failed completely because it did not perform the requested task. It provided a nonsensical answer ('Bravo') without attempting to find the specific explosive force or the US nuclear test mentioned in the query, nor did it list any facts to look up or derive. [model=Qwen/Qwen3.5-2B]",5289.21,False,,0,dbc070b918d4a052c0b686081408fb52|helpfulness|trace|0,,,original
Qwen/Qwen3.5-2B,dbc070b918d4a052c0b686081408fb52,accuracy,trace,0.0,"The response provides a single word 'Bravo' which is not the name of a US nuclear test, nor does it provide the explosive force or the specific test name requested. The answer is completely incorrect and fails to address the core of the query. [model=Qwen/Qwen3.5-2B]",4864.21,False,,0,dbc070b918d4a052c0b686081408fb52|accuracy|trace|0,,,original
Qwen/Qwen3.5-2B,dbc070b918d4a052c0b686081408fb52,groundedness,trace,0.0,"The agent failed to provide the specific explosive force or the name of the US nuclear test as requested, instead providing a generic placeholder 'Bravo'. The provided evidence shows no results for the requested search terms, yet the agent made a definitive factual claim without any supporting data or logical derivation from the available information. [model=Qwen/Qwen3.5-2B]",5579.36,False,,0,dbc070b918d4a052c0b686081408fb52|groundedness|trace|0,,,original
Qwen/Qwen3.5-2B,dbc070b918d4a052c0b686081408fb52,instruction_following,agent,0.0,"The agent failed to provide any response or execution steps, resulting in a score of 0.0 as no instructions were followed. [model=Qwen/Qwen3.5-2B]",3510.39,False,,0,dbc070b918d4a052c0b686081408fb52|instruction_following|agent|0,,,original
Qwen/Qwen3.5-2B,dbc070b918d4a052c0b686081408fb52,instruction_following,agent,0.25,"The agent failed to follow the instruction to use the `search_agent` tool to find the specific Phys.org article on July 15, 2008, instead relying on a generic search. It also failed to use the `visualizer` tool for the image task and did not use the `final_answer` tool to provide the required output format. The response was non-compliant with the strict formatting and tool usage rules. [model=Qwen/Qwen3.5-2B]",7594.86,False,,1,dbc070b918d4a052c0b686081408fb52|instruction_following|agent|1,,,original
Qwen/Qwen3.5-2B,dbc070b918d4a052c0b686081408fb52,reasoning_quality,agent,0.0,"The agent failed to execute the goal because it did not generate any output, resulting in a complete lack of reasoning steps. Consequently, the evaluation cannot assess the quality of the reasoning chain, leading to an incoherent response. [model=Qwen/Qwen3.5-2B]",4682.3,False,,0,dbc070b918d4a052c0b686081408fb52|reasoning_quality|agent|0,,,original
Qwen/Qwen3.5-2B,dbc070b918d4a052c0b686081408fb52,reasoning_quality,agent,0.25,"The agent's reasoning is logically flawed because it fails to utilize the provided tools effectively. It attempts to 'look up' facts by listing sources in Step 1, which is not a tool execution step, and then fails to execute the search_agent tool in Step 2 to actually retrieve the required information. The plan is incomplete and does not lead to the final answer. [model=Qwen/Qwen3.5-2B]",6449.76,False,,1,dbc070b918d4a052c0b686081408fb52|reasoning_quality|agent|1,,,original
Qwen/Qwen3.5-2B,dcb89b6b049d424caf4c3e5fcd22c84c,helpfulness,trace,0.0,"The agent failed to answer the question by providing a specific number (525) without any context, verification steps, or data sources. It simply stated the answer without demonstrating that it actually found it, which violates the requirement to provide correct answers and verify facts. [model=Qwen/Qwen3.5-2B]",5050.6,False,,0,dcb89b6b049d424caf4c3e5fcd22c84c|helpfulness|trace|0,,,original
Qwen/Qwen3.5-2B,dcb89b6b049d424caf4c3e5fcd22c84c,accuracy,trace,0.25,"The response provides a specific numerical answer (525) without any reasoning or verification steps, which is insufficient for a factual query. The answer is incorrect; the correct number of at-bats for the New York Yankees with the most walks in 1977 is 524, not 525. [model=Qwen/Qwen3.5-2B]",6004.0,False,,0,dcb89b6b049d424caf4c3e5fcd22c84c|accuracy|trace|0,,,original
Qwen/Qwen3.5-2B,dcb89b6b049d424caf4c3e5fcd22c84c,groundedness,trace,0.0,"The provided evidence contains a search result for the 1977 New York Yankees batting statistics, but the specific page for the walks leader returns a 403 error, and the archived version is inaccessible or incomplete. Consequently, the specific number of at-bats for the player with the most walks cannot be verified or derived from the available evidence. [model=Qwen/Qwen3.5-2B]",6117.73,False,,0,dcb89b6b049d424caf4c3e5fcd22c84c|groundedness|trace|0,,,original
Qwen/Qwen3.5-2B,dcb89b6b049d424caf4c3e5fcd22c84c,instruction_following,agent,0.0,"The agent failed to provide any response or execution steps, resulting in a score of 0.0 as no instructions were followed. [model=Qwen/Qwen3.5-2B]",3456.08,False,,0,dcb89b6b049d424caf4c3e5fcd22c84c|instruction_following|agent|0,,,original
Qwen/Qwen3.5-2B,dcb89b6b049d424caf4c3e5fcd22c84c,instruction_following,agent,0.55,"The agent successfully followed the primary instruction to provide a correct answer by using the search_agent tool to retrieve data from MLB.com and verifying it via the Wayback Machine. However, the agent failed to strictly adhere to the formatting constraints specified in the final instructions, specifically the requirement to include three specific sections ('Task outcome (short)', 'Task outcome (extremely detailed)', and 'Additional context') within the `final_answer` tool call, and it did not properly utilize the `final_answer` tool as the primary output mechanism for the final result, instead relying on a text summary of the findings. [model=Qwen/Qwen3.5-2B]",21226.85,False,,1,dcb89b6b049d424caf4c3e5fcd22c84c|instruction_following|agent|1,,,original
Qwen/Qwen3.5-2B,dcb89b6b049d424caf4c3e5fcd22c84c,instruction_following,agent,0.55,"The agent successfully followed the core instruction to provide a step-by-step high-level plan based on the provided facts and available tools. However, the agent failed to follow the specific formatting constraint in Step 17, which required the plan to be written in a specific format (e.g., '1. Retrieve... 2. Locate...') rather than just listing tasks. Additionally, the agent failed to follow the instruction in Step 18, which explicitly stated 'DO NOT DETAIL INDIVIDUAL TOOL CALLS' and to write only the high-level plan. The agent proceeded to execute tool calls and attempt to scroll the page, which contradicts the instruction to not detail individual tool calls or use the page_down tool if it fails. The final plan was written in the correct format, but the earlier steps violated the constraints. [model=Qwen/Qwen3.5-2B]",54400.0,False,,2,dcb89b6b049d424caf4c3e5fcd22c84c|instruction_following|agent|2,"Invalid judge JSON; saved raw output instead. 1 validation error for JudgeOutput
  Invalid JSON: EOF while parsing a string at line 2 column 714 [type=json_invalid, input_value='{\n  ""explanation"": ""The...\'end_plan\' tag, as it', input_type=str]
    For further information visit https://errors.pydantic.dev/2.13/v/json_invalid",,rerun
Qwen/Qwen3.5-2B,dcb89b6b049d424caf4c3e5fcd22c84c,reasoning_quality,agent,0.0,"The agent failed to execute the goal because it did not generate any output, resulting in a complete lack of reasoning steps. Consequently, the evaluation cannot assess the quality of the reasoning chain, leading to an incoherent response. [model=Qwen/Qwen3.5-2B]",4643.95,False,,0,dcb89b6b049d424caf4c3e5fcd22c84c|reasoning_quality|agent|0,,,original
Qwen/Qwen3.5-2B,dcb89b6b049d424caf4c3e5fcd22c84c,reasoning_quality,agent,0.55,"The agent demonstrates strong logical reasoning by systematically evaluating the task requirements, identifying the need for data from a reputable source, and correctly selecting the MLB.com page as the primary tool. However, the execution fails due to a critical error: the agent attempts to scroll the page using the `page_down` tool with an empty input argument, which results in a TypeError. This indicates a misunderstanding of the tool's required input format, leading to a dead end despite the correct initial plan and tool selection. [model=Qwen/Qwen3.5-2B]",18259.72,False,,1,dcb89b6b049d424caf4c3e5fcd22c84c|reasoning_quality|agent|1,,,original
Qwen/Qwen3.5-2B,dcb89b6b049d424caf4c3e5fcd22c84c,reasoning_quality,agent,1.0,"The agent demonstrates strong logical reasoning by systematically addressing the task requirements. It correctly identifies the need to use the Wayback Machine to access the archived 1977 season data, as the current page is blocked. It then uses the search tool to find the specific 'Team Batting' table on the archived page, which is the correct data source. The agent successfully navigates the archived page using the search string 'Munson' to locate the player, and then uses the search string 'BB</th>' to find the relevant columns. The plan is logical, purposeful, and well-reasoned, as it avoids unnecessary errors and directly targets the data extraction needed to solve the problem. [model=Qwen/Qwen3.5-2B]",16972.73,False,,2,dcb89b6b049d424caf4c3e5fcd22c84c|reasoning_quality|agent|2,,,original
Qwen/Qwen3.5-2B,e491d73ca2fd8a2a6f8984feb1c408a3,helpfulness,trace,0.0,"The agent failed completely because it did not listen to the audio file provided in the task, nor did it extract the specific ingredients mentioned in the voice memo. It simply hallucinated a list of ingredients that do not exist in the provided audio content. [model=Qwen/Qwen3.5-2B]",5096.31,False,,0,e491d73ca2fd8a2a6f8984feb1c408a3|helpfulness|trace|0,,,original
Qwen/Qwen3.5-2B,e491d73ca2fd8a2a6f8984feb1c408a3,accuracy,trace,0.0,"The response lists specific ingredients (cornstarch, lemon juice, ripe strawberries, salt, sugar, vanilla extract) but fails to provide the actual audio transcript to extract them, as the model cannot listen to the provided file. Consequently, the list is entirely fabricated and incorrect. [model=Qwen/Qwen3.5-2B]",5065.63,False,,0,e491d73ca2fd8a2a6f8984feb1c408a3|accuracy|trace|0,,,original
Qwen/Qwen3.5-2B,e491d73ca2fd8a2a6f8984feb1c408a3,groundedness,trace,0.0,"The agent failed to provide the requested list of ingredients because the available evidence (the audio file) was not successfully processed or the tool 'inspect_file_as_text' returned no result, making it impossible to extract the specific ingredients mentioned in the task. [model=Qwen/Qwen3.5-2B]",4799.45,False,,0,e491d73ca2fd8a2a6f8984feb1c408a3|groundedness|trace|0,,,original
Qwen/Qwen3.5-2B,e491d73ca2fd8a2a6f8984feb1c408a3,instruction_following,agent,0.0,"The agent failed to provide any response or execution steps, resulting in a score of 0.0 as no instructions were followed. [model=Qwen/Qwen3.5-2B]",3617.25,False,,0,e491d73ca2fd8a2a6f8984feb1c408a3|instruction_following|agent|0,,,original
Qwen/Qwen3.5-2B,e491d73ca2fd8a2a6f8984feb1c408a3,instruction_following,agent,0.25,"The agent failed to follow the core instruction to use the provided tools. It attempted to use `inspect_file_as_text` to transcribe an audio file, but the tool failed because the file path does not exist on the system. The agent then abandoned the tool usage and simply listed a generic list of ingredients without actually transcribing the specific content of the attached file or using the `visualizer` tool to analyze the audio. It also failed to properly format the final answer as requested. [model=Qwen/Qwen3.5-2B]",8414.61,False,,1,e491d73ca2fd8a2a6f8984feb1c408a3|instruction_following|agent|1,,,original
Qwen/Qwen3.5-2B,e491d73ca2fd8a2a6f8984feb1c408a3,reasoning_quality,agent,0.0,"The agent failed to execute the goal because it did not generate any output, resulting in a complete lack of reasoning steps. Consequently, the evaluation cannot assess the quality of the reasoning chain, leading to an incoherent response. [model=Qwen/Qwen3.5-2B]",4977.82,False,,0,e491d73ca2fd8a2a6f8984feb1c408a3|reasoning_quality|agent|0,,,original
Qwen/Qwen3.5-2B,e491d73ca2fd8a2a6f8984feb1c408a3,reasoning_quality,agent,0.25,"The agent correctly identifies the file as an audio file and selects the appropriate tool to transcribe it, but fails to execute the transcription due to a file path error and subsequent inability to parse the content. The reasoning chain is broken because the agent does not actually attempt to use the tool to read the file, leading to a dead end. [model=Qwen/Qwen3.5-2B]",7074.45,False,,1,e491d73ca2fd8a2a6f8984feb1c408a3|reasoning_quality|agent|1,,,original
Qwen/Qwen3.5-2B,e6ca28af6722fc00fc7294d1b291bea4,helpfulness,trace,0.0,"The agent failed to solve the problem because it did not identify the specific character or text required to fix the code, nor did it provide the reasoning or steps needed to find the solution. It simply output the letter 'i' without context or verification. [model=Qwen/Qwen3.5-2B]",5237.02,False,,0,e6ca28af6722fc00fc7294d1b291bea4|helpfulness|trace|0,,,original
Qwen/Qwen3.5-2B,e6ca28af6722fc00fc7294d1b291bea4,accuracy,trace,0.25,"The response provides a single character 'i' to complete the string 'For penguins', which is technically incorrect as the correct character is 'g' to form 'penguin'. The reasoning is flawed because the user's input string 'r`````````.F.o.r. .p.e.n.g.u.i.n.si' contains the letter 'i' already, but the target string 'For penguins' requires the letter 'g' to replace the existing 'i' or to be inserted to form the word correctly. The response fails to account for the existing 'i' in the input string, leading to an incorrect deduction. [model=Qwen/Qwen3.5-2B]",9557.86,False,,0,e6ca28af6722fc00fc7294d1b291bea4|accuracy|trace|0,,,original
Qwen/Qwen3.5-2B,e6ca28af6722fc00fc7294d1b291bea4,groundedness,trace,0.0,"The agent failed to provide the specific character or text required to fix the code, instead outputting the literal string 'i' which is not found in the provided code snippet. The evidence shows the code contains a typo ('F.o.r.' instead of 'For') and a missing period ('p.e.n.g.u.i.n.si'), but the agent did not analyze the code to identify the missing character or the missing period, nor did it search for the correct character in the available tools. [model=Qwen/Qwen3.5-2B]",7819.14,False,,0,e6ca28af6722fc00fc7294d1b291bea4|groundedness|trace|0,,,original
Qwen/Qwen3.5-2B,e6ca28af6722fc00fc7294d1b291bea4,instruction_following,agent,0.0,"The agent failed to provide any response or execution steps, resulting in a score of 0.0 as no instructions were followed. [model=Qwen/Qwen3.5-2B]",3600.64,False,,0,e6ca28af6722fc00fc7294d1b291bea4|instruction_following|agent|0,,,original
Qwen/Qwen3.5-2B,e6ca28af6722fc00fc7294d1b291bea4,instruction_following,agent,0.25,"The agent failed to follow the primary instruction to provide a step-by-step plan using the specified format (Thought, Code, Observation) and to use the `final_answer` tool correctly. It provided a survey of facts instead of the requested plan, and the final answer tool call was made without the required `answer` parameter, resulting in no output. [model=Qwen/Qwen3.5-2B]",6968.25,False,,1,e6ca28af6722fc00fc7294d1b291bea4|instruction_following|agent|1,,,original
Qwen/Qwen3.5-2B,e6ca28af6722fc00fc7294d1b291bea4,reasoning_quality,agent,0.0,"The agent failed to execute the goal because it did not generate any output, resulting in a complete lack of reasoning steps. Consequently, the evaluation cannot assess the quality of the reasoning chain, leading to an incoherent response. [model=Qwen/Qwen3.5-2B]",5000.56,False,,0,e6ca28af6722fc00fc7294d1b291bea4|reasoning_quality|agent|0,,,original
Qwen/Qwen3.5-2B,e6ca28af6722fc00fc7294d1b291bea4,reasoning_quality,agent,0.25,"The agent correctly identifies the task as a debugging problem in Unlambda, explicitly listing the provided code and desired output. However, the execution steps are incomplete; it stops mid-sentence in Step 2 and fails to utilize the available tools (like inspect_file_as_text or visualizer) or derive the specific logic required to find the missing character, leading to a failed final answer. [model=Qwen/Qwen3.5-2B]",6900.71,False,,1,e6ca28af6722fc00fc7294d1b291bea4|reasoning_quality|agent|1,,,original
Qwen/Qwen3.5-2B,e7d5dd0d36db95a40a4fbe258edd0aba,helpfulness,trace,0.0,The agent failed to perform the requested task by providing a numerical answer without first identifying the necessary data sources or performing the calculation. It simply guessed '10' without verifying against Box Office Mojo's actual 2020 data. [model=Qwen/Qwen3.5-2B],4784.92,False,,0,e7d5dd0d36db95a40a4fbe258edd0aba|helpfulness|trace|0,,,original
Qwen/Qwen3.5-2B,e7d5dd0d36db95a40a4fbe258edd0aba,accuracy,trace,0.0,"The response provides a numerical integer value (10) but fails to provide the specific names of the movies or the source data required to verify this claim, making the factual basis entirely absent and unverifiable. [model=Qwen/Qwen3.5-2B]",4407.96,False,,0,e7d5dd0d36db95a40a4fbe258edd0aba|accuracy|trace|0,,,original
Qwen/Qwen3.5-2B,e7d5dd0d36db95a40a4fbe258edd0aba,groundedness,trace,1.0,"The agent correctly identified the need to retrieve specific data from Box Office Mojo's 2020 domestic box office list, which was successfully accessed via the provided search and page navigation tools. The final answer of 10 is derived directly from the available evidence found in the search results and page content, as the top 10 worldwide movies are indeed the same as the top 10 domestic movies for that year. [model=Qwen/Qwen3.5-2B]",6984.81,False,,0,e7d5dd0d36db95a40a4fbe258edd0aba|groundedness|trace|0,,,original
Qwen/Qwen3.5-2B,e7d5dd0d36db95a40a4fbe258edd0aba,instruction_following,agent,0.0,"The agent failed to provide any response or execution steps, resulting in a score of 0.0 as no instructions were followed. [model=Qwen/Qwen3.5-2B]",3613.75,False,,0,e7d5dd0d36db95a40a4fbe258edd0aba|instruction_following|agent|0,,,original
Qwen/Qwen3.5-2B,e7d5dd0d36db95a40a4fbe258edd0aba,instruction_following,agent,0.55,"The agent successfully followed the primary instruction to provide a step-by-step plan and a final answer. However, the agent failed to strictly adhere to the formatting constraints of the 'final_answer' tool, which requires specific sections ('Task outcome (short version)', 'Task outcome (extremely detailed version)', 'Additional context') and a specific structure. The agent provided a raw text response instead of the required JSON structure for the final answer, and the 'final_answer' tool was not actually called in the code block, leading to the failure of the task completion. [model=Qwen/Qwen3.5-2B]",32519.74,False,,1,e7d5dd0d36db95a40a4fbe258edd0aba|instruction_following|agent|1,"Invalid judge JSON; saved raw output instead. 1 validation error for JudgeOutput
  Invalid JSON: EOF while parsing an object at line 3 column 12 [type=json_invalid, input_value='{\n  ""explanation"": ""The...answer."",\n  ""score"": 0', input_type=str]
    For further information visit https://errors.pydantic.dev/2.13/v/json_invalid",,rerun
Qwen/Qwen3.5-2B,e7d5dd0d36db95a40a4fbe258edd0aba,instruction_following,agent,0.55,"The agent successfully followed the core instruction to provide a high-level plan based on the available tools and facts. However, it failed to strictly adhere to the formatting constraint in Step 17, which explicitly required the output to be 'only the high-level plan, DO NOT DETAIL INDIVIDUAL TOOL CALLS' and to end with '\n<end_plan>'. The response included a numbered list of steps (1-28) and a final answer block, which violates this specific instruction. Additionally, the agent failed to execute the plan as requested in Step 17, as it only provided the plan itself without actually performing the navigation or extraction steps described in the plan. [model=Qwen/Qwen3.5-2B]",27431.86,False,,2,e7d5dd0d36db95a40a4fbe258edd0aba|instruction_following|agent|2,"Invalid judge JSON; saved raw output instead. 1 validation error for JudgeOutput
  Invalid JSON: EOF while parsing a string at line 2 column 732 [type=json_invalid, input_value='{\n  ""explanation"": ""The...d \'find_next\' without', input_type=str]
    For further information visit https://errors.pydantic.dev/2.13/v/json_invalid",,rerun
Qwen/Qwen3.5-2B,e7d5dd0d36db95a40a4fbe258edd0aba,reasoning_quality,agent,0.0,"The agent failed to execute the goal because it did not generate any output, resulting in a complete lack of reasoning steps. Consequently, the evaluation cannot assess the quality of the reasoning chain, leading to an incoherent response. [model=Qwen/Qwen3.5-2B]",4631.96,False,,0,e7d5dd0d36db95a40a4fbe258edd0aba|reasoning_quality|agent|0,,,original
Qwen/Qwen3.5-2B,e7d5dd0d36db95a40a4fbe258edd0aba,reasoning_quality,agent,0.75,"The agent demonstrates a logical progression by first attempting to extract data from a specific page using a tool that failed due to incorrect arguments, then switching to a web search to identify the correct URLs for the data sources. It then attempts to navigate the page again, encountering a tool error, and finally relies on the search results to identify the correct page structure and extract the required information. The reasoning is sound as it adapts to tool failures and leverages external knowledge to solve the problem. [model=Qwen/Qwen3.5-2B]",12900.01,False,,1,e7d5dd0d36db95a40a4fbe258edd0aba|reasoning_quality|agent|1,,,original
Qwen/Qwen3.5-2B,e7d5dd0d36db95a40a4fbe258edd0aba,reasoning_quality,agent,1.0,"The agent demonstrates strong logical reasoning by first identifying the need to extract data from Box Office Mojo pages, then correctly selecting the appropriate search tool (web_search) to locate the specific URLs for the required lists. It then correctly identifies the limitation of the 'page_down' tool due to a tool argument error and switches to a more robust method (visiting the page and using 'find_on_page_ctrl_f') to extract the content. The plan is coherent, purposeful, and effectively addresses the constraints and errors encountered during execution. [model=Qwen/Qwen3.5-2B]",11052.75,False,,2,e7d5dd0d36db95a40a4fbe258edd0aba|reasoning_quality|agent|2,,,original
Qwen/Qwen3.5-2B,ea313eef484bb042ddb079771359c8e6,helpfulness,trace,0.0,"The agent failed completely by providing a nonsensical answer ('1') and a hallucinated script scene ('INT. THE CASTLE - DAY') that does not match the actual episode details. It did not identify the missing facts, nor did it provide the correct location name from the official script. [model=Qwen/Qwen3.5-2B]",5970.37,False,,0,ea313eef484bb042ddb079771359c8e6|helpfulness|trace|0,,,original
Qwen/Qwen3.5-2B,ea313eef484bb042ddb079771359c8e6,accuracy,trace,0.25,"The response provides a specific location name ('The Castle') and a scene heading ('INT. THE CASTLE - DAY'), but fails to identify the specific script source or the exact phrasing of the first scene heading as requested. It also incorrectly states that the Doctor is trapped inside the Castle, whereas the episode involves a maze within the Doctor's spaceship, the TARDIS, which is located in the castle, not the castle itself. [model=Qwen/Qwen3.5-2B]",8027.8,False,,0,ea313eef484bb042ddb079771359c8e6|accuracy|trace|0,,,original
Qwen/Qwen3.5-2B,ea313eef484bb042ddb079771359c8e6,groundedness,trace,0.5,"The provided evidence contains the exact scene heading 'INT. THE CASTLE - DAY' from the script, which directly supports the answer. However, the response fails to explicitly state the full name of the location as it appears in the script, instead providing only the scene heading. This omission means the specific factual claim regarding the full name is not supported by the evidence. [model=Qwen/Qwen3.5-2B]",6749.59,False,,0,ea313eef484bb042ddb079771359c8e6|groundedness|trace|0,,,original
Qwen/Qwen3.5-2B,ea313eef484bb042ddb079771359c8e6,instruction_following,agent,0.0,"The agent failed to provide any response or execution steps, resulting in a score of 0.0 as no instructions were followed. [model=Qwen/Qwen3.5-2B]",3592.01,False,,0,ea313eef484bb042ddb079771359c8e6|instruction_following|agent|0,,,original
Qwen/Qwen3.5-2B,ea313eef484bb042ddb079771359c8e6,instruction_following,agent,0.55,"The agent successfully followed the primary instruction to provide a comprehensive preparatory survey of facts, including a high-level plan, before attempting the actual task. However, the agent failed to follow the specific formatting constraints of the final task instructions, which required the final answer to contain specific sections ('Task outcome', 'Additional context') and to use the `final_answer` tool with those exact arguments. The agent also failed to use the `inspect_file_as_text` tool to read the script file as requested in the task description. [model=Qwen/Qwen3.5-2B]",9810.79,False,,1,ea313eef484bb042ddb079771359c8e6|instruction_following|agent|1,,,original
Qwen/Qwen3.5-2B,ea313eef484bb042ddb079771359c8e6,instruction_following,agent,0.55,"The agent successfully followed the primary instruction to provide a structured response containing a short outcome, a detailed outcome, and additional context. However, the agent failed to strictly adhere to the formatting constraint regarding the 'final_answer' tool structure, as it did not explicitly construct the required JSON object with the specific keys ('Task outcome (short version)', 'Task outcome (extremely detailed version)', 'Additional context') and the mandatory 'final_answer' tool call at the end. It also did not use the 'inspect_file_as_text' tool to read the PDF file as instructed, instead relying on a search result that did not contain the exact text needed for the task. [model=Qwen/Qwen3.5-2B]",10487.45,False,,2,ea313eef484bb042ddb079771359c8e6|instruction_following|agent|2,,,original
Qwen/Qwen3.5-2B,ea313eef484bb042ddb079771359c8e6,reasoning_quality,agent,0.0,"The agent failed to execute the goal because it did not generate any output, resulting in a complete lack of reasoning steps. Consequently, the evaluation cannot assess the quality of the reasoning chain, leading to an incoherent response. [model=Qwen/Qwen3.5-2B]",4804.95,False,,0,ea313eef484bb042ddb079771359c8e6|reasoning_quality|agent|0,,,original
Qwen/Qwen3.5-2B,ea313eef484bb042ddb079771359c8e6,reasoning_quality,agent,1.0,"The agent demonstrates excellent reasoning by systematically identifying the task requirements, selecting the appropriate tools (web_search for source verification and inspect_file_as_text for document extraction), and logically sequencing the steps to ensure accuracy. It correctly prioritizes finding the official script before attempting to extract the specific scene heading, avoiding premature assumptions. The final output successfully matches the exact formatting of the first scene heading as requested. [model=Qwen/Qwen3.5-2B]",7929.55,False,,1,ea313eef484bb042ddb079771359c8e6|reasoning_quality|agent|1,,,original
Qwen/Qwen3.5-2B,ea313eef484bb042ddb079771359c8e6,reasoning_quality,agent,1.0,"The agent demonstrates excellent reasoning by logically selecting the 'inspect_file_as_text' tool after identifying the need to access an official script, and then executing the search to locate the specific file. It correctly identifies the file path from the search results and uses the tool to extract the exact text, fulfilling the task requirements without unnecessary detours. [model=Qwen/Qwen3.5-2B]",6775.33,False,,2,ea313eef484bb042ddb079771359c8e6|reasoning_quality|agent|2,,,original
Qwen/Qwen3.5-2B,eb42da715add1437eced9e494b0f62f7,helpfulness,trace,0.0,"The agent failed to actually read or analyze the provided PowerPoint file, instead providing a generic answer without demonstrating any capability to access or process the specific data mentioned in the task. [model=Qwen/Qwen3.5-2B]",4110.87,False,,0,eb42da715add1437eced9e494b0f62f7|helpfulness|trace|0,,,original
Qwen/Qwen3.5-2B,eb42da715add1437eced9e494b0f62f7,accuracy,trace,0.0,"The response provides a definitive answer of '2' without any supporting data, reasoning, or verification steps. Since the task requires identifying facts from an attached file and counting mentions, the response fails to demonstrate any factual basis or logical derivation, rendering it entirely speculative and unreliable. [model=Qwen/Qwen3.5-2B]",5156.74,False,,0,eb42da715add1437eced9e494b0f62f7|accuracy|trace|0,,,original
Qwen/Qwen3.5-2B,eb42da715add1437eced9e494b0f62f7,groundedness,trace,0.0,"The agent failed to perform the required task by providing a definitive answer without actually executing the tool to inspect the file or retrieve the data. The response contains no evidence from the provided 'Tool Results' to support the claim that 2 slides mention crustaceans, as the tool results are empty and no data was found. [model=Qwen/Qwen3.5-2B]",5654.02,False,,0,eb42da715add1437eced9e494b0f62f7|groundedness|trace|0,,,original
Qwen/Qwen3.5-2B,eb42da715add1437eced9e494b0f62f7,instruction_following,agent,0.0,"The agent failed to provide any response or execution steps, resulting in a score of 0.0 as no instructions were followed. [model=Qwen/Qwen3.5-2B]",3466.56,False,,0,eb42da715add1437eced9e494b0f62f7|instruction_following|agent|0,,,original
Qwen/Qwen3.5-2B,eb42da715add1437eced9e494b0f62f7,instruction_following,agent,0.25,"The agent successfully identified the task requirements and the available tools, including the specific file path and the need to use `inspect_file_as_text` to extract and analyze the PowerPoint content. However, the agent failed to execute the plan because it attempted to use the `inspect_file_as_text` tool twice with the same arguments, which resulted in a `FileConversionException` due to a file not found error. The agent did not attempt to use the `python_interpreter` tool to load the file with the `python-pptx` library as suggested in the plan, leading to a failure. The final answer was not generated because the tool execution failed. [model=Qwen/Qwen3.5-2B]",11335.58,False,,1,eb42da715add1437eced9e494b0f62f7|instruction_following|agent|1,,,original
Qwen/Qwen3.5-2B,eb42da715add1437eced9e494b0f62f7,instruction_following,agent,0.25,"The agent successfully identified the task requirements and attempted to execute the plan. However, it failed to follow the instruction to provide a comprehensive explanation of the verification process and the final count as part of the final answer structure. Instead, it only provided a brief error message after the failed tool execution. The agent did not include the required 'Task outcome' sections or the detailed verification process in the final output. [model=Qwen/Qwen3.5-2B]",7720.01,False,,2,eb42da715add1437eced9e494b0f62f7|instruction_following|agent|2,,,original
Qwen/Qwen3.5-2B,eb42da715add1437eced9e494b0f62f7,reasoning_quality,agent,0.0,"The agent failed to execute the goal because it did not generate any output, resulting in a complete lack of reasoning steps. Consequently, the evaluation cannot assess the quality of the reasoning chain, leading to an incoherent response. [model=Qwen/Qwen3.5-2B]",4719.45,False,,0,eb42da715add1437eced9e494b0f62f7|reasoning_quality|agent|0,,,original
Qwen/Qwen3.5-2B,eb42da715add1437eced9e494b0f62f7,reasoning_quality,agent,0.0,"The agent's reasoning is flawed because it fails to recognize the file path error as a critical obstacle to automated extraction, leading to a complete abandonment of the tool-based approach. It then attempts to use a team member for a task that requires no external search, and finally fails again when the file is not found, resulting in no successful completion of the goal. [model=Qwen/Qwen3.5-2B]",7248.31,False,,1,eb42da715add1437eced9e494b0f62f7|reasoning_quality|agent|1,,,original
Qwen/Qwen3.5-2B,eb42da715add1437eced9e494b0f62f7,reasoning_quality,agent,0.25,"The agent correctly identifies the need to inspect the file using the specified tool but fails to execute the tool call properly, resulting in a FileNotFoundError. The reasoning chain is broken because the tool execution step is incomplete, preventing the agent from accessing the file content required to solve the task. [model=Qwen/Qwen3.5-2B]",6123.19,False,,2,eb42da715add1437eced9e494b0f62f7|reasoning_quality|agent|2,,,original
Qwen/Qwen3.5-2B,ee9335fbe7329b273a8d922bd3f73b84,helpfulness,trace,0.0,"The response provides a single-word answer ('tricky') without attempting to identify the specific journal, authors, or the actual quote from Emily Midkiff's June 2014 article, failing to provide the necessary information to solve the user's query. [model=Qwen/Qwen3.5-2B]",5176.81,False,,0,ee9335fbe7329b273a8d922bd3f73b84|helpfulness|trace|0,,,original
Qwen/Qwen3.5-2B,ee9335fbe7329b273a8d922bd3f73b84,accuracy,trace,0.0,"The response 'tricksy' is incorrect because the question refers to a specific quote from the journal 'Dragon' (named after Hreidmar's son) published in June 2014 by Emily Midkiff, which is a fictional work from the *Lord of the Rings* universe. The actual quote is 'I am a dragon' from the book *The Hobbit*, not a real-world journal article. The response fails to identify the fictional nature of the work and provides a nonsensical answer. [model=Qwen/Qwen3.5-2B]",8159.93,False,,0,ee9335fbe7329b273a8d922bd3f73b84|accuracy|trace|0,,,original
Qwen/Qwen3.5-2B,ee9335fbe7329b273a8d922bd3f73b84,groundedness,trace,0.25,"The provided evidence contains a search result for the exact query but fails to identify the specific word quoted from two different authors in distaste for dragon depictions. The search results only mention 'Dragons Are Tricksy' as a title or theme, not the specific word requested. The provided file is incomplete and does not contain the full text of the article to verify the claim. Consequently, the agent cannot derive the specific word from the available evidence. [model=Qwen/Qwen3.5-2B]",7537.17,False,,0,ee9335fbe7329b273a8d922bd3f73b84|groundedness|trace|0,,,original
Qwen/Qwen3.5-2B,ee9335fbe7329b273a8d922bd3f73b84,instruction_following,agent,0.0,"The agent failed to provide any response or execution steps, resulting in a score of 0.0 as no instructions were followed. [model=Qwen/Qwen3.5-2B]",4064.23,False,,0,ee9335fbe7329b273a8d922bd3f73b84|instruction_following|agent|0,,,original
Qwen/Qwen3.5-2B,ee9335fbe7329b273a8d922bd3f73b84,instruction_following,agent,0.55,"The agent successfully followed the primary instruction to provide a step-by-step plan and a final answer using the specified format. However, the agent failed to follow the explicit instruction in Step 30 to 'Put all these in your final_answer tool' by not actually calling the `final_answer` tool in the last step. Instead, it provided a summary of work in the final response, which violates the constraint to use the `final_answer` tool for the output. Additionally, the search for the specific query failed twice, and the agent did not rephrase the query to find results, violating the instruction to 'take care not to repeat previous errors' and 'provide as much context as possible'. [model=Qwen/Qwen3.5-2B]",29857.54,False,,1,ee9335fbe7329b273a8d922bd3f73b84|instruction_following|agent|1,"Invalid judge JSON; saved raw output instead. 1 validation error for JudgeOutput
  Invalid JSON: EOF while parsing a string at line 2 column 804 [type=json_invalid, input_value='{\n  ""explanation"": ""The...ater steps results in a', input_type=str]
    For further information visit https://errors.pydantic.dev/2.13/v/json_invalid",,rerun
Qwen/Qwen3.5-2B,ee9335fbe7329b273a8d922bd3f73b84,instruction_following,agent,0.55,"The agent successfully followed the core instruction to provide a structured response with three specific sections (Task outcome, Task outcome, Additional context) as required by the final_answer tool specification. However, the agent failed to follow the explicit instruction to 'not provide a one-line answer' and instead provided a detailed breakdown of facts and a step-by-step plan, which contradicts the formatting constraint. Additionally, the agent failed to actually execute the search or inspect the file to gather the required information, leading to a failure in the task outcome despite following the procedural steps. [model=Qwen/Qwen3.5-2B]",10561.6,False,,2,ee9335fbe7329b273a8d922bd3f73b84|instruction_following|agent|2,,,original
Qwen/Qwen3.5-2B,ee9335fbe7329b273a8d922bd3f73b84,reasoning_quality,agent,0.0,"The agent failed to execute the goal because it did not generate any output, resulting in a complete lack of reasoning steps. Consequently, the evaluation cannot assess the quality of the reasoning chain, leading to an incoherent response. [model=Qwen/Qwen3.5-2B]",4687.54,False,,0,ee9335fbe7329b273a8d922bd3f73b84|reasoning_quality|agent|0,,,original
Qwen/Qwen3.5-2B,ee9335fbe7329b273a8d922bd3f73b84,reasoning_quality,agent,0.55,"The agent demonstrates strong logical reasoning by systematically identifying the missing bibliographic details (Step 20) and then using the search tool to locate the specific article (Step 13). However, the subsequent steps reveal a critical flaw: the agent fails to actually inspect the PDF file content to find the specific word, instead relying on a pre-existing error message from a previous failed attempt (Step 29) and failing to extract the required passage. This leads to an incorrect conclusion that the text is missing, which is a logical error because the search results confirm the article exists, but the agent did not verify the content of the file itself. [model=Qwen/Qwen3.5-2B]",12995.21,False,,1,ee9335fbe7329b273a8d922bd3f73b84|reasoning_quality|agent|1,,,original
Qwen/Qwen3.5-2B,ee9335fbe7329b273a8d922bd3f73b84,reasoning_quality,agent,0.55,"The agent demonstrates strong logical reasoning by systematically evaluating the task constraints, identifying the limitations of the provided file, and correctly choosing the appropriate tool (inspect_file_as_text) to address the missing data. It then iteratively refines its search strategy using web_search and page navigation, showing adaptability and a clear understanding of the problem's requirements. However, the final step reveals a critical flaw: the agent fails to actually inspect the file content to verify the presence of the specific word, instead relying on a previous observation that the file does not contain the full text, which contradicts the initial successful search result. This lack of verification renders the final conclusion invalid. [model=Qwen/Qwen3.5-2B]",11101.02,False,,2,ee9335fbe7329b273a8d922bd3f73b84|reasoning_quality|agent|2,,,original
Qwen/Qwen3.5-2B,ee939c276d2bdab808593f5121c52faf,helpfulness,trace,0.0,"The agent failed to identify the specific book or author referenced by the DOI, nor did it search for external sources to verify the information, making the answer 'Kleinpaul' likely incorrect or unsupported. [model=Qwen/Qwen3.5-2B]",5671.29,False,,0,ee939c276d2bdab808593f5121c52faf|helpfulness|trace|0,,,original
Qwen/Qwen3.5-2B,ee939c276d2bdab808593f5121c52faf,accuracy,trace,0.0,"The response provides a specific name ('Kleinpaul') but fails to provide the last name of the neurologist mentioned in the book, nor does it cite the source of this information. The book DOI provided is likely incorrect or non-existent, rendering the entire premise unreliable. Consequently, the answer is factually incorrect. [model=Qwen/Qwen3.5-2B]",5868.57,False,,0,ee939c276d2bdab808593f5121c52faf|accuracy|trace|0,,,original
Qwen/Qwen3.5-2B,ee939c276d2bdab808593f5121c52faf,groundedness,trace,0.0,"The provided evidence consists of a single search result for the DOI '10.1353/book.24372' which leads to a webpage titled 'Invar' but does not contain the specific text regarding 'endopsychic myths' or the name of the influential author. The search for 'neurologist' yielded no results. Consequently, the specific factual claim about the author's name is not supported by the available evidence. [model=Qwen/Qwen3.5-2B]",7352.04,False,,0,ee939c276d2bdab808593f5121c52faf|groundedness|trace|0,,,original
Qwen/Qwen3.5-2B,ee939c276d2bdab808593f5121c52faf,instruction_following,agent,0.0,"The agent failed to provide any response or execution steps, resulting in a score of 0.0 as no instructions were followed. [model=Qwen/Qwen3.5-2B]",3755.69,False,,0,ee939c276d2bdab808593f5121c52faf|instruction_following|agent|0,,,original
Qwen/Qwen3.5-2B,ee939c276d2bdab808593f5121c52faf,instruction_following,agent,0.55,"The agent successfully followed the primary instruction to provide a non-location-based summary of scholarly commentary regarding Chapter 2 of the specified book, identifying the influential author (Kleinpaul) and the concept ('endopsychic myths'). However, the agent failed to strictly adhere to the formatting constraints of the final_answer tool, as it did not include the required three-part structure (Task outcome short, Task outcome detailed, Additional context) in the final output, instead providing a direct answer without the structured context as mandated by the task description. [model=Qwen/Qwen3.5-2B]",26340.19,False,,1,ee939c276d2bdab808593f5121c52faf|instruction_following|agent|1,,,original
Qwen/Qwen3.5-2B,ee939c276d2bdab808593f5121c52faf,instruction_following,agent,0.75,"The agent successfully identified the book via DOI, located the relevant chapter through a web search, and attempted to access the full text using the inspect_file_as_text tool. However, the provided PDF file does not contain the full text of Chapter 2, only Chapter 1 and front matter, making the specific passage about the neurologist's belief in 'endopsychic myths' and the influential author's name unobtainable from the current file. The agent correctly identified this limitation and provided a detailed explanation of the outcome. [model=Qwen/Qwen3.5-2B]",11324.59,False,,2,ee939c276d2bdab808593f5121c52faf|instruction_following|agent|2,,,original
Qwen/Qwen3.5-2B,ee939c276d2bdab808593f5121c52faf,instruction_following,agent,0.25,"The agent successfully identified the need to search for the specific book and chapter content using the provided DOI. It correctly structured its response according to the requested format, including the three required sections (Task outcome, Task outcome, Additional context). However, the agent failed to actually execute the search or retrieve the text, as it only listed the plan and did not use the `web_search` tool to obtain the information, nor did it attempt to access the book via the DOI or file inspection tools. [model=Qwen/Qwen3.5-2B]",8801.53,False,,3,ee939c276d2bdab808593f5121c52faf|instruction_following|agent|3,,,original
Qwen/Qwen3.5-2B,ee939c276d2bdab808593f5121c52faf,instruction_following,agent,0.5,"The agent successfully followed the instruction to provide a high-level plan based on the updated facts. It correctly identified the need to locate the specific section in the PDF regarding 'endopsychic myths' and identified the need to search for additional scholarly commentary. However, the plan was incomplete; it stopped mid-sentence in Step 18 without executing the subsequent steps to find the specific influential author's name or the final answer structure required by the task. [model=Qwen/Qwen3.5-2B]",23901.03,False,,4,ee939c276d2bdab808593f5121c52faf|instruction_following|agent|4,"Invalid judge JSON; saved raw output instead. 1 validation error for JudgeOutput
  Invalid JSON: EOF while parsing a string at line 2 column 803 [type=json_invalid, input_value='{\n  ""explanation"": ""The...ed without the required', input_type=str]
    For further information visit https://errors.pydantic.dev/2.13/v/json_invalid",,rerun
Qwen/Qwen3.5-2B,ee939c276d2bdab808593f5121c52faf,reasoning_quality,agent,0.0,"The agent failed to execute the goal because it did not generate any output, resulting in a complete lack of reasoning steps. Consequently, the evaluation cannot assess the quality of the reasoning chain, leading to an incoherent response. [model=Qwen/Qwen3.5-2B]",4807.74,False,,0,ee939c276d2bdab808593f5121c52faf|reasoning_quality|agent|0,,,original
Qwen/Qwen3.5-2B,ee939c276d2bdab808593f5121c52faf,reasoning_quality,agent,0.55,"The agent successfully identifies the book via DOI, locates the relevant chapter and keywords, and uses web search to find scholarly commentary. However, the agent fails to extract the specific passage or author's name from the PDF content because the tool execution fails due to a syntax error in the input arguments, preventing the retrieval of the required text. The final answer is incomplete and does not provide the necessary context to verify the author's name. [model=Qwen/Qwen3.5-2B]",23225.93,False,,1,ee939c276d2bdab808593f5121c52faf|reasoning_quality|agent|1,,,original
Qwen/Qwen3.5-2B,ee939c276d2bdab808593f5121c52faf,reasoning_quality,agent,1.0,"The agent's reasoning is logically sound and purposeful. It correctly identifies the need to access the full text of Chapter 2 via the DOI, selects the appropriate tool (inspect_file_as_text) for the PDF format, and executes the search for the specific keywords ('endopsychic myths', 'neurologist') within the retrieved content. The steps are well-reasoned, and the agent successfully locates the relevant information within the provided text, fulfilling the task requirements. [model=Qwen/Qwen3.5-2B]",10226.32,False,,2,ee939c276d2bdab808593f5121c52faf|reasoning_quality|agent|2,"Invalid judge JSON; saved raw output instead. 1 validation error for JudgeOutput
  Invalid JSON: EOF while parsing an object at line 3 column 12 [type=json_invalid, input_value='{\n  ""explanation"": ""The...itself."",\n  ""score"": 0', input_type=str]
    For further information visit https://errors.pydantic.dev/2.13/v/json_invalid",,rerun
Qwen/Qwen3.5-2B,ee939c276d2bdab808593f5121c52faf,reasoning_quality,agent,0.75,"The agent demonstrates logical reasoning by first identifying the specific constraints of the task (copyright restrictions, need for context) and then selecting the appropriate tool (web_search) to gather necessary information. It correctly structures the plan to address the task requirements while adhering to safety guidelines regarding copyrighted material. [model=Qwen/Qwen3.5-2B]",6896.69,False,,3,ee939c276d2bdab808593f5121c52faf|reasoning_quality|agent|3,,,original
Qwen/Qwen3.5-2B,ee939c276d2bdab808593f5121c52faf,reasoning_quality,agent,1.0,"The agent demonstrates strong logical reasoning by first identifying the specific task constraints (Chapter 2, 'endopsychic myths', last name only) and then systematically selecting the appropriate tools (web_search, visit_page, find_on_page_ctrl_f) to gather and verify information. The steps flow naturally from data collection to extraction and finally to synthesis, ensuring all required output components are addressed. [model=Qwen/Qwen3.5-2B]",8299.56,False,,4,ee939c276d2bdab808593f5121c52faf|reasoning_quality|agent|4,,,original
Qwen/Qwen3.5-2B,ef0207e4427fe22aeb1c2105932b74d7,helpfulness,trace,0.0,"The agent failed to answer the question by providing no information about the specific writer or source cited by Merriam-Webster for the Word of the Day on that date. It simply stated 'FINAL ANSWER: Annie Levin' without verifying or explaining the source, which is a hallucination or incorrect fact. [model=Qwen/Qwen3.5-2B]",5933.18,False,,0,ef0207e4427fe22aeb1c2105932b74d7|helpfulness|trace|0,,,original
Qwen/Qwen3.5-2B,ef0207e4427fe22aeb1c2105932b74d7,accuracy,trace,0.0,"The response provides a specific name (Annie Levin) without any citation or verification of the source material, which contradicts the instruction to provide a correct answer and to ensure reliability. This lack of evidence makes the claim highly suspect. [model=Qwen/Qwen3.5-2B]",4724.55,False,,0,ef0207e4427fe22aeb1c2105932b74d7|accuracy|trace|0,,,original
Qwen/Qwen3.5-2B,ef0207e4427fe22aeb1c2105932b74d7,groundedness,trace,0.55,"The agent correctly identified the specific task (finding the writer for the Word of the Day on June 27, 2022) and utilized the provided evidence from the 'web_search' and 'visit_page' tools to locate the relevant page. However, the agent failed to perform the necessary verification step using the 'find_on_page_ctrl_f' tool to confirm the exact attribution and quote within the source text, leading to a potential factual error in the final answer. [model=Qwen/Qwen3.5-2B]",7952.83,False,,0,ef0207e4427fe22aeb1c2105932b74d7|groundedness|trace|0,,,original
Qwen/Qwen3.5-2B,ef0207e4427fe22aeb1c2105932b74d7,instruction_following,agent,0.0,"The agent failed to provide any response or execution steps, resulting in a score of 0.0 as no instructions were followed. [model=Qwen/Qwen3.5-2B]",4162.42,False,,0,ef0207e4427fe22aeb1c2105932b74d7|instruction_following|agent|0,,,original
Qwen/Qwen3.5-2B,ef0207e4427fe22aeb1c2105932b74d7,instruction_following,agent,0.55,"The agent successfully identified the task, learned the necessary facts (Merriam-Webster page URL, word 'jingoism', and the need to locate the attribution), and executed a multi-step plan involving web search, page navigation, and text search to find the writer. However, the final answer was not returned in the expected format as a structured object containing 'Task outcome', 'Task outcome (extremely detailed)', and 'Additional context' within the `final_answer` tool call, nor was the `final_answer` tool explicitly called in the last step to present the result. The agent provided a summary of work instead of the required structured output. [model=Qwen/Qwen3.5-2B]",19018.88,False,,1,ef0207e4427fe22aeb1c2105932b74d7|instruction_following|agent|1,"Invalid judge JSON; saved raw output instead. 1 validation error for JudgeOutput
  Invalid JSON: EOF while parsing a value at line 3 column 10 [type=json_invalid, input_value='{\n  ""explanation"": ""The... content."",\n  ""score"":', input_type=str]
    For further information visit https://errors.pydantic.dev/2.13/v/json_invalid",,rerun
Qwen/Qwen3.5-2B,ef0207e4427fe22aeb1c2105932b74d7,instruction_following,agent,0.55,"The agent successfully identified the task requirements, learned the correct URL, and navigated to the page. However, the agent failed to locate the quotation and attribution section by repeatedly searching for specific characters ('""', '—') and scrolling, while also encountering errors with the 'page_down' tool when using empty arguments. The final answer was generated but lacked the required detailed context and context about the specific section found. [model=Qwen/Qwen3.5-2B]",9656.53,False,,2,ef0207e4427fe22aeb1c2105932b74d7|instruction_following|agent|2,"Invalid judge JSON; saved raw output instead. 1 validation error for JudgeOutput
  Invalid JSON: EOF while parsing a string at line 2 column 710 [type=json_invalid, input_value='{\n  ""explanation"": ""The...t use the \'find_next\'', input_type=str]
    For further information visit https://errors.pydantic.dev/2.13/v/json_invalid",,rerun
Qwen/Qwen3.5-2B,ef0207e4427fe22aeb1c2105932b74d7,reasoning_quality,agent,0.0,"The agent failed to execute the goal because it did not generate any output, resulting in a complete lack of reasoning steps. Consequently, the evaluation cannot assess the quality of the reasoning chain, leading to an incoherent response. [model=Qwen/Qwen3.5-2B]",4679.79,False,,0,ef0207e4427fe22aeb1c2105932b74d7|reasoning_quality|agent|0,,,original
Qwen/Qwen3.5-2B,ef0207e4427fe22aeb1c2105932b74d7,reasoning_quality,agent,1.0,"The agent demonstrates strong logical reasoning by systematically using the search_agent to identify the correct URL, then attempting to locate the specific quotation using various search strings ('“', '—', 'quote') and scrolling through the page. The agent correctly identifies that the quotation is found on page 12 of 21, where the text '— Annie Levin, The New York Observer, 7 Mar. 2022' is visible. The final answer correctly extracts 'Annie Levin' as the writer. The reasoning is sound, the tools are used appropriately, and the steps logically lead to the correct conclusion. [model=Qwen/Qwen3.5-2B]",19011.52,False,,1,ef0207e4427fe22aeb1c2105932b74d7|reasoning_quality|agent|1,,,original
Qwen/Qwen3.5-2B,ef0207e4427fe22aeb1c2105932b74d7,reasoning_quality,agent,0.95,"The agent demonstrates strong logical reasoning by systematically identifying the task requirements, selecting appropriate tools (web_search, visit_page, find_on_page_ctrl_f), and adapting its strategy when initial searches fail (e.g., searching for '—' instead of '“'). The plan evolves from broad searches to specific string matching, and finally to page navigation, showing a clear understanding of the page structure and the need to inspect the full content. The final step of finding the 'quote' string is logically sound as the most direct way to locate the attribution. [model=Qwen/Qwen3.5-2B]",10915.1,False,,2,ef0207e4427fe22aeb1c2105932b74d7|reasoning_quality|agent|2,,,original
Qwen/Qwen3.5-2B,f04b425c107f7b972209528a46c407d9,helpfulness,trace,0.0,"The agent failed to solve the problem because it did not actually read or utilize the provided text file, nor did it perform any logical reasoning or verification steps to determine the minimum number of towers. It simply output a number without showing the work or data analysis required to reach that conclusion. [model=Qwen/Qwen3.5-2B]",6026.02,False,,0,f04b425c107f7b972209528a46c407d9|helpfulness|trace|0,,,original
Qwen/Qwen3.5-2B,f04b425c107f7b972209528a46c407d9,accuracy,trace,0.0,"The response provides a numerical answer but fails to perform the required verification steps or derive the correct minimum number of towers based on the provided data file. It makes a definitive claim without evidence, which is a significant factual error regarding the task's requirements. [model=Qwen/Qwen3.5-2B]",4941.38,False,,0,f04b425c107f7b972209528a46c407d9|accuracy|trace|0,,,original
Qwen/Qwen3.5-2B,f04b425c107f7b972209528a46c407d9,groundedness,trace,0.0,"The agent's response provides a numerical answer (2) without any supporting evidence or reasoning. The available evidence consists of empty tool result logs, which contain no data to validate the calculation or the existence of the answer. Consequently, the response fails to ground its factual claim in any available evidence. [model=Qwen/Qwen3.5-2B]",5506.0,False,,0,f04b425c107f7b972209528a46c407d9|groundedness|trace|0,,,original
Qwen/Qwen3.5-2B,f04b425c107f7b972209528a46c407d9,instruction_following,agent,0.0,"The agent failed to provide any response or execution steps, resulting in a score of 0.0 as no instructions were followed. [model=Qwen/Qwen3.5-2B]",3411.07,False,,0,f04b425c107f7b972209528a46c407d9|instruction_following|agent|0,,,original
Qwen/Qwen3.5-2B,f04b425c107f7b972209528a46c407d9,instruction_following,agent,0.0,"The agent failed to solve the task because it repeatedly attempted to read a file using the `inspect_file_as_text` tool, which consistently failed with a `FileNotFoundError` and `FileConversionException`. The agent did not use the `search_agent` tool to retrieve the file content as instructed in the plan, nor did it verify the file's existence or path. Consequently, it could not parse the road layout or house positions to calculate the minimum number of cell phone towers. [model=Qwen/Qwen3.5-2B]",8688.95,False,,1,f04b425c107f7b972209528a46c407d9|instruction_following|agent|1,,,original
Qwen/Qwen3.5-2B,f04b425c107f7b972209528a46c407d9,reasoning_quality,agent,0.0,"The agent failed to execute the goal because it did not generate any output, resulting in a complete lack of reasoning steps. Consequently, the evaluation cannot assess the quality of the reasoning chain, leading to an incoherent response. [model=Qwen/Qwen3.5-2B]",5485.02,False,,0,f04b425c107f7b972209528a46c407d9|reasoning_quality|agent|0,,,original
Qwen/Qwen3.5-2B,f04b425c107f7b972209528a46c407d9,reasoning_quality,agent,0.0,"The agent's reasoning is flawed because it fails to recognize that the file path 'data/gaia/validation/389793a7-ca17-4e82-81cb-2b3a2391b4b9.txt' does not exist on the local filesystem, leading to repeated and illogical attempts to load a non-existent file. It also fails to utilize the search_agent tool to locate the file, instead persistently using a tool that cannot handle the specific file extension or path format, resulting in a complete failure to retrieve the necessary data. [model=Qwen/Qwen3.5-2B]",9836.29,False,,1,f04b425c107f7b972209528a46c407d9|reasoning_quality|agent|1,,,original
Qwen/Qwen3.5-2B,f2de3b74884dc2312bb0fbf7c9867a9c,helpfulness,trace,0.0,"The agent failed to fulfill the task by providing a definitive answer instead of listing the necessary facts to solve the problem. It did not identify the specific date in November or the source of the information, nor did it attempt to locate the required book or article. [model=Qwen/Qwen3.5-2B]",5271.13,False,,0,f2de3b74884dc2312bb0fbf7c9867a9c|helpfulness|trace|0,,,original
Qwen/Qwen3.5-2B,f2de3b74884dc2312bb0fbf7c9867a9c,accuracy,trace,0.5,"The response fails because it cannot answer the question due to a fundamental lack of information. The task explicitly references a specific location in a book (page 11, endnote, second-to-last paragraph) which is not provided in the prompt, making it impossible to verify or derive the date. Consequently, the stated inability to determine is accurate, but the response does not offer any alternative sources or reasoning to help the user locate the missing data. [model=Qwen/Qwen3.5-2B]",7784.03,False,,0,f2de3b74884dc2312bb0fbf7c9867a9c|accuracy|trace|0,,,original
Qwen/Qwen3.5-2B,f2de3b74884dc2312bb0fbf7c9867a9c,groundedness,trace,0.0,"The agent failed to provide a factual answer despite the task's explicit instruction that the correct answer exists and that the agent has access to all relevant tools. The response states 'Unable to determine' without attempting to utilize the provided tool or search mechanism, which directly contradicts the task's premise of having access to the necessary resources. [model=Qwen/Qwen3.5-2B]",6133.54,False,,0,f2de3b74884dc2312bb0fbf7c9867a9c|groundedness|trace|0,,,original
Qwen/Qwen3.5-2B,f2de3b74884dc2312bb0fbf7c9867a9c,instruction_following,agent,0.0,"The agent failed to provide any response or execution steps, resulting in a score of 0.0 as no instructions were followed. [model=Qwen/Qwen3.5-2B]",3621.16,False,,0,f2de3b74884dc2312bb0fbf7c9867a9c|instruction_following|agent|0,,,original
Qwen/Qwen3.5-2B,f2de3b74884dc2312bb0fbf7c9867a9c,instruction_following,agent,0.0,"The agent failed to follow the primary instruction to use the provided tools (visualizer, inspect_file_as_text, final_answer) to solve the task. Instead, it ignored the tool constraints, ignored the specific request to extract a number from the endnote, and instead used a team member search to find a PDF, which is an invalid tool for the task. It also failed to provide the final answer as required. [model=Qwen/Qwen3.5-2B]",7711.14,False,,1,f2de3b74884dc2312bb0fbf7c9867a9c|instruction_following|agent|1,,,original
Qwen/Qwen3.5-2B,f2de3b74884dc2312bb0fbf7c9867a9c,reasoning_quality,agent,0.0,"The agent failed to execute the goal because it did not generate any output, resulting in a complete lack of reasoning steps. Consequently, the evaluation cannot assess the quality of the reasoning chain, leading to an incoherent response. [model=Qwen/Qwen3.5-2B]",6415.06,False,,0,f2de3b74884dc2312bb0fbf7c9867a9c|reasoning_quality|agent|0,,,original
Qwen/Qwen3.5-2B,f2de3b74884dc2312bb0fbf7c9867a9c,reasoning_quality,agent,0.25,"The agent's plan is logically sound as it correctly identifies the need to locate the specific book via DOI, which is the primary obstacle. It then selects the appropriate tools (search_agent and inspect_file_as_text) to address this need. However, the plan is incomplete as it cuts off mid-sentence in Step 3, and the subsequent steps rely on a tool that may not be available or functional for the specific task (final_answer) without a clear execution path. This lack of a complete, actionable plan results in a failure to execute the task. [model=Qwen/Qwen3.5-2B]",9954.27,False,,1,f2de3b74884dc2312bb0fbf7c9867a9c|reasoning_quality|agent|1,,,original
Qwen/Qwen3.5-2B,f39aec9b8a61fd2aaed5849cc00bc165,helpfulness,trace,0.0,"The agent failed to answer the question because it did not identify the actor who played Ray in the Polish version of Everybody Loves Raymond, nor did it provide the specific name of the actor who played Magda M. in that role. [model=Qwen/Qwen3.5-2B]",5131.49,False,,0,f39aec9b8a61fd2aaed5849cc00bc165|helpfulness|trace|0,,,original
Qwen/Qwen3.5-2B,f39aec9b8a61fd2aaed5849cc00bc165,accuracy,trace,0.25,"The response identifies the actor as Marek, who played Ray in the Polish version of Everybody Loves Raymond. However, the actor is actually Marek Kwasny, and the character's name is Ray, not 'Magda M.'. The response incorrectly conflates the actor's surname with the character's name or misidentifies the character's full name. [model=Qwen/Qwen3.5-2B]",6723.87,False,,0,f39aec9b8a61fd2aaed5849cc00bc165|accuracy|trace|0,,,original
Qwen/Qwen3.5-2B,f39aec9b8a61fd2aaed5849cc00bc165,groundedness,trace,0.0,"The agent failed to provide the correct answer because the provided evidence ('Tool Results: (no result)') indicates that the necessary data to solve the query was not available or accessible to the agent. Consequently, the response is unsupported by the evidence, and the task cannot be completed as the agent did not utilize the available tools to find the answer. [model=Qwen/Qwen3.5-2B]",5907.39,False,,0,f39aec9b8a61fd2aaed5849cc00bc165|groundedness|trace|0,,,original
Qwen/Qwen3.5-2B,f39aec9b8a61fd2aaed5849cc00bc165,instruction_following,agent,0.0,"The agent failed to provide any response or execution steps, resulting in a score of 0.0 as no instructions were followed. [model=Qwen/Qwen3.5-2B]",3401.04,False,,0,f39aec9b8a61fd2aaed5849cc00bc165|instruction_following|agent|0,,,original
Qwen/Qwen3.5-2B,f39aec9b8a61fd2aaed5849cc00bc165,instruction_following,agent,0.25,"The agent failed to follow the specific instruction to use the `search_agent` tool for the search task, instead attempting to manually search the web. It also failed to use the `visualizer` tool as required by the task description. The final answer was not provided, and the plan was incomplete. [model=Qwen/Qwen3.5-2B]",6213.65,False,,1,f39aec9b8a61fd2aaed5849cc00bc165|instruction_following|agent|1,,,original
Qwen/Qwen3.5-2B,f39aec9b8a61fd2aaed5849cc00bc165,reasoning_quality,agent,0.0,"The agent failed to execute the goal because it did not generate any output, resulting in a complete lack of reasoning steps. Consequently, the evaluation cannot assess the quality of the reasoning chain, leading to an incoherent response. [model=Qwen/Qwen3.5-2B]",5152.79,False,,0,f39aec9b8a61fd2aaed5849cc00bc165|reasoning_quality|agent|0,,,original
Qwen/Qwen3.5-2B,f39aec9b8a61fd2aaed5849cc00bc165,reasoning_quality,agent,0.0,"The agent correctly identifies the need to search for the Polish adaptation and the specific actor, but it fails to utilize the provided tools effectively. It stops mid-execution in Step 2 and does not actually call the search_agent or any other tool to gather the necessary data, leading to a complete failure in the subsequent steps. This lack of tool usage makes the reasoning chain incoherent and the overall plan unachievable. [model=Qwen/Qwen3.5-2B]",7022.35,False,,1,f39aec9b8a61fd2aaed5849cc00bc165|reasoning_quality|agent|1,,,original
Qwen/Qwen3.5-2B,f510c80d120dc75e4259704184ee802d,helpfulness,trace,0.0,"The agent failed to solve the problem by providing a single statement instead of a complete logical derivation or a clear explanation of why the chosen option is the correct one. It did not perform the verification steps requested to ensure the answer is correct, nor did it list the specific facts or derivations needed to reach the conclusion. [model=Qwen/Qwen3.5-2B]",5711.89,False,,0,f510c80d120dc75e4259704184ee802d|helpfulness|trace|0,,,original
Qwen/Qwen3.5-2B,f510c80d120dc75e4259704184ee802d,accuracy,trace,1.0,"The response correctly identifies that the expression (¬A → B) ↔ (A ∨ ¬B) is the one that does not match the others, which are all variations of the Law of Non-Contradiction (specifically, the equivalence between a conditional and its contrapositive or the negation of a disjunction). The reasoning is sound and the final answer is factually correct. [model=Qwen/Qwen3.5-2B]",6761.16,False,,0,f510c80d120dc75e4259704184ee802d|accuracy|trace|0,,,original
Qwen/Qwen3.5-2B,f510c80d120dc75e4259704184ee802d,groundedness,trace,0.0,"The agent failed to provide the correct answer because the provided evidence ('Tool Results: (no result)') explicitly states that no result was found, directly contradicting the claim that the correct answer exists. The agent also failed to derive the specific logical equivalence from the provided truth table values, as no numerical or symbolic data was available to perform the derivation. [model=Qwen/Qwen3.5-2B]",6003.18,False,,0,f510c80d120dc75e4259704184ee802d|groundedness|trace|0,,,original
Qwen/Qwen3.5-2B,f510c80d120dc75e4259704184ee802d,instruction_following,agent,0.0,"The agent failed to provide any response or execution steps, resulting in a score of 0.0 as no instructions were followed. [model=Qwen/Qwen3.5-2B]",3589.18,False,,0,f510c80d120dc75e4259704184ee802d|instruction_following|agent|0,,,original
Qwen/Qwen3.5-2B,f510c80d120dc75e4259704184ee802d,instruction_following,agent,0.5,"The agent successfully followed the primary instruction to provide a step-by-step plan and a final answer. However, it failed to strictly adhere to the formatting constraint in Step 2, where it listed the facts in a numbered list instead of the required specific headings ('Facts given in the task', 'Facts to look up', 'Facts to derive'). It also failed to use the provided tools (visualizer, inspect_file_as_text, final_answer) as required by the system prompt, instead relying on its own reasoning and a placeholder tool call. [model=Qwen/Qwen3.5-2B]",9233.67,False,,1,f510c80d120dc75e4259704184ee802d|instruction_following|agent|1,,,original
Qwen/Qwen3.5-2B,f510c80d120dc75e4259704184ee802d,reasoning_quality,agent,0.0,"The agent failed to execute the goal because it did not generate any output, resulting in a complete lack of reasoning steps. Consequently, the evaluation cannot assess the quality of the reasoning chain, leading to an incoherent response. [model=Qwen/Qwen3.5-2B]",4927.9,False,,0,f510c80d120dc75e4259704184ee802d|reasoning_quality|agent|0,,,original
Qwen/Qwen3.5-2B,f510c80d120dc75e4259704184ee802d,reasoning_quality,agent,0.5,"The agent correctly identifies the task as a logical equivalence problem, lists the six statements, and selects the outlier based on the material implication rule. However, the execution steps are incomplete; the reasoning stops mid-sentence in Step 4, and the final answer is not actually provided in Step 7, violating the instruction to provide the full statement. [model=Qwen/Qwen3.5-2B]",6448.81,False,,1,f510c80d120dc75e4259704184ee802d|reasoning_quality|agent|1,,,original
Qwen/Qwen3.5-2B,f5a297c9b9bc74ca0b1060b1c4c99c0f,helpfulness,trace,0.0,"The agent failed to follow instructions by providing a specific year (1987) without verifying the data against the source mentioned (Google Finance) or the actual stock history, which is a factual claim that cannot be confirmed without external verification. [model=Qwen/Qwen3.5-2B]",4884.48,False,,0,f5a297c9b9bc74ca0b1060b1c4c99c0f|helpfulness|trace|0,,,original
Qwen/Qwen3.5-2B,f5a297c9b9bc74ca0b1060b1c4c99c0f,accuracy,trace,0.5,"The response provides a specific year (1987) but fails to address the critical constraint in the prompt regarding stock splits, which is a necessary condition for the 'first year' question. Without this adjustment, the answer is factually incomplete and potentially misleading regarding the actual historical record. [model=Qwen/Qwen3.5-2B]",5411.1,False,,0,f5a297c9b9bc74ca0b1060b1c4c99c0f|accuracy|trace|0,,,original
Qwen/Qwen3.5-2B,f5a297c9b9bc74ca0b1060b1c4c99c0f,groundedness,trace,0.0,"The agent failed to provide a correct answer because the provided evidence consists of irrelevant search results and technical tool definitions rather than the specific historical data required to determine the first year Apple stock exceeded $50. The search results do not contain the specific historical price data needed to answer the question, and the tool definitions are unrelated to the query. [model=Qwen/Qwen3.5-2B]",5940.8,False,,0,f5a297c9b9bc74ca0b1060b1c4c99c0f|groundedness|trace|0,,,original
Qwen/Qwen3.5-2B,f5a297c9b9bc74ca0b1060b1c4c99c0f,instruction_following,agent,0.0,"The agent failed to provide any response or execution steps, resulting in a score of 0.0 as no instructions were followed. [model=Qwen/Qwen3.5-2B]",3461.47,False,,0,f5a297c9b9bc74ca0b1060b1c4c99c0f|instruction_following|agent|0,,,original
Qwen/Qwen3.5-2B,f5a297c9b9bc74ca0b1060b1c4c99c0f,instruction_following,agent,0.55,"The agent successfully followed the core instruction to provide a final answer using the `final_answer` tool. However, it failed to strictly adhere to the formatting constraint in Step 20, where the user explicitly requested a specific structure for the `final_answer` tool (short version, extremely detailed version, and additional context). The agent only provided the final answer in Step 27, omitting the required structured sections, which violates the explicit formatting rules for the final output. [model=Qwen/Qwen3.5-2B]",13074.8,False,,1,f5a297c9b9bc74ca0b1060b1c4c99c0f|instruction_following|agent|1,,,original
Qwen/Qwen3.5-2B,f5a297c9b9bc74ca0b1060b1c4c99c0f,instruction_following,agent,0.55,"The agent successfully followed the instruction to provide a structured list of facts (given, to look up, to derive) and a high-level plan. However, the agent failed to strictly adhere to the formatting constraint for the final answer, as it did not include the required 'Task outcome' sections (short and extremely detailed) or the 'Additional context' section within the final_answer tool call. Additionally, the plan was not fully utilized as the agent did not explicitly write out the plan before the final answer generation, but rather jumped to searching for facts again. [model=Qwen/Qwen3.5-2B]",10928.67,False,,2,f5a297c9b9bc74ca0b1060b1c4c99c0f|instruction_following|agent|2,,,original
Qwen/Qwen3.5-2B,f5a297c9b9bc74ca0b1060b1c4c99c0f,reasoning_quality,agent,0.0,"The agent failed to execute the goal because it did not generate any output, resulting in a complete lack of reasoning steps. Consequently, the evaluation cannot assess the quality of the reasoning chain, leading to an incoherent response. [model=Qwen/Qwen3.5-2B]",4697.21,False,,0,f5a297c9b9bc74ca0b1060b1c4c99c0f|reasoning_quality|agent|0,,,original
Qwen/Qwen3.5-2B,f5a297c9b9bc74ca0b1060b1c4c99c0f,reasoning_quality,agent,1.0,"The agent demonstrates strong logical reasoning by systematically identifying the need for authoritative documentation and historical data, then selecting appropriate tools (web_search and visit_page) to gather this information. It correctly structures the plan to first search for documentation, then visit the specific Google Finance page to extract the relevant details, ensuring all required output components are included in the final answer. [model=Qwen/Qwen3.5-2B]",10517.86,False,,1,f5a297c9b9bc74ca0b1060b1c4c99c0f|reasoning_quality|agent|1,,,original
Qwen/Qwen3.5-2B,f5a297c9b9bc74ca0b1060b1c4c99c0f,reasoning_quality,agent,0.75,"The agent demonstrates strong logical reasoning by systematically addressing the task requirements. It correctly identifies the need to distinguish between raw and split-adjusted data, which is a critical constraint. The plan involves searching for documentation to clarify the methodology, followed by visiting the specific Google Finance help page to extract the relevant information. This approach directly addresses the goal of finding authoritative information and providing context. However, the final step of searching for the specific year when the price exceeded $50 is not explicitly detailed in the plan, which is a minor gap in the high-level plan structure. [model=Qwen/Qwen3.5-2B]",10866.33,False,,2,f5a297c9b9bc74ca0b1060b1c4c99c0f|reasoning_quality|agent|2,,,original
Qwen/Qwen3.5-2B,f75d18151ad96809e922a80ebe2a171e,helpfulness,trace,0.0,"The agent failed to answer the question by providing a specific feature name or value, instead offering a generic term ('citation count') that is not directly related to the DeepFruits graph's bubble size. It did not perform any search, derivation, or verification steps as requested. [model=Qwen/Qwen3.5-2B]",5316.15,False,,0,f75d18151ad96809e922a80ebe2a171e|helpfulness|trace|0,,,original
Qwen/Qwen3.5-2B,f75d18151ad96809e922a80ebe2a171e,accuracy,trace,0.0,"The response provides a single factual claim ('citation count') without any derivation or verification steps. This is highly speculative and likely incorrect, as the specific feature causing the largest bubble in the Connected Papers graph is not a standard, publicly documented fact that can be easily derived from the graph itself without external data. The response fails to provide the actual answer or any supporting evidence. [model=Qwen/Qwen3.5-2B]",6044.95,False,,0,f75d18151ad96809e922a80ebe2a171e|accuracy|trace|0,,,original
Qwen/Qwen3.5-2B,f75d18151ad96809e922a80ebe2a171e,groundedness,trace,0.0,"The provided evidence contains no information regarding the DeepFruits fruit detection graph, Connected Papers, or specific bubble sizes from 2016. The response claims to have access to all relevant tools but fails to provide any actual data or reasoning to support the answer 'citation count', which is not a factual claim about the graph's features. [model=Qwen/Qwen3.5-2B]",5918.3,False,,0,f75d18151ad96809e922a80ebe2a171e|groundedness|trace|0,,,original
Qwen/Qwen3.5-2B,f75d18151ad96809e922a80ebe2a171e,instruction_following,agent,0.0,"The agent failed to provide any response or execution steps, resulting in a score of 0.0 as no instructions were followed. [model=Qwen/Qwen3.5-2B]",3539.69,False,,0,f75d18151ad96809e922a80ebe2a171e|instruction_following|agent|0,,,original
Qwen/Qwen3.5-2B,f75d18151ad96809e922a80ebe2a171e,instruction_following,agent,0.25,"The agent failed to follow the primary instruction to use the provided tools (visualizer, inspect_file_as_text, final_answer) to solve the task. Instead, it generated a survey of facts and a high-level plan, but did not execute the required tool calls or produce the final answer using the specified format. It also failed to use the `search_agent` tool as permitted by the instructions. [model=Qwen/Qwen3.5-2B]",7371.56,False,,1,f75d18151ad96809e922a80ebe2a171e|instruction_following|agent|1,,,original
Qwen/Qwen3.5-2B,f75d18151ad96809e922a80ebe2a171e,reasoning_quality,agent,0.0,"The agent failed to execute the goal because it did not generate any output, resulting in a complete lack of reasoning steps. Consequently, the evaluation cannot assess the quality of the reasoning chain, leading to an incoherent response. [model=Qwen/Qwen3.5-2B]",5207.81,False,,0,f75d18151ad96809e922a80ebe2a171e|reasoning_quality|agent|0,,,original
Qwen/Qwen3.5-2B,f75d18151ad96809e922a80ebe2a171e,reasoning_quality,agent,0.25,"The agent correctly identifies the task as a specific query about a visualization from Connected Papers, but it fails to utilize the provided tools effectively. It attempts to derive facts from the task description itself rather than searching for external documentation or verifying the graph's data. Consequently, it cannot find the specific feature responsible for the bubble size, leading to a failure in the final step. [model=Qwen/Qwen3.5-2B]",7309.0,False,,1,f75d18151ad96809e922a80ebe2a171e|reasoning_quality|agent|1,,,original
Qwen/Qwen3.5-2B,f84e4dfe98f92d8d39a1e00115cd77df,helpfulness,trace,0.0,"The agent failed to answer the question by providing a specific number of revisions. It only stated '0' without any reasoning, verification steps, or data sources, failing to meet the requirement to find the correct answer through logical deduction or lookup. [model=Qwen/Qwen3.5-2B]",6030.49,False,,0,f84e4dfe98f92d8d39a1e00115cd77df|helpfulness|trace|0,,,original
Qwen/Qwen3.5-2B,f84e4dfe98f92d8d39a1e00115cd77df,accuracy,trace,0.0,"The response provides a definitive answer of '0' without attempting to locate the specific Wikipedia page or verify the data, which directly contradicts the task's requirement to find the correct answer. The response fails to follow the instruction to 'Find the Wikipedia page' and 'Run verification steps', rendering the output factually incorrect and unhelpful. [model=Qwen/Qwen3.5-2B]",6234.59,False,,0,f84e4dfe98f92d8d39a1e00115cd77df|accuracy|trace|0,,,original
Qwen/Qwen3.5-2B,f84e4dfe98f92d8d39a1e00115cd77df,groundedness,trace,0.25,"The agent correctly identified the specific game (Untitled Goose Game) and the award (BAFTA 2019) as the core facts. However, the response failed to derive the specific revision count requested, instead providing a generic '0' without any logical reasoning or evidence from the provided search results to support this number. The evidence shows the page exists and has history, but does not explicitly state the total revision count prior to the release date. [model=Qwen/Qwen3.5-2B]",7512.41,False,,0,f84e4dfe98f92d8d39a1e00115cd77df|groundedness|trace|0,,,original
Qwen/Qwen3.5-2B,f84e4dfe98f92d8d39a1e00115cd77df,instruction_following,agent,0.0,"The agent failed to provide any response or execution steps, resulting in a score of 0.0 as no instructions were followed. [model=Qwen/Qwen3.5-2B]",3584.23,False,,0,f84e4dfe98f92d8d39a1e00115cd77df|instruction_following|agent|0,,,original
Qwen/Qwen3.5-2B,f84e4dfe98f92d8d39a1e00115cd77df,instruction_following,agent,0.55,"The agent successfully followed the core instruction to provide a final answer in the specified format (Task outcome short, detailed, and context). However, it failed to strictly adhere to the formatting constraint in Step 52, where it used a dictionary structure for the final_answer instead of the required text structure (Task outcome short, detailed, context). Additionally, it encountered errors with the 'page_down' tool in Step 64, which is a minor technical failure, but the logical flow of the investigation was sound. [model=Qwen/Qwen3.5-2B]",19685.89,False,,1,f84e4dfe98f92d8d39a1e00115cd77df|instruction_following|agent|1,,,original
Qwen/Qwen3.5-2B,f84e4dfe98f92d8d39a1e00115cd77df,instruction_following,agent,0.55,"The agent successfully followed the core instruction to provide a structured response with three specific parts (Task outcome short, detailed, and context) within the final_answer tool. However, the agent failed to strictly adhere to the formatting constraint regarding the 'final_answer' tool content, as it only provided the '1. Facts given' section in the final output, missing the required '2. Task outcome' and '3. Additional context' sections. Additionally, the agent attempted to scroll the Wikipedia page using the 'page_down' tool multiple times, which resulted in errors, and did not successfully extract the revision history data to count the edits before the release month as required. [model=Qwen/Qwen3.5-2B]",17247.26,False,,2,f84e4dfe98f92d8d39a1e00115cd77df|instruction_following|agent|2,,,original
Qwen/Qwen3.5-2B,f84e4dfe98f92d8d39a1e00115cd77df,reasoning_quality,agent,0.0,"The agent failed to execute the goal because it did not generate any output, resulting in a complete lack of reasoning steps. Consequently, the evaluation cannot assess the quality of the reasoning chain, leading to an incoherent response. [model=Qwen/Qwen3.5-2B]",4377.36,False,,0,f84e4dfe98f92d8d39a1e00115cd77df|reasoning_quality|agent|0,,,original
Qwen/Qwen3.5-2B,f84e4dfe98f92d8d39a1e00115cd77df,reasoning_quality,agent,1.0,"The agent demonstrates excellent reasoning by systematically following the multi-step task requirements. It correctly identifies the need to verify the game identity, locate the Wikipedia page, extract the release date, and count revisions. The agent uses the 'final_answer' tool to consolidate the findings, ensuring all required output sections are present. The logic flows from task analysis to tool selection, to data extraction, and finally to structured output generation. [model=Qwen/Qwen3.5-2B]",20107.37,False,,1,f84e4dfe98f92d8d39a1e00115cd77df|reasoning_quality|agent|1,,,original
Qwen/Qwen3.5-2B,f84e4dfe98f92d8d39a1e00115cd77df,reasoning_quality,agent,1.0,"The agent demonstrates excellent reasoning by logically sequencing its approach: first confirming the game identity via search, then verifying the Wikipedia URL, extracting the release date from the infobox, and finally planning to access the revision history to count edits. The plan correctly identifies the need to use web_search for confirmation and revision history data, and the error handling for the 'page_down' tool is acknowledged and corrected. The steps are purposeful and directly address the multi-part task. [model=Qwen/Qwen3.5-2B]",15127.04,False,,2,f84e4dfe98f92d8d39a1e00115cd77df|reasoning_quality|agent|2,,,original
Qwen/Qwen3.5-2B,fa31e4af04a2469c88d6e8845e8aac69,helpfulness,trace,0.0,"The agent failed to solve the problem because it provided a final answer ('2') without performing the necessary calculations or deriving the required facts from the given information. It did not list the specific facts to look up or derive, nor did it show the logic used to reach the result. [model=Qwen/Qwen3.5-2B]",5382.42,False,,0,fa31e4af04a2469c88d6e8845e8aac69|helpfulness|trace|0,,,original
Qwen/Qwen3.5-2B,fa31e4af04a2469c88d6e8845e8aac69,accuracy,trace,0.0,"The response provides a definitive numerical answer without any reasoning or verification steps, which fails the task's requirement to 'provide a correct answer' and 'make sure you find the correct answer' by not actually solving the problem. The calculation logic is flawed because it ignores the specific constraint that 'second cousins' do not eat carbs, yet the provided answer of 2 bags is mathematically incorrect based on the given data (10 adults + 10 kids = 20 people, requiring 15 bags, not 2). [model=Qwen/Qwen3.5-2B]",8042.39,False,,0,fa31e4af04a2469c88d6e8845e8aac69|accuracy|trace|0,,,original
Qwen/Qwen3.5-2B,fa31e4af04a2469c88d6e8845e8aac69,groundedness,trace,0.0,"The agent's response provides a definitive numerical answer without any evidence or reasoning steps, failing to demonstrate that the answer is grounded in the provided text. The task explicitly states that the agent must identify facts to look up and derive, yet the response skips all derivation and verification steps, presenting a number as if it were a fact derived from the text. [model=Qwen/Qwen3.5-2B]",6932.47,False,,0,fa31e4af04a2469c88d6e8845e8aac69|groundedness|trace|0,,,original
Qwen/Qwen3.5-2B,fa31e4af04a2469c88d6e8845e8aac69,instruction_following,agent,0.0,"The agent failed to provide any response or execution steps, resulting in a score of 0.0 as no instructions were followed. [model=Qwen/Qwen3.5-2B]",3713.09,False,,0,fa31e4af04a2469c88d6e8845e8aac69|instruction_following|agent|0,,,original
Qwen/Qwen3.5-2B,fa31e4af04a2469c88d6e8845e8aac69,instruction_following,agent,0.5,"The agent successfully followed the primary instruction to provide a correct answer by deriving the family structure, calculating the potato consumption, and determining the number of bags needed. However, the execution steps show a failure in the final verification step: the agent called a tool to print the result, but the 'Observation' field shows 'None', and the final answer tool was called with an empty string argument, which likely resulted in no output or an error. This violates the instruction to 'find the correct answer' and 'provide a correct answer' by failing to actually output the result. [model=Qwen/Qwen3.5-2B]",11439.9,False,,1,fa31e4af04a2469c88d6e8845e8aac69|instruction_following|agent|1,,,original
Qwen/Qwen3.5-2B,fa31e4af04a2469c88d6e8845e8aac69,reasoning_quality,agent,0.0,"The agent failed to execute the goal because it did not generate any output, resulting in a complete lack of reasoning steps. Consequently, the evaluation cannot assess the quality of the reasoning chain, leading to an incoherent response. [model=Qwen/Qwen3.5-2B]",5021.09,False,,0,fa31e4af04a2469c88d6e8845e8aac69|reasoning_quality|agent|0,,,original
Qwen/Qwen3.5-2B,fa31e4af04a2469c88d6e8845e8aac69,reasoning_quality,agent,1.0,"The agent demonstrates strong logical reasoning by systematically breaking down the problem into facts, deriving the correct counts of attendees and children, and performing the necessary arithmetic. It correctly identifies the exclusion of the second cousins and the specific family structures, leading to the accurate calculation of 18 potatoes and 2 bags. The execution steps are coherent, purposeful, and fully address the task requirements. [model=Qwen/Qwen3.5-2B]",7289.7,False,,1,fa31e4af04a2469c88d6e8845e8aac69|reasoning_quality|agent|1,,,original
Qwen/Qwen3.5-2B,fb3333ca30eb8af56d4f31839ca9e317,helpfulness,trace,0.0,"The agent failed to perform the requested task by providing a single numerical value ('540') without any reasoning, verification steps, or data sources. It did not list facts, nor did it derive the answer from the provided task constraints, making the response completely unhelpful. [model=Qwen/Qwen3.5-2B]",5353.17,False,,0,fb3333ca30eb8af56d4f31839ca9e317|helpfulness|trace|0,,,original
Qwen/Qwen3.5-2B,fb3333ca30eb8af56d4f31839ca9e317,accuracy,trace,0.0,"The response provides a specific numerical answer (540) without showing the derivation steps or the source data used, making it impossible to verify the accuracy of the calculation or the validity of the input data (population figures). [model=Qwen/Qwen3.5-2B]",5561.34,False,,0,fb3333ca30eb8af56d4f31839ca9e317|accuracy|trace|0,,,original
Qwen/Qwen3.5-2B,fb3333ca30eb8af56d4f31839ca9e317,groundedness,trace,0.0,"The provided evidence contains no information regarding the population of chinstrap penguins, nor does it contain the specific data points (2018 Wikipedia vs. 2020 Nature.com) required to calculate the difference. Consequently, the response's claim of a correct answer is entirely unsupported by the available evidence. [model=Qwen/Qwen3.5-2B]",5699.94,False,,0,fb3333ca30eb8af56d4f31839ca9e317|groundedness|trace|0,,,original
Qwen/Qwen3.5-2B,fb3333ca30eb8af56d4f31839ca9e317,instruction_following,agent,0.0,"The agent failed to provide any response or execution steps, resulting in a score of 0.0 as no instructions were followed. [model=Qwen/Qwen3.5-2B]",3480.88,False,,0,fb3333ca30eb8af56d4f31839ca9e317|instruction_following|agent|0,,,original
Qwen/Qwen3.5-2B,fb3333ca30eb8af56d4f31839ca9e317,instruction_following,agent,0.25,"The agent failed to follow the instruction to use the `search_agent` tool to find information, instead attempting to manually search the web and then failing to find the specific data needed to solve the problem. It also failed to properly format the final answer using the `final_answer` tool as required by the system prompt rules. [model=Qwen/Qwen3.5-2B]",6456.23,False,,1,fb3333ca30eb8af56d4f31839ca9e317|instruction_following|agent|1,,,original
Qwen/Qwen3.5-2B,fb3333ca30eb8af56d4f31839ca9e317,reasoning_quality,agent,0.0,"The agent failed to execute the goal because it did not generate any output, resulting in a complete lack of reasoning steps. Consequently, the evaluation cannot assess the quality of the reasoning chain, leading to an incoherent response. [model=Qwen/Qwen3.5-2B]",4767.11,False,,0,fb3333ca30eb8af56d4f31839ca9e317|reasoning_quality|agent|0,,,original
Qwen/Qwen3.5-2B,fb3333ca30eb8af56d4f31839ca9e317,reasoning_quality,agent,0.25,"The agent correctly identifies the need to extract data from two specific sources (Wikipedia and Nature.com) and explicitly plans to use the web_search tool to locate the necessary information. It logically breaks down the task into finding the data, verifying units, and calculating the difference. However, the execution fails because the final step attempts to use a tool that does not exist ('final_answer') and the reasoning is cut short before the actual data extraction or calculation occurs. [model=Qwen/Qwen3.5-2B]",7635.86,False,,1,fb3333ca30eb8af56d4f31839ca9e317|reasoning_quality|agent|1,,,original
Qwen/Qwen3.5-2B,fcdcb46c7df316b571138b53bd3c822a,helpfulness,trace,0.0,"The response provides a definitive numerical answer ('12') without any reasoning, verification steps, or acknowledgment of the user's constraints regarding tool access. It fails to address the specific request for a preparatory survey of facts, making it unhelpful. [model=Qwen/Qwen3.5-2B]",5092.2,False,,0,fcdcb46c7df316b571138b53bd3c822a|helpfulness|trace|0,,,original
Qwen/Qwen3.5-2B,fcdcb46c7df316b571138b53bd3c822a,accuracy,trace,0.0,"The response provides a definitive numerical answer without any reasoning or verification steps, which is highly suspicious for a query about a specific count of academic articles. The claim that the answer exists and is accessible without verification contradicts the nature of such a specific, time-bound, and potentially dynamic dataset, making the response factually unreliable. [model=Qwen/Qwen3.5-2B]",5461.81,False,,0,fcdcb46c7df316b571138b53bd3c822a|accuracy|trace|0,,,original
Qwen/Qwen3.5-2B,fcdcb46c7df316b571138b53bd3c822a,groundedness,trace,0.0,"The provided evidence contains no results for the 'final_answer' tool, and the task explicitly states that the agent has access to all relevant tools to find the correct answer. Consequently, the response's claim of having the correct answer is unsupported by the available evidence. [model=Qwen/Qwen3.5-2B]",5086.4,False,,0,fcdcb46c7df316b571138b53bd3c822a|groundedness|trace|0,,,original
Qwen/Qwen3.5-2B,fcdcb46c7df316b571138b53bd3c822a,instruction_following,agent,0.0,"The agent failed to provide any response or execution steps, resulting in a score of 0.0 as no instructions were followed. [model=Qwen/Qwen3.5-2B]",3577.58,False,,0,fcdcb46c7df316b571138b53bd3c822a|instruction_following|agent|0,,,original
Qwen/Qwen3.5-2B,fcdcb46c7df316b571138b53bd3c822a,instruction_following,agent,0.55,"The agent successfully followed the primary instruction to provide a comprehensive preparatory survey of facts and a high-level plan. However, the agent failed to strictly adhere to the formatting constraints of the 'User request' section, specifically the requirement to use the `final_answer` tool with the exact three-part structure (Task outcome short, Task outcome detailed, Additional context) and to include the `search_agent` team member in the final output as per the instructions. The final answer provided was a direct text block rather than the required tool call format. [model=Qwen/Qwen3.5-2B]",9190.01,False,,1,fcdcb46c7df316b571138b53bd3c822a|instruction_following|agent|1,"Invalid judge JSON; saved raw output instead. 1 validation error for JudgeOutput
  Invalid JSON: EOF while parsing a string at line 2 column 793 [type=json_invalid, input_value='{\n  ""explanation"": ""The...tional variables in our', input_type=str]
    For further information visit https://errors.pydantic.dev/2.13/v/json_invalid",,rerun
Qwen/Qwen3.5-2B,fcdcb46c7df316b571138b53bd3c822a,instruction_following,agent,0.25,"The agent successfully identified the task requirements and constructed a plan to search the Arxiv database for 'hep-lat' articles in January 2020. However, the provided response only contains the initial analysis steps and a partial plan; it does not execute the search, nor does it generate the required 'final_answer' with the three specific sections (Task outcome, detailed version, and additional context) as mandated by the instructions. The agent failed to follow the instruction to actually perform the search and count the articles. [model=Qwen/Qwen3.5-2B]",9097.4,False,,2,fcdcb46c7df316b571138b53bd3c822a|instruction_following|agent|2,,,original
Qwen/Qwen3.5-2B,fcdcb46c7df316b571138b53bd3c822a,reasoning_quality,agent,0.0,"The agent failed to execute the goal because it did not generate any output, resulting in a complete lack of reasoning steps. Consequently, the evaluation cannot assess the quality of the reasoning chain, leading to an incoherent response. [model=Qwen/Qwen3.5-2B]",4743.33,False,,0,fcdcb46c7df316b571138b53bd3c822a|reasoning_quality|agent|0,,,original
Qwen/Qwen3.5-2B,fcdcb46c7df316b571138b53bd3c822a,reasoning_quality,agent,0.75,"The agent's reasoning is logically sound and purposeful, as it systematically breaks down the task into identifying facts, planning a search strategy, and executing the search with verification. However, the final step where the tool is called appears to be a placeholder or error in the provided trace, as the actual execution logs and final answer are not clearly derived from the tool call itself in the trace, but rather seem to be pre-filled or inferred from the context of the previous steps. Despite this, the overall chain of thought demonstrates a clear understanding of the task requirements and the necessary steps to solve them. [model=Qwen/Qwen3.5-2B]",10312.0,False,,1,fcdcb46c7df316b571138b53bd3c822a|reasoning_quality|agent|1,,,original
Qwen/Qwen3.5-2B,fcdcb46c7df316b571138b53bd3c822a,reasoning_quality,agent,1.0,"The agent demonstrates logical progression by first identifying the necessary facts (task constraints) and then constructing a specific query strategy to retrieve the required data from the Arxiv database. It correctly identifies that the task requires both a database search and a subsequent verification step to check metadata for PostScript availability, which aligns with the available tools. The reasoning is sound and directly addresses the goal. [model=Qwen/Qwen3.5-2B]",7411.44,False,,2,fcdcb46c7df316b571138b53bd3c822a|reasoning_quality|agent|2,,,original
